time [s],Q(edd1:branch1) [C],I(edd1:branch1) conductive [A],V(n2) [V],V(n1) [V],I(v1) [A],I(edd1:branch1) total [A],I(r1) [A],V(edd1:branch1) [V]
0.0,0.0,0.0,0.0,0.0,0.0,0.0,0.0,0.0
2e-08,6.980401781380915e-14,6.980401781380915e-11,6.980401781380915e-08,0.0006283185290642905,-3.4902706947026486e-06,3.4902706947026486e-06,3.4902706947026486e-06,6.980401781380915e-08
2.1680146862135412e-08,7.61606857242782e-14,7.616068572427903e-11,7.616068572427904e-08,0.0006811018990019039,-3.783476323978776e-06,3.7834763239787754e-06,3.783476323978776e-06,7.616068572427904e-08
2.504044058640624e-08,8.985924637402223e-14,8.985924637402218e-11,8.985924637402217e-08,0.0007866686386435355,-4.3698821077620085e-06,4.369882107762009e-06,4.3698821077620085e-06,8.985924637402217e-08
3.176102803494789e-08,1.2316758636371684e-13,1.2316758636371668e-10,1.2316758636371668e-07,0.0009978021168277119,-5.542660829118601e-06,5.542660829118601e-06,5.542660829118601e-06,1.2316758636371668e-07
4.5202202932031196e-08,2.134278387683127e-13,2.1342783876831217e-10,2.1342783876831216e-07,0.0014200690674820693,-7.888086886907228e-06,7.888086886907228e-06,7.888086886907228e-06,2.1342783876831216e-07
7.208455272619781e-08,4.885122145918039e-13,4.885122145917991e-10,4.885122145917992e-07,0.0022646029353936203,-1.2578413462105714e-05,1.2578413462105713e-05,1.2578413462105714e-05,4.885122145917992e-07
1.2584925231453104e-07,1.4168531030836572e-12,1.416853103083579e-09,1.416853103083579e-06,0.003953670453298611,-2.1956964445530706e-05,2.1956964445530706e-05,2.1956964445530706e-05,1.416853103083579e-06
2.333786514911975e-07,4.785556687489426e-12,4.785556687487112e-09,4.785556687487112e-06,0.007331803942800643,-4.070565770062864e-05,4.070565770062864e-05,4.070565770062864e-05,4.785556687487112e-06
4.484374498445304e-07,1.7565717768810186e-11,1.7565717768711423e-08,1.7565717768711422e-05,0.014088059339492844,-7.816940900957851e-05,7.816940900957851e-05,7.816940900957851e-05,1.7565717768711422e-05
8.785550465511962e-07,6.72543986676361e-11,6.72543986624946e-08,6.725439866249461e-05,0.027600480627110107,-0.00015296236793582008,0.00015296236793582008,0.00015296236793582008,6.725439866249461e-05
1.7387902399645279e-06,2.628040936289921e-10,2.628040933332215e-07,0.0002628040933332215,0.054624619770885195,-0.00030201008709751097,0.00030201008709751097,0.00030201008709751097,0.0002628040933332215
3.459260626791191e-06,1.0358664444573845e-09,1.035866426624607e-06,0.001035866426624607,0.1086673211843879,-0.0005979525264320183,0.0005979525264320183,0.0005979525264320183,0.001035866426624607
5.459260626791191e-06,2.5685785392049553e-09,2.5685779346658057e-06,0.0025685779346658055,0.17147410021649542,-0.0009383640126768313,0.0009383640126768313,0.0009383640126768313,0.0025685779346658055
7.4592606267911914e-06,4.7744846228199445e-09,4.774478562086765e-06,0.004774478562086765,0.23425380150038794,-0.0012748851274350065,0.0012748851274350065,0.0012748851274350065,0.004774478562086765
9.459260626791191e-06,7.644462392651449e-09,7.644431882187775e-06,0.007644431882187774,0.2969965113934673,-0.0016075115528404417,0.0016075115528404417,0.0016075115528404417,0.007644431882187774
1.145926062679119e-05,1.1169399272410698e-08,1.1169292805337516e-05,0.011169292805337516,0.3596923220945048,-0.001936239051606485,0.001936239051606485,0.001936239051606485,0.011169292805337516
1.345926062679119e-05,1.5340192667141587e-08,1.5339897237997614e-05,0.015339897237997613,0.4223313332081979,-0.0022610635331677797,0.0022610635331677797,0.0022610635331677792,0.015339897237997613
1.545926062679119e-05,2.014775038216718e-08,2.0147050060422667e-05,0.020147050060422667,0.48490365330855745,-0.0025819811291563043,0.0025819811291563043,0.0025819811291563043,0.020147050060422667
1.7459260626791192e-05,2.558299122630062e-08,2.5581511689928616e-05,0.025581511689928615,0.5473994015008781,-0.002898988276727497,0.0028989882767274967,0.002898988276727497,0.025581511689928615
1.9459260626791193e-05,3.163684581619719e-08,3.163398348071145e-05,0.03163398348071145,0.6098087089820465,-0.0032120818083407505,0.0032120818083407505,0.0032120818083407505,0.03163398348071145
2.1459260626791195e-05,3.830025759548371e-08,3.8295092205311134e-05,0.03829509220531113,0.6721217205989398,-0.0035212590466312706,0.0035212590466312706,0.0035212590466312706,0.03829509220531113
2.3459260626791196e-05,4.5564184079088634e-08,4.5555373858274464e-05,0.04555537385827446,0.7343285964046684,-0.0038265179030355224,0.003826517903035523,0.003826517903035522,0.04555537385827446
2.5459260626791197e-05,5.341959833009631e-08,5.340525701928256e-05,0.05340525701928256,0.7964195132124176,-0.0041278569788507505,0.00412785697885075,0.0041278569788507505,0.05340525701928256
2.7459260626791198e-05,6.185749067333918e-08,6.183504601061529e-05,0.06183504601061529,0.8583846661466425,-0.004425275667422374,0.004425275667422374,0.004425275667422374,0.06183504601061529
2.94592606267912e-05,7.086887064683256e-08,7.083490408205074e-05,0.07083490408205073,0.9202142701913724,-0.004718774256162898,0.004718774256162898,0.004718774256162898,0.07083490408205073
3.14592606267912e-05,8.044476918917325e-08,8.039483685493941e-05,0.08039483685493942,0.9818985617353766,-0.00500835402711354,0.00500835402711354,0.00500835402711354,0.08039483685493942
3.34592606267912e-05,9.057624105793977e-08,9.05046762556554e-05,0.09050467625565539,1.0434278001139536,-0.005294017354768324,0.005294017354768324,0.005294017354768324,0.09050467625565539
3.54592606267912e-05,1.01254367471183e-07,0.00010115406516674974,0.10115406516674974,1.104792269147094,-0.005575767799890802,0.005575767799890802,0.005575767799890802,0.10115406516674974
3.74592606267912e-05,1.1247025896095631e-07,0.00011233244302117252,0.11233244302117251,1.1659822786737775,-0.005853610198070028,0.005853610198070028,0.005853610198070028,0.11233244302117251
3.94592606267912e-05,1.2421505842522235e-07,0.0001240290325611799,0.12402903256117992,1.2269881660821633,-0.0061275507417832414,0.0061275507417832414,0.0061275507417832414,0.12402903256117992
4.14592606267912e-05,1.364799443612351e-07,0.00013623282797742365,0.13623282797742364,1.2878002978354262,-0.006397597054766681,0.006397597054766682,0.006397597054766681,0.13623282797742364
4.3459260626791204e-05,1.4925613426092837e-07,0.00014893258463611735,0.14893258463611736,1.3484090709930068,-0.006663758257538275,0.006663758257538274,0.006663758257538275,0.14893258463611736
4.5459260626791205e-05,1.6253488814620925e-07,0.0001621168105919777,0.1621168105919777,1.4088049147270234,-0.006926045022972476,0.006926045022972477,0.006926045022972477,0.1621168105919777
4.7459260626791207e-05,1.763075122194187e-07,0.00017577376007156564,0.17577376007156564,1.46897829183362,-0.007184469620900302,0.007184469620900302,0.007184469620900302,0.17577376007156564
4.945926062679121e-05,1.9056536260194807e-07,0.00018989142909581425,0.18989142909581425,1.5289197002389998,-0.007439045950795475,0.007439045950795475,0.007439045950795475,0.18989142909581425
5.145926062679121e-05,2.052998491319631e-07,0.00020445755339158512,0.2044575533915851,1.5886196744999124,-0.007689789561712929,0.007689789561712929,0.0076897895617129295,0.2044575533915851
5.345926062679121e-05,2.2050243919033855e-07,0.00021945960871991876,0.21945960871991876,1.6480687872983577,-0.007936717658769105,0.007936717658769105,0.007936717658769106,0.21945960871991876
5.545926062679121e-05,2.3616466152225101e-07,0.00023488481372322534,0.23488481372322534,1.707257650930269,-0.008179849095594688,0.008179849095594688,0.008179849095594688,0.23488481372322534
5.745926062679121e-05,2.5227811002111135e-07,0.0002507201353658306,0.2507201353658306,1.7661769187879404,-0.008419204352345055,0.008419204352345055,0.008419204352345054,0.2507201353658306
5.9459260626791214e-05,2.6883444744011053e-07,0.00026695229701076715,0.26695229701076717,1.8248172868359622,-0.008654805499028861,0.008654805499028861,0.008654805499028861,0.26695229701076717
6.145926062679121e-05,2.8582540899707756e-07,0.00028356778914330526,0.28356778914330527,1.8831694950804394,-0.00888667614409519,0.00888667614409519,0.00888667614409519,0.28356778914330527
6.34592606267912e-05,3.0324280583772704e-07,0.0003005528827160997,0.3005528827160997,1.9412243290312503,-0.009114841368417503,0.009114841368417503,0.009114841368417503,0.3005528827160997
6.54592606267912e-05,3.21078528323384e-07,0.00031789364505524097,0.317893645055241,1.9989726211571206,-0.009339327645010442,0.009339327645010442,0.009339327645010442,0.317893645055241
6.745926062679119e-05,3.3932454911013443e-07,0.0003355759582298894,0.3355759582298894,2.0564052523332847,-0.009560162745018863,0.009560162745018863,0.009560162745018863,0.3355759582298894
6.945926062679119e-05,3.579729259878803e-07,0.0003535855397521275,0.3535855397521275,2.1135131532814992,-0.009777375630718734,0.009777375630718732,0.009777375630718732,0.3535855397521275
7.145926062679118e-05,3.770158044498762e-07,0.0003719079654389401,0.3719079654389401,2.1702873060021894,-0.009990996336462497,0.009990996336462499,0.009990996336462497,0.3719079654389401
7.345926062679117e-05,3.9644541996536243e-07,0.00039052869423505785,0.39052869423505787,2.226718745198492,-0.010201055838685746,0.010201055838685746,0.010201055838685746,0.39052869423505787
7.545926062679117e-05,4.16254099931291e-07,0.0004094330947660143,0.4094330947660143,2.2827985596919866,-0.010407585916255402,0.010407585916255402,0.010407585916255402,0.4094330947660143
7.745926062679116e-05,4.3643426528200025e-07,0.0004286064733641595,0.42860647336415947,2.3385178938298647,-0.010610619002587252,0.010610619002587252,0.010610619002587252,0.42860647336415947
7.945926062679116e-05,4.569784317390184e-07,0.00044803410328825397,0.448034103288254,2.3938679488833476,-0.010810188031083854,0.010810188031083856,0.010810188031083854,0.448034103288254
8.145926062679115e-05,4.778792106875116e-07,0.00046770125484079566,0.4677012548407957,2.4488399844371047,-0.01100632627553505,0.01100632627553505,0.01100632627553505,0.4677012548407957
8.345926062679115e-05,4.991293096693257e-07,0.00048759322607505595,0.48759322607505595,2.5034253197694643,-0.011199067187191158,0.011199067187191158,0.011199067187191158,0.48759322607505595
8.545926062679114e-05,5.207215324869269e-07,0.0005076953737780601,0.5076953737780601,2.5576153352232067,-0.011388444230250816,0.011388444230250816,0.011388444230250816,0.5076953737780601
8.745926062679114e-05,5.426487789164729e-07,0.000527993144415301,0.527993144415301,2.611401473566699,-0.011574490717507768,0.011574490717507768,0.011574490717507768,0.527993144415301
8.945926062679113e-05,5.649040440327089e-07,0.0005484721047287775,0.5484721047287775,2.6647752413451893,-0.011757239647868956,0.011757239647868956,0.011757239647868956,0.5484721047287775
9.145926062679112e-05,5.874804171515403e-07,0.0005691179716901068,0.5691179716901069,2.7177282102220164,-0.011936723547399497,0.011936723547399497,0.011936723547399497,0.5691179716901069
9.345926062679112e-05,6.103710804012015e-07,0.0005899166415276657,0.5899166415276658,2.7702520183095447,-0.012112974315454883,0.012112974315454883,0.012112974315454883,0.5899166415276658
9.545926062679111e-05,6.335693069349093e-07,0.0006108542175658336,0.6108542175658336,2.8223383714896015,-0.012286023077354269,0.012286023077354269,0.012286023077354267,0.6108542175658336
9.745926062679111e-05,6.570684588029706e-07,0.000631917036640628,0.6319170366406279,2.873979044723216,-0.012455900044903268,0.012455900044903268,0.012455900044903268,0.6319170366406279
9.94592606267911e-05,6.808619845032945e-07,0.000653091693881981,0.6530916938819811,2.9251658833494467,-0.012622634385930365,0.012622634385930365,0.012622634385930365,0.6530916938819811
0.0001014592606267911,7.049434162334625e-07,0.0006743650656846073,0.6743650656846074,2.9758908043730976,-0.012786254103824946,0.012786254103824946,0.012786254103824946,0.6743650656846074
0.00010345926062679109,7.29306366868777e-07,0.0006957243307203971,0.6957243307203971,3.0261457977411172,-0.01294678592789289,0.01294678592789289,0.01294678592789289,0.6957243307203971
0.00010545926062679108,7.539445266922323e-07,0.000717156988877698,0.7171569888776981,3.075922927607479,-0.01310425521516545,0.01310425521516545,0.01310425521516545,0.7171569888776981
0.00010745926062679108,7.788516599045961e-07,0.0007386508780463323,0.7386508780463323,3.1252143335863414,-0.013258685864111164,0.013258685864111164,0.013258685864111162,0.7386508780463323
0.00010945926062679107,8.040216009424806e-07,0.0007601941886980534,0.7601941886980534,3.174012231993297,-0.013410100240529133,0.013410100240529133,0.01341010024052913,0.7601941886980534
0.00011145926062679107,8.294482506338272e-07,0.0007817754762437184,0.7817754762437183,3.2223089170745034,-0.013558519115726586,0.013558519115726586,0.013558519115726584,0.7817754762437183
0.00011345926062679106,8.551255722190086e-07,0.000803383671175995,0.803383671175995,3.2700967622235138,-0.01370396161693066,0.01370396161693066,0.01370396161693066,0.803383671175995
0.00011545926062679106,8.810475872674687e-07,0.0008250080870345062,0.8250080870345062,3.3173682211856055,-0.01384644518972833,0.01384644518972833,0.01384644518972833,0.8250080870345062
0.00011745926062679105,9.072083715161008e-07,0.0008466384262512828,0.8466384262512827,3.364115829249419,-0.013985985572211868,0.013985985572211868,0.013985985572211868,0.8466384262512827
0.00011945926062679105,9.336020506585353e-07,0.0008682647839584104,0.8682647839584106,3.410332204425726,-0.014122596780373975,0.014122596780373975,0.014122596780373975,0.8682647839584106
0.00012145926062679104,9.60222796109311e-07,0.0008898776498539296,0.8898776498539296,3.456010048613129,-0.014256291104217778,0.014256291104217778,0.014256291104217776,0.8898776498539296
0.00012345926062679103,9.870648207693904e-07,0.0009114679082397803,0.9114679082397803,3.5011421487505174,-0.01438707911394854,0.014387079113948542,0.01438707911394854,0.9114679082397803
0.00012545926062679103,1.0141223748142881e-06,0.0009330268363539136,0.9330268363539136,3.54572137795609,-0.014514969675567646,0.014514969675567646,0.014514969675567646,0.9330268363539136
0.00012745926062679102,1.0413897415274957e-06,0.0009545461011296656,0.9545461011296656,3.589740696652777,-0.014639969975128397,0.014639969975128397,0.014639969975128397,0.9545461011296656
0.00012945926062679102,1.068861233197879e-06,0.0009760177545192135,0.9760177545192135,3.633193153679869,-0.014762085550892534,0.014762085550892534,0.014762085550892532,0.9760177545192135
0.000131459260626791,1.096531187099312e-06,0.0009974342275220973,0.9974342275220973,3.676071887390683,-0.014881320332603254,0.014881320332603254,0.014881320332603254,0.9974342275220973
0.000133459260626791,1.1243939615684493e-06,0.0010187883230599892,1.0187883230599892,3.718370126736101,-0.014997676687089512,0.014997676687089512,0.01499767668708951,1.0187883230599892
0.000135459260626791,1.1524439321940907e-06,0.001040073207837017,1.040073207837017,3.760081192333794,-0.01511115546942654,0.01511115546942654,0.015111155469426539,1.040073207837017
0.000137459260626791,1.1806754881312255e-06,0.0010612824033228566,1.0612824033228567,3.801198497522973,-0.015221756078889537,0.015221756078889537,0.015221756078889535,1.0612824033228567
0.000139459260626791,1.2090830285497973e-06,0.0010824097759900635,1.0824097759900635,3.841715549404501,-0.015329476518969098,0.015329476518969098,0.015329476518969098,1.0824097759900635
0.00014145926062679098,1.2376609592264962e-06,0.0011034495269311656,1.1034495269311657,3.8816259498662005,-0.015434313460750193,0.015434313460750193,0.015434313460750193,1.1034495269311657
0.00014345926062679098,1.266403689288364e-06,0.0011243961809756851,1.124396180975685,3.92092339659318,-0.015536262308986082,0.015536262308986082,0.015536262308986082,1.124396180975685
0.00014545926062679097,1.2953056281111879e-06,0.0011452445754163878,1.1452445754163878,3.959601684063051,-0.01563531727025924,0.01563531727025924,0.015635317270259238,1.1452445754163878
0.00014745926062679097,1.3243611823803267e-06,0.0011659898484504944,1.1659898484504945,3.99765470452585,-0.015731471422640864,0.015731471422640864,0.015731471422640864,1.1659898484504945
0.00014945926062679096,1.3535647533133651e-06,0.0011866274274279789,1.1866274274279789,4.035076448968521,-0.015824716786336346,0.015824716786336346,0.015824716786336346,1.1866274274279789
0.00015145926062679096,1.3829107340500386e-06,0.0012071530169958998,1.2071530169958997,4.071861008063809,-0.01591504439482172,0.01591504439482172,0.01591504439482172,1.2071530169958997
0.00015345926062679095,1.4123935072067674e-06,0.0012275625872140497,1.2275625872140496,4.108002573103414,-0.016002444366052027,0.016002444366052027,0.016002444366052027,1.2275625872140496
0.00015545926062679095,1.4420074425972072e-06,0.0012478523617125798,1.2478523617125798,4.1434954369152495,-0.016086905973348165,0.016086905973348165,0.016086905973348165,1.2478523617125798
0.00015745926062679094,1.4717468951185524e-06,0.0012680188059535028,1.2680188059535027,4.178333994764673,-0.01616841771561761,0.01616841771561761,0.01616841771561761,1.2680188059535027
0.00015945926062679093,1.5016062027991356e-06,0.0012880586156478768,1.288058615647877,4.21251274523954,-0.016246967386620348,0.016246967386620348,0.016246967386620348,1.288058615647877
0.00016145926062679093,1.5315796850077836e-06,0.001307968705377057,1.307968705377057,4.246026291118935,-0.016322542143010432,0.016322542143010432,0.016322542143010432,1.307968705377057
0.00016345926062679092,1.561661640818927e-06,0.001327746197455415,1.327746197455415,4.278869340225464,-0.016395128570944717,0.016395128570944717,0.016395128570944717,1.327746197455415
0.00016545926062679092,1.5918463475323403e-06,0.0013473884110692688,1.3473884110692689,4.311036706260945,-0.01646471275106487,0.01646471275106487,0.01646471275106487,1.3473884110692689
0.0001674592606267909,1.6221280593423382e-06,0.0013668928517183191,1.366892851718319,4.342523309625385,-0.01653128032170592,0.01653128032170592,0.01653128032170592,1.366892851718319
0.0001694592606267909,1.6525010061515303e-06,0.0013862572009810073,1.3862572009810075,4.373324178219107,-0.016594816540211665,0.016594816540211665,0.016594816540211665,1.3862572009810075
0.0001714592606267909,1.6829593925264264e-06,0.0014054793066218903,1.4054793066218902,4.403434448227907,-0.01665530634225565,0.01665530634225565,0.01665530634225565,1.4054793066218902
0.0001734592606267909,1.7134973967881536e-06,0.0014245571730522135,1.4245571730522135,4.4328493648911,-0.016712734399104923,0.016712734399104923,0.016712734399104923,1.4245571730522135
0.0001754592606267909,1.7441091702348358e-06,0.0014434889521532108,1.4434889521532108,4.461564283252357,-0.016767085172773033,0.016767085172773033,0.016767085172773033,1.4434889521532108
0.00017745926062679088,1.774788836489931e-06,0.0014622729344667426,1.4622729344667427,4.4895746688931935,-0.016818342969035838,0.016818342969035838,0.016818342969035838,1.4622729344667427
0.00017945926062679088,1.8055304909721187e-06,0.0014809075407557044,1.4809075407557044,4.5168760986490115,-0.01686649198829615,0.01686649198829615,0.01686649198829615,1.4809075407557044
0.00018145926062679087,1.8363282004800717e-06,0.001499391313932586,1.4993913139325858,4.543464261307564,-0.016911516374305435,0.016911516374305435,0.016911516374305435,1.4993913139325858
0.00018345926062679087,1.867176002889851e-06,0.00151772291135497,1.5177229113549702,4.569334958289748,-0.016953400260748763,0.016953400260748763,0.016953400260748763,1.5177229113549702
0.00018545926062679086,1.8980679069573958e-06,0.0015359010974815037,1.5359010974815037,4.594484104312605,-0.016992127815728342,0.016992127815728342,0.016992127815728342,1.5359010974815037
0.00018745926062679086,1.928997892222866e-06,0.0015539247368828377,1.5539247368828377,4.6189077280344435,-0.017027683284175588,0.017027683284175588,0.017027683284175588,1.5539247368828377
0.00018945926062679085,1.9599599090109945e-06,0.0015717927875990006,1.5717927875990005,4.642601972681948,-0.0170600510282386,0.0170600510282386,0.0170600510282386,1.5717927875990005
0.00019145926062679084,1.990947878522408e-06,0.0015895042948339997,1.5895042948339997,4.665563096659216,-0.017089215565695648,0.017089215565695648,0.017089215565695648,1.5895042948339997
0.00019345926062679084,2.0219556930146405e-06,0.0016070583849796388,1.6070583849796387,4.687787474138599,-0.017115161606438667,0.017115161606438667,0.017115161606438667,1.6070583849796387
0.00019545926062679083,2.0529772160633047e-06,0.0016244542599549402,1.6244542599549403,4.7092715956332585,-0.017137874087101768,0.017137874087101768,0.017137874087101768,1.6244542599549403
0.00019745926062679083,2.084006282902461e-06,0.0016416911918520221,1.641691191852022,4.73001206855136,-0.01715733820388521,0.01715733820388521,0.01715733820388521,1.641691191852022
0.00019945926062679082,2.1150367008403217e-06,0.0016587685178770216,1.6587685178770215,4.750005617731797,-0.017173539443637642,0.017173539443637642,0.017173539443637642,1.6587685178770215
0.00020145926062679082,2.146062249743773e-06,0.0016756856355729167,1.6756856355729166,4.769249085961382,-0.017186463613269254,0.017186463613269254,0.017186463613269254,1.6756856355729166
0.0002034592606267908,2.177076682590619e-06,0.0016924419983139307,1.6924419983139307,4.787739434473405,-0.017196096867552635,0.017196096867552635,0.017196096867552635,1.6924419983139307
0.0002054592606267908,2.208073726084237e-06,0.001709037111058729,1.7090371110587288,4.805473743427489,-0.017202425735382,0.017202425735382,0.017202425735382,1.7090371110587288
0.0002074592606267908,2.239047081326746e-06,0.0017254705263504216,1.7254705263504215,4.822449212370666,-0.017205437144556912,0.017205437144556912,0.017205437144556912,1.7254705263504215
0.0002094592606267908,2.269990424549681e-06,0.0017417418405529963,1.7417418405529963,4.838663160679605,-0.017205118445147827,0.017205118445147827,0.017205118445147827,1.7417418405529963
0.0002114592606267908,2.300897407895223e-06,0.0017578506903107069,1.7578506903107067,4.85411302798391,-0.017201457431517797,0.017201457431517797,0.017201457431517797,1.7578506903107067
0.00021345926062679078,2.331761660250454e-06,0.0017737967492221702,1.7737967492221705,4.868796374570433,-0.017194442363045903,0.017194442363045903,0.017194442363045903,1.7737967492221705
0.00021545926062679078,2.362576788123137e-06,0.0017895797247137173,1.7895797247137173,4.882710881768533,-0.017184061983637866,0.017184061983637866,0.017184061983637866,1.7895797247137173
0.00021745926062679077,2.3933363765670105e-06,0.0018051993551070913,1.8051993551070913,4.8958543523162215,-0.017170305540050723,0.017170305540050723,0.017170305540050723,1.8051993551070913
0.00021945926062679077,2.424033990144371e-06,0.0018206554068661864,1.8206554068661864,4.9082247107071355,-0.017153162799116384,0.017153162799116384,0.017153162799116384,1.8206554068661864
0.00022145926062679076,2.4546631739284118e-06,0.001835947672015597,1.835947672015597,4.919820003518283,-0.017132624063903812,0.017132624063903812,0.017132624063903812,1.835947672015597
0.00022345926062679075,2.4852174545436058e-06,0.0018510759657217495,1.8510759657217495,4.930638399718513,-0.017108680188870906,0.017108680188870906,0.017108680188870906,1.8510759657217495
0.00022545926062679075,2.5156903412364555e-06,0.0018660401240247673,1.8660401240247673,4.940678190957652,-0.01708132259407158,0.01708132259407158,0.01708132259407158,1.8660401240247673
0.00022745926062679074,2.5460753269833444e-06,0.0018808400017167974,1.8808400017167974,4.949937791836281,-0.017050543278441577,0.017050543278441577,0.017050543278441577,1.8808400017167974
0.00022945926062679074,2.57636588962202e-06,0.0018954754703527073,1.8954754703527072,4.95841574015608,-0.017016334832240965,0.017016334832240965,0.01701633483224096,1.8954754703527072
0.00023145926062679073,2.6065554930160356e-06,0.0019099464163908166,1.9099464163908166,4.966110697150729,-0.01697869044866618,0.01697869044866618,0.01697869044866618,1.9099464163908166
0.00023345926062679073,2.6366375882436235e-06,0.0019242527394526753,1.9242527394526752,4.973021447697318,-0.016937603934692458,0.016937603934692458,0.016937603934692458,1.9242527394526752
0.00023545926062679072,2.6666056148093703e-06,0.001938394350694783,1.9383943506947832,4.97914690050822,-0.01689306972118576,0.01689306972118576,0.01689306972118576,1.9383943506947832
0.00023745926062679072,2.6964530018809486e-06,0.0019523711712872485,1.9523711712872487,4.984486088303431,-0.016845082872312123,0.016845082872312123,0.016845082872312123,1.9523711712872487
0.0002394592606267907,2.7261731695453107e-06,0.0019661831309909054,1.9661831309909052,4.989038167963303,-0.0167936390942911,0.016793639094291102,0.0167936390942911,1.9661831309909052
0.0002414592606267907,2.755759530085064e-06,0.001979830166827778,1.979830166827778,4.992802420661688,-0.01673873474352172,0.01673873474352172,0.01673873474352172,1.979830166827778
0.0002434592606267907,2.7852054892742027e-06,0.001993312221839288,1.9933122218392878,4.9957782519794485,-0.016680366834112004,0.016680366834112004,0.016680366834112004,1.9933122218392878
0.0002454592606267907,2.814504447687327e-06,0.0020066292439245527,2.0066292439245528,4.997965191998323,-0.016618533044854278,0.016618533044854278,0.016618533044854278,2.0066292439245528
0.0002474592606267907,2.843649802029132e-06,0.002019781184757284,2.019781184757284,4.999362895375131,-0.016553231725654705,0.016553231725654705,0.016553231725654705,2.019781184757284
0.0002494592606267907,2.8726349464748125e-06,0.0020327679987725295,2.0327679987725293,4.999971141396305,-0.01648446190346542,0.01648446190346542,0.01648446190346542,2.0327679987725293
0.0002514592606267907,2.901453274025147e-06,0.002045589642220877,2.045589642220877,4.9997898340127485,-0.01641222328773262,0.01641222328773262,0.01641222328773262,2.045589642220877
0.0002534592606267907,2.930098177873588e-06,0.0020582460722849767,2.0582460722849767,4.998819001854999,-0.016336516275389013,0.016336516275389013,0.016336516275389013,2.0582460722849767
0.0002554592606267907,2.9585630527858557e-06,0.002070737246254877,2.070737246254877,4.997058798228709,-0.016257341955410176,0.016257341955410176,0.016257341955410176,2.070737246254877
0.0002574592606267907,2.986841296487225e-06,0.0020830631207565727,2.083063120756573,4.994509501090435,-0.0161747021129659,0.0161747021129659,0.0161747021129659,2.083063120756573
0.0002594592606267907,3.0149263110614895e-06,0.002095223651032255,2.0952236510322546,4.9911715130037475,-0.01608859923317496,0.01608859923317496,0.01608859923317496,2.0952236510322546
0.0002614592606267907,3.0428115043579715e-06,0.002107218790267547,2.107218790267547,4.987045361075662,-0.015999036504489528,0.015999036504489528,0.015999036504489528,2.107218790267547
0.00026345926062679067,3.07049029140498e-06,0.0021190484889621448,2.119048488962145,4.982131696873397,-0.01590601782172918,0.01590601782172918,0.01590601782172918,2.119048488962145
0.00026545926062679066,3.0979560958322034e-06,0.0021307126943421995,2.1307126943421997,4.976431296321494,-0.01580954778877386,0.01580954778877386,0.01580954778877386,2.1307126943421997
0.00026745926062679066,3.1252023512978133e-06,0.0021422113498100444,2.1422113498100446,4.96994505957928,-0.015709631720940198,0.015709631720940198,0.015709631720940198,2.1422113498100446
0.00026945926062679065,3.1522225029215348e-06,0.0021535443944293935,2.1535443944293933,4.962674010898728,-0.015606275647051858,0.01560627564705186,0.01560627564705186,2.1535443944293933
0.00027145926062679065,3.179010008722993e-06,0.0021647117624434514,2.164711762443452,4.954619298462712,-0.015499486311218114,0.015499486311218114,0.015499486311218114,2.164711762443452
0.00027345926062679064,3.205558341063336e-06,0.0021757133828229475,2.1757133828229476,4.9457821942037015,-0.015389271174337523,0.015389271174337527,0.015389271174337521,2.1757133828229476
0.00027545926062679064,3.2318609880912554e-06,0.0021865491788425643,2.186549178842564,4.9361640936028985,-0.015275638415335193,0.015275638415335191,0.015275638415335191,2.186549178842564
0.00027745926062679063,3.2579114551921947e-06,0.002197219067683378,2.1972190676833776,4.925766515469887,-0.015158596932147274,0.015158596932147272,0.015158596932147272,2.1972190676833776
0.0002794592606267906,3.2837032664389615e-06,0.00220772296005879,2.20772296005879,4.914591101702785,-0.015038156342466634,0.015038156342466635,0.015038156342466635,2.20772296005879
0.0002814592606267906,3.3092299660458377e-06,0.002218060759863179,2.218060759863179,4.902639617028977,-0.014914326984254435,0.014914326984254433,0.014914326984254433,2.218060759863179
0.0002834592606267906,3.334485119822443e-06,0.0022282323638401413,2.2282323638401413,4.889913948726439,-0.014787119916034985,0.014787119916034985,0.014787119916034985,2.2282323638401413
0.0002854592606267906,3.359462316630263e-06,0.0022382376612700883,2.2382376612700883,4.876416106325716,-0.01465654691697571,0.01465654691697571,0.01465654691697571,2.2382376612700883
0.0002874592606267906,3.3841551698390633e-06,0.0022480765336746547,2.248076533674655,4.862148221292595,-0.014522620486766334,0.014522620486766336,0.014522620486766336,2.248076533674655
0.0002894592606267906,3.408557318782938e-06,0.0022577488545365556,2.2577488545365556,4.847112546691522,-0.014385353845305371,0.014385353845305371,0.014385353845305371,2.2577488545365556
0.0002914592606267906,3.432662430216946e-06,0.002267254489034044,2.267254489034044,4.831311456829815,-0.01424476093219873,0.01424476093219873,0.01424476093219873,2.267254489034044
0.0002934592606267906,3.4564641997721448e-06,0.0022765932937879674,2.2765932937879674,4.814747446882737,-0.014100856406082052,0.014100856406082052,0.014100856406082052,2.2765932937879674
0.0002954592606267906,3.4799563534116695e-06,0.0022857651166213826,2.2857651166213824,4.797423132499471,-0.013953655643767158,0.01395365564376716,0.01395365564376716,2.2857651166213824
0.0002974592606267906,3.503132648881704e-06,0.002294769796328294,2.2947697963282945,4.779341249390091,-0.013803174739232205,0.013803174739232205,0.013803174739232205,2.2947697963282945
0.00029945926062679057,3.5259868771648973e-06,0.0023036071624535624,2.303607162453562,4.760504652893551,-0.013649430502444384,0.013649430502444382,0.013649430502444382,2.303607162453562
0.00030145926062679056,3.5485128639276186e-06,0.0023122770350796594,2.31227703507966,4.740916317526798,-0.013492440458039656,0.013492440458039656,0.013492440458039656,2.31227703507966
0.00030345926062679056,3.570704470969812e-06,0.002320779224622912,2.320779224622912,4.720579336515062,-0.013332222843845278,0.013332222843845276,0.013332222843845276,2.320779224622912
0.00030545926062679055,3.5925555976666614e-06,0.0023291135316341684,2.3291135316341682,4.699496921303399,-0.013168796609273501,0.013168796609273503,0.013168796609273503,2.3291135316341682
0.00030745926062679055,3.6140601824112934e-06,0.002337279746606784,2.337279746606784,4.677672401049566,-0.013002181413571014,0.013002181413571012,0.013002181413571012,2.337279746606784
0.00030945926062679054,3.6352122040523955e-06,0.0023452776497887963,2.3452776497887964,4.655109222098307,-0.012832397623941725,0.012832397623941727,0.012832397623941727,2.3452776497887964
0.00031145926062679054,3.656005683329111e-06,0.002353107010999547,2.3531070109995467,4.631810947437143,-0.012659466313542202,0.0126594663135422,0.0126594663135422,2.3531070109995467
0.00031345926062679053,3.6764346843012736e-06,0.002360767589449365,2.360767589449365,4.607781256133721,-0.012483409259357533,0.012483409259357536,0.012483409259357531,2.360767589449365
0.0003154592606267905,3.6964933157777733e-06,0.0023682591335627665,2.3682591335627663,4.58302394275486,-0.012304248939956075,0.012304248939956075,0.012304248939956075,2.3682591335627663
0.0003174592606267905,3.7161757327365067e-06,0.002375581380802112,2.375581380802112,4.557542916767341,-0.01212200853314016,0.01212200853314016,0.01212200853314016,2.375581380802112
0.0003194592606267905,3.735476137744572e-06,0.0023827340574944502,2.38273405749445,4.53134220192055,-0.011936711913478334,0.011936711913478337,0.011936711913478332,2.38273405749445
0.0003214592606267905,3.754388782371807e-06,0.0023897168786583974,2.3897168786583975,4.50442593561109,-0.011748383649737182,0.011748383649737182,0.011748383649737182,2.3897168786583975
0.0003234592606267905,3.77290796859744e-06,0.0023965295478304985,2.3965295478304984,4.476798368229436,-0.01155704900221632,0.011557049002216324,0.011557049002216319,2.3965295478304984
0.0003254592606267905,3.7910280502148225e-06,0.0024031717568924254,2.4031717568924256,4.448463862488745,-0.01136273391997955,0.01136273391997955,0.01136273391997955,2.4031717568924256
0.0003274592606267905,3.808743434229944e-06,0.0024096431858969406,2.4096431858969405,4.419426892735937,-0.011165465037994426,0.011165465037994426,0.011165465037994426,2.4096431858969405
0.0003294592606267905,3.826048582253521e-06,0.002415943502892109,2.415943502892109,4.389692044245146,-0.010965269674183542,0.010965269674183542,0.010965269674183542,2.415943502892109
0.0003314592606267905,3.842938011887129e-06,0.0024220723637435135,2.4220723637435135,4.359264012493643,-0.01076217582638961,0.010762175826389608,0.010762175826389608,2.4220723637435135
0.0003334592606267905,3.859406298107302e-06,0.002428029411955464,2.428029411955464,4.328147602420376,-0.010556212169249513,0.010556212169249513,0.010556212169249513,2.428029411955464
0.00033545926062679047,3.875448074637311e-06,0.00243381427848705,2.4338142784870502,4.296347727667207,-0.010347408051000873,0.010347408051000873,0.010347408051000873,2.4338142784870502
0.00033745926062679046,3.891058035318471e-06,0.0024394265815669593,2.439426581566959,4.263869409802998,-0.01013579349020022,0.010135793490200218,0.010135793490200218,2.439426581566959
0.00033945926062679046,3.906230935472632e-06,0.002444865926503618,2.444865926503618,4.230717777530638,-0.009921399172372336,0.009921399172372336,0.009921399172372336,2.444865926503618
0.00034145926062679045,3.920961593259775e-06,0.002450131905491709,2.450131905491709,4.196898065877171,-0.009704256446585903,0.009704256446585902,0.009704256446585902,2.450131905491709
0.00034345926062679045,3.9352448910251225e-06,0.0024552240974126676,2.4552240974126676,4.162415615367115,-0.009484397321969151,0.009484397321969151,0.009484397321969151,2.4552240974126676
0.00034545926062679044,3.949075776646632e-06,0.0024601420676326874,2.4601420676326873,4.1272758711791395,-0.009261854464146957,0.009261854464146957,0.009261854464146957,2.4601420676326873
0.00034745926062679043,3.962449264867007e-06,0.002464885367792177,2.464885367792177,4.091484382286205,-0.009036661191633487,0.009036661191633488,0.009036661191633488,2.464885367792177
0.00034945926062679043,3.97536043862712e-06,0.002469453535592347,2.469453535592347,4.055046800579316,-0.008808851472149826,0.008808851472149826,0.008808851472149826,2.469453535592347
0.0003514592606267904,3.987804450387941e-06,0.002473846094573934,2.4738460945739336,4.017968879975023,-0.008578459918894945,0.008578459918894943,0.008578459918894943,2.4738460945739336
0.0003534592606267904,3.999776523445258e-06,0.0024780625538892375,2.478062553889238,3.9802564755068093,-0.008345521786764286,0.008345521786764287,0.008345521786764286,2.478062553889238
0.0003554592606267904,4.011271953238934e-06,0.0024821024080677223,2.482102408067722,3.9419155424005146,-0.008110072968515514,0.008110072968515514,0.008110072968515514,2.482102408067722
0.0003574592606267904,4.022286108653179e-06,0.0024859651367735345,2.485965136773535,3.9029521351339405,-0.00787214999089114,0.007872149990891142,0.007872149990891142,2.485965136773535
0.0003594592606267904,4.032814433313606e-06,0.0024896502045566268,2.489650204556627,3.863372406480772,-0.007631790010689697,0.0076317900106896985,0.007631790010689696,2.489650204556627
0.0003614592606267904,4.0428524468699405e-06,0.0024931570605931496,2.4931570605931497,3.823182606538988,-0.007389030810810214,0.007389030810810215,0.007389030810810213,2.4931570605931497
0.0003634592606267904,4.052395746277902e-06,0.002496485138419514,2.496485138419514,3.7823890817438914,-0.0071439107962465425,0.007143910796246544,0.007143910796246542,2.496485138419514
0.0003654592606267904,4.061440007070314e-06,0.0024996338556561967,2.499633855656197,3.7409982738659417,-0.006896468990054139,0.006896468990054139,0.006896468990054139,2.499633855656197
0.0003674592606267904,4.0699809846198744e-06,0.0025026026137217688,2.5026026137217685,3.699016718993523,-0.006646745029287525,0.006646745029287526,0.006646745029287524,2.5026026137217685
0.0003694592606267904,4.078014515398922e-06,0.0025053907975385653,2.5053907975385656,3.656451046500811,-0.006394779160901363,0.006394779160901365,0.006394779160901362,2.5053907975385656
0.00037145926062679037,4.085536518224678e-06,0.0025079977752255804,2.50799777522558,3.6133079780009316,-0.0061406122376408395,0.006140612237640841,0.006140612237640841,2.50799777522558
0.00037345926062679036,4.092542995503256e-06,0.002510422897782755,2.5104228977827554,3.5695943262845327,-0.0058842857138987625,0.0058842857138987625,0.0058842857138987625,2.5104228977827554
0.00037545926062679036,4.099030034462364e-06,0.002512665498762723,2.512665498762723,3.525316994243961,-0.005625841641562435,0.005625841641562435,0.005625841641562435,2.512665498762723
0.00037745926062679035,4.104993808376844e-06,0.0025147248939309686,2.5147248939309685,3.4804829737832277,-0.005365322665845882,0.005365322665845884,0.005365322665845884,2.5147248939309685
0.00037945926062679035,4.1104305777890645e-06,0.002516600380914638,2.516600380914638,3.435099344713895,-0.005102772021106981,0.005102772021106983,0.005102772021106983,2.516600380914638
0.00038145926062679034,4.115336691716969e-06,0.0025182912388369955,2.5182912388369956,3.3891732736370974,-0.004838233526667233,0.004838233526667235,0.004838233526667232,2.5182912388369956
0.00038345926062679033,4.119708588859546e-06,0.002519796727940407,2.519796727940407,3.342712012811851,-0.004571751582619132,0.004571751582619132,0.004571751582619132,2.519796727940407
0.00038545926062679033,4.123542798790526e-06,0.0025211160891941246,2.5211160891941247,3.2957228990098346,-0.004303371165642831,0.004303371165642833,0.004303371165642833,2.5211160891941247
0.0003874592606267903,4.1268359431481135e-06,0.0025222485438890405,2.5222485438890403,3.2482133523568315,-0.004033137824821063,0.004033137824821065,0.004033137824821062,2.5222485438890403
0.0003894592606267903,4.129584736813104e-06,0.002523193293216164,2.5231932932161643,3.200190875161007,-0.003761097677471348,0.003761097677471348,0.003761097677471348,2.5231932932161643
0.0003914592606267903,4.131785989084475e-06,0.0025239495178314064,2.523949517831406,3.151663050728205,-0.0034872974049822147,0.0034872974049822147,0.0034872974049822147,2.523949517831406
0.0003934592606267903,4.133436604842811e-06,0.0025245163774026843,2.5245163774026844,3.102637542164458,-0.003211784248676519,0.003211784248676519,0.003211784248676519,2.5245163774026844
0.0003954592606267903,4.134533585709944e-06,0.0025248930101416343,2.5248930101416343,3.0531220911658856,-0.002934606005690286,0.002934606005690288,0.0029346060056902857,2.5248930101416343
0.0003974592606267903,4.1350740311981286e-06,0.002525078532316928,2.525078532316928,3.0031245167962064,-0.00265581102488488,0.00265581102488488,0.00265581102488488,2.525078532316928
0.0003994592606267903,4.135055139855591e-06,0.002525072037750877,2.525072037750877,2.9526527142519994,-0.002375448202784014,0.002375448202784014,0.002375448202784014,2.525072037750877
0.0004014592606267903,4.134474210403157e-06,0.0025248725972967585,2.5248725972967585,2.9017146536159757,-0.002093566979551209,0.002093566979551209,0.0020935669795512065,2.5248725972967585
0.0004034592606267903,4.1333286428615615e-06,0.0025244792582959884,2.5244792582959885,2.850318378598402,-0.0018102173350134088,0.0018102173350134088,0.0018102173350134088,2.5244792582959885
0.00040545926062679027,4.131615939679199e-06,0.0025238910440176874,2.523891044017687,2.7984720052669116,-0.0015254497847179138,0.0015254497847179138,0.0015254497847179138,2.523891044017687
0.00040745926062679027,4.1293337068428694e-06,0.0025231069530738436,2.523106953073844,2.7461837207648703,-0.0012393153760612563,0.0012393153760612563,0.0012393153760612563,2.523106953073844
0.00040945926062679026,4.126479654991589e-06,0.0025221259588161017,2.5221259588161016,2.693461782018549,-0.000951865684458042,0.000951865684458042,0.000951865684458042,2.5221259588161016
0.00041145926062679026,4.123051600518046e-06,0.0025209470087079753,2.5209470087079753,2.640314514433247,-0.0006631528095848438,0.0006631528095848438,0.0006631528095848438,2.5209470087079753
0.00041345926062679025,4.119047466667014e-06,0.002519569023674774,2.519569023674774,2.586750310578622,-0.00037322937168804415,0.00037322937168804415,0.00037322937168804415,2.519569023674774
0.00041545926062679024,4.114465284625402e-06,0.002517990897428422,2.5179908974284224,2.5327776288633927,-8.214850797205742e-05,8.214850797205742e-05,8.214850797205742e-05,2.5179908974284224
0.00041745926062679024,4.109303194609325e-06,0.0025162114957680104,2.5162114957680104,2.4784049921996787,0.00021003613093517615,-0.00021003613093517615,-0.00021003613093517615,2.5162114957680104
0.00041945926062679023,4.103559446942603e-06,0.0025142296558530912,2.514229655853091,2.4236409866571123,0.0005032703844221054,-0.0005032703844221054,-0.0005032703844221054,2.514229655853091
0.00042145926062679023,4.097232403131203e-06,0.002512044185450176,2.5120441854501756,2.368494260107015,0.0007974995852397804,-0.0007974995852397804,-0.0007974995852397804,2.5120441854501756
0.0004234592606267902,4.090320536936048e-06,0.0025096538621520955,2.5096538621520956,2.31297352085679,0.0010926685627516974,-0.0010926685627516974,-0.0010926685627516974,2.5096538621520956
0.0004254592606267902,4.082822435432444e-06,0.0025070574325649787,2.5070574325649786,2.2570875362747844,0.0013887216460566343,-0.0013887216460566343,-0.0013887216460566343,2.5070574325649786
0.0004274592606267902,4.0747368000753756e-06,0.002504253611468212,2.504253611468212,2.2008451314058104,0.0016856026670133417,-0.0016856026670133417,-0.0016856026670133417,2.504253611468212
0.0004294592606267902,4.06606244775276e-06,0.0025012410809399054,2.5012410809399057,2.144255187577583,0.001983254963124015,-0.001983254963124015,-0.001983254963124015,2.5012410809399057
0.0004314592606267902,4.05679831183903e-06,0.002498018489450736,2.498018489450736,2.0873266409982403,0.002281621380291643,-0.002281621380291643,-0.002281621380291643,2.498018489450736
0.0004334592606267902,4.046943443242424e-06,0.002494584450922452,2.494584450922452,2.030068481345226,0.0025806442754290337,-0.0025806442754290337,-0.0025806442754290337,2.494584450922452
0.0004354592606267902,4.036497011454022e-06,0.0024909375437523387,2.4909375437523384,1.972489750345707,0.0028802655189257287,-0.0028802655189257287,-0.00288026551892573,2.4909375437523384
0.0004374592606267902,4.025458305584248e-06,0.0024870763097970946,2.4870763097970947,1.9145995403487837,0.003180426496935061,-0.0031804264969350626,-0.0031804264969350613,2.4870763097970947
0.0004394592606267902,4.013826735410749e-06,0.0024829992533228163,2.4829992533228165,1.8564069928896954,0.0034810681135173382,-0.0034810681135173382,-0.0034810681135173395,2.4829992533228165
0.00044145926062679017,4.001601832411728e-06,0.0024787048399103665,2.4787048399103666,1.797921297246277,0.0037821307925782754,-0.0037821307925782754,-0.0037821307925782754,2.4787048399103666
0.00044345926062679017,3.988783250804103e-06,0.00247419149532107,2.4741914953210697,1.739151688987861,0.004083554479628937,-0.004083554479628937,-0.004083554479628937,2.4741914953210697
0.00044545926062679016,3.975370768581537e-06,0.0024694576043191923,2.4694576043191923,1.6801074485168657,0.004385278643346259,-0.004385278643346258,-0.004385278643346259,2.4694576043191923
0.00044745926062679016,3.961364288547338e-06,0.0024645015094474816,2.4645015094474814,1.620797899603326,0.0046872422769119754,-0.004687242276911974,-0.004687242276911974,2.4645015094474814
0.00044945926062679015,3.946763839352299e-06,0.002459321509757306,2.4593215097573062,1.561232407912556,0.004989383899137502,-0.004989383899137501,-0.004989383899137502,2.4593215097573062
0.00045145926062679014,3.93156957652832e-06,0.0024539158594880555,2.4539158594880552,1.501420379526194,0.0052916415553436735,-0.0052916415553436735,-0.0052916415553436735,2.4539158594880552
0.00045345926062679014,3.915781783528811e-06,0.002448282766697489,2.4482827666974893,1.4413712594568875,0.005593952818003343,-0.005593952818003345,-0.005593952818003344,2.4482827666974893
0.00045545926062679013,3.899400872764981e-06,0.0024424203918369234,2.442420391836923,1.3810945301568074,0.0058962547871117535,-0.005896254787111754,-0.005896254787111754,2.442420391836923
0.00045745926062679013,3.882427386649594e-06,0.0024363268462729414,2.4363268462729417,1.3205997100202618,0.006198484090292667,-0.006198484090292666,-0.006198484090292666,2.4363268462729417
0.0004594592606267901,3.864861998639724e-06,0.0024300001907502002,2.4300001907502002,1.2598963518806263,0.006500576882608744,-0.006500576882608744,-0.006500576882608744,2.4300001907502002
0.0004614592606267901,3.846705514286476e-06,0.002423438433795554,2.423438433795554,1.1989940415018452,0.00680246884607616,-0.0068024688460761595,-0.006802468846076161,2.423438433795554
0.0004634592606267901,3.8279588722876426e-06,0.002416639530059434,2.4166395300594337,1.137902396064731,0.0071040951888594606,-0.0071040951888594606,-0.00710409518885946,2.4166395300594337
0.0004654592606267901,3.8086231455459295e-06,0.002409601378592621,2.409601378592621,1.076631062648295,0.007405390644135147,-0.007405390644135146,-0.007405390644135146,2.409601378592621
0.0004674592606267901,3.7886995422335986e-06,0.002402321821055877,2.402321821055877,1.0151897167063637,0.00770628946860841,-0.007706289468608407,-0.007706289468608409,2.402321821055877
0.0004694592606267901,3.7681894068633867e-06,0.0023947986398593834,2.3947986398593835,0.953588060539714,0.00800672544066483,-0.00800672544066483,-0.00800672544066483,2.3947986398593835
0.0004714592606267901,3.7470942213686272e-06,0.002387029556229991,2.387029556229991,0.8918358217639595,0.00830663185814462,-0.00830663185814462,-0.00830663185814462,2.387029556229991
0.0004734592606267901,3.7254156061904206e-06,0.002379012228202308,2.379012228202308,0.8299427517734619,0.008605941535715813,-0.008605941535715811,-0.008605941535715813,2.379012228202308
0.0004754592606267901,3.7031553213763185e-06,0.0023707442485319816,2.3707442485319814,0.7679186242014553,0.008904586801836256,-0.008904586801836256,-0.008904586801836256,2.3707442485319814
0.00047745926062679007,3.680315267687734e-06,0.0023622231425267652,2.3622231425267652,0.7057732333766924,0.009202499495278182,-0.009202499495278182,-0.009202499495278182,2.3622231425267652
0.00047945926062679007,3.6568974877229303e-06,0.002353446365794435,2.353446365794435,0.6435163927767963,0.009499610961209106,-0.009499610961209104,-0.009499610961209104,2.353446365794435
0.00048145926062679006,3.632904167047635e-06,0.002344411301901046,2.344411301901046,0.5811579334786042,0.009795852046791342,-0.009795852046791342,-0.009795852046791342,2.344411301901046
0.00048345926062679005,3.6083376353422543e-06,0.002335115259939185,2.3351152599391853,0.5187077026057173,0.010091153096297045,-0.010091153096297045,-0.010091153096297045,2.3351152599391853
0.00048545926062679005,3.583200367568548e-06,0.002325555472003628,2.3255554720036278,0.4561755617735385,0.010385443945722718,-0.010385443945722717,-0.010385443945722718,2.3255554720036278
0.00048745926062679004,3.5574949851434215e-06,0.0023157290905659535,2.315729090565954,0.39357138553200066,0.010678653916855296,-0.010678653916855296,-0.010678653916855296,2.315729090565954
0.00048945926062679,3.5312242571395702e-06,0.002305633185751705,2.305633185751705,0.3309050598062654,0.010970711810807998,-0.010970711810807998,-0.010970711810807998,2.305633185751705
0.0004914592606267901,3.5043911014992633e-06,0.0022952647425110817,2.2952647425110815,0.2681864803356113,0.011261545900974834,-0.011261545900974834,-0.011261545900974834,2.2952647425110815
0.0004934592606267901,3.4769985862727616e-06,0.0022846206576836426,2.2846206576836425,0.20542555111079372,0.011551083925404715,-0.011551083925404715,-0.011551083925404715,2.2846206576836425
0.0004954592606267902,3.449049930873966e-06,0.0022736977369503374,2.2736977369503375,0.1426321828100894,0.011839253078556934,-0.011839253078556933,-0.011839253078556933,2.2736977369503375
0.0004974592606267902,3.420548507364336e-06,0.0022624926916732777,2.2624926916732777,0.07981629123427245,0.012125980002438919,-0.012125980002438919,-0.012125980002438919,2.2624926916732777
0.0004994592606267903,3.3914978417573984e-06,0.002251002135616584,2.251002135616584,0.01698779574080979,0.012411190777087635,-0.012411190777087633,-0.012411190777087633,2.251002135616584
0.0005014592606267903,3.361901615353291e-06,0.0022392225815483398,2.23922258154834,-0.045843382322526896,0.012694810910393704,-0.012694810910393706,-0.012694810910393706,2.23922258154834
0.0005034592606267904,3.3317636660962604e-06,0.002227150437717462,2.2271504377174622,-0.10866732118436151,0.012976765327232354,-0.012976765327232354,-0.012976765327232354,2.2271504377174622
0.0005054592606267904,3.3010879899691323e-06,0.0022147820042077997,2.2147820042077995,-0.1714741002164718,0.013256978357912619,-0.013256978357912619,-0.013256978357912619,2.2147820042077995
0.0005074592606267905,3.2698787424118367e-06,0.0022021134691614895,2.2021134691614894,-0.23425380150036482,0.01353537372589919,-0.013535373725899191,-0.013535373725899191,2.2021134691614894
0.0005094592606267905,3.2381402397771743e-06,0.0021891409048742593,2.189140904874259,-0.29699651139344474,0.013811874534820578,-0.013811874534820578,-0.013811874534820578,2.189140904874259
0.0005114592606267906,3.205876960818923e-06,0.0021758602637587305,2.1758602637587305,-0.35969232209448504,0.014086403254740087,-0.014086403254740087,-0.014086403254740087,2.1758602637587305
0.0005134592606267906,3.1730935482183867e-06,0.0021622673741767524,2.162267374176752,-0.4223313332081787,0.014358881707694062,-0.01435888170769406,-0.01435888170769406,2.162267374176752
0.0005154592606267907,3.1397948101480347e-06,0.002148357936139545,2.148357936139545,-0.48490365330854096,0.014629231052489367,-0.014629231052489367,-0.014629231052489367,2.148357936139545
0.0005174592606267907,3.105985721873955e-06,0.002134127516876526,2.134127516876526,-0.5473994015008621,0.014897371768763268,-0.014897371768763268,-0.014897371768763268,2.134127516876526
0.0005194592606267908,3.0716714274016346e-06,0.0021195715462759405,2.1195715462759406,-0.6098087089820332,0.015163223640322078,-0.015163223640322077,-0.015163223640322077,2.1195715462759406
0.0005214592606267908,3.036857241165081e-06,0.0021046853121998626,2.1046853121998623,-0.672121720598927,0.015426705737771051,-0.015426705737771051,-0.015426705737771051,2.1046853121998623
0.0005234592606267909,3.001548649758869e-06,0.002089463955677415,2.0894639556774153,-0.7343285964046562,0.015687736400455954,-0.015687736400455954,-0.015687736400455954,2.0894639556774153
0.0005254592606267909,2.9657513137187925e-06,0.0020739024659844336,2.0739024659844336,-0.796419513212408,0.01594623321776023,-0.01594623321776023,-0.01594623321776023,2.0739024659844336
0.000527459260626791,2.9294710693501033e-06,0.002057995675617129,2.057995675617129,-0.8583846661466334,0.01620211300979868,-0.01620211300979868,-0.01620211300979868,2.057995675617129
0.000529459260626791,2.8927139306018235e-06,0.002041738255169512,2.041738255169512,-0.9202142701913683,0.016455291807560446,-0.016455291807560446,-0.016455291807560446,2.041738255169512
0.0005314592606267911,2.8554860909980726e-06,0.0020251247081326967,2.025124708132697,-0.9818985617353708,0.016705684832600376,-0.016705684832600376,-0.016705684832600376,2.025124708132697
0.0005334592606267911,2.81779392561569e-06,0.002008149365628295,2.0081493656282947,-1.0434278001139483,0.016953206476345795,-0.016953206476345795,-0.016953206476345795,2.0081493656282947
0.0005354592606267912,2.7796439931134167e-06,0.0019908063810988963,1.9908063810988963,-1.1047922691470913,0.017197770279144375,-0.017197770279144375,-0.017197770279144375,1.9908063810988963
0.0005374592606267912,2.7410430378187686e-06,0.0019730897249839213,1.9730897249839214,-1.1659822786737755,0.017439288909209427,-0.017439288909209427,-0.017439288909209427,1.9730897249839214
0.0005394592606267913,2.7019979918636087e-06,0.0019549931794078,1.9549931794078,-1.226988166082166,0.017677674141610922,-0.017677674141610922,-0.017677674141610922,1.9549931794078
0.0005414592606267913,2.6625159773721348e-06,0.0019365103329193087,1.936510332919309,-1.2878002978354275,0.017912836837526314,-0.017912836837526314,-0.017912836837526314,1.936510332919309
0.0005434592606267914,2.6226043087026478e-06,0.0019176345753273583,1.9176345753273585,-1.3484090709930128,0.018144686924002063,-0.018144686924002063,-0.018144686924002063,1.9176345753273585
0.0005454592606267914,2.582270494735954e-06,0.0018983590926830252,1.8983590926830252,-1.4088049147270298,0.018373133374500306,-0.018373133374500306,-0.018373133374500306,1.8983590926830252
0.0005474592606267914,2.541522241215618e-06,0.0018786768624732054,1.8786768624732053,-1.4689782918336247,0.0185980841905935,-0.0185980841905935,-0.0185980841905935,1.8786768624732053
0.0005494592606267915,2.5003674531283837e-06,0.001858580649094763,1.858580649094763,-1.528919700239009,0.01881944638518762,-0.01881944638518762,-0.01881944638518762,1.858580649094763
0.0005514592606267915,2.458814237126577e-06,0.0018380629996973944,1.8380629996973943,-1.58861967449992,0.019037125967762858,-0.019037125967762858,-0.019037125967762858,1.8380629996973943
0.0005534592606267916,2.416870903986485e-06,0.0018171162404949548,1.817116240494955,-1.64806878729837,0.01925102793218514,-0.01925102793218514,-0.01925102793218514,1.817116240494955
0.0005554592606267916,2.3745459710924196e-06,0.0017957324736601952,1.7957324736601952,-1.7072576509302817,0.019461056247724873,-0.019461056247724873,-0.019461056247724873,1.7957324736601952
0.0005574592606267917,2.331848164941925e-06,0.0017739035749405373,1.7739035749405372,-1.7661769187879552,0.01966711385404718,-0.01966711385404718,-0.01966711385404718,1.7739035749405372
0.0005594592606267917,2.2887864236597662e-06,0.0017516211921515868,1.751621192151587,-1.8248172868359778,0.019869102661042026,-0.019869102661042026,-0.019869102661042026,1.751621192151587
0.0005614592606267918,2.2453698995073087e-06,0.0017288767447305685,1.7288767447305684,-1.8831694950804534,0.020066923554505678,-0.020066923554505678,-0.020066923554505678,1.7288767447305684
0.0005634592606267918,2.2016079613748165e-06,0.001705661424562147,1.705661424562147,-1.941224329031269,0.020260476408852313,-0.020260476408852313,-0.020260476408852313,1.705661424562147
0.0005654592606267919,2.157510197234902e-06,0.0016819661983182674,1.6819661983182674,-1.9989726211571401,0.02044966010819671,-0.02044966010819671,-0.02044966010819671,1.6819661983182674
0.0005674592606267919,2.1130864165392855e-06,0.0016577818115940724,1.6577818115940723,-2.0564052523333065,0.020634372577374327,-0.020634372577374327,-0.020634372577374327,1.6577818115940723
0.000569459260626792,2.068346652530597e-06,0.001633098795160119,1.633098795160119,-2.1135131532815215,0.02081451082467578,-0.02081451082467578,-0.02081451082467578,1.633098795160119
0.000571459260626792,2.0233011644385794e-06,0.0016079074736987668,1.6079074736987669,-2.1702873060022116,0.02098997099833877,-0.02098997099833877,-0.02098997099833877,1.6079074736987669
0.0005734592606267921,1.977960439529914e-06,0.0015821979774476827,1.5821979774476826,-2.226718745198518,0.02116064845914556,-0.02116064845914556,-0.02116064845914556,1.5821979774476826
0.0005754592606267921,1.932335194964438e-06,0.001555960257225972,1.5559602572259719,-2.2827985596920124,0.02132643787176658,-0.02132643787176658,-0.02132643787176658,1.5559602572259719
0.0005774592606267922,1.8864363794142959e-06,0.0015291841033886163,1.5291841033886162,-2.3385178938298927,0.021487233317880605,-0.021487233317880605,-0.021487233317880605,1.5291841033886162
0.0005794592606267922,1.8402751743891027e-06,0.0015018591693228061,1.501859169322806,-2.3938679488833765,0.021642928434478792,-0.021642928434478792,-0.021642928434478792,1.501859169322806
0.0005814592606267923,1.7938629952038982e-06,0.0014739750001783727,1.4739750001783727,-2.4488399844371354,0.021793416581197267,-0.021793416581197267,-0.021793416581197267,1.4739750001783727
0.0005834592606267923,1.7472114915139303e-06,0.001445521067606215,1.4455210676062151,-2.5034253197694962,0.021938591040976174,-0.021938591040976174,-0.021938591040976174,1.4455210676062151
0.0005854592606267924,1.7003325473351685e-06,0.0014164868113706803,1.4164868113706803,-2.5576153352232383,0.022078345258855103,-0.022078345258855103,-0.022078345258855103,1.4164868113706803
0.0005874592606267924,1.6532382804518367e-06,0.0013868616887915048,1.3868616887915048,-2.611401473566733,0.02221257312421243,-0.02221257312421243,-0.02221257312421243,1.3868616887915048
0.0005894592606267925,1.6059410411035424e-06,0.001356635233068519,1.356635233068519,-2.6647752413452235,0.02234116930229857,-0.02234116930229857,-0.02234116930229857,1.356635233068519
0.0005914592606267925,1.558453409825146e-06,0.0013257971216333912,1.325797121633391,-2.717728210222053,0.022464029621419135,-0.022464029621419135,-0.02246402962141913,1.325797121633391
0.0005934592606267926,1.5107881943036134e-06,0.0012943372557659989,1.2943372557659991,-2.7702520183095816,0.022581051522642115,-0.022581051522642115,-0.022581051522642115,1.2943372557659991
0.0005954592606267926,1.4629584250931834e-06,0.0012622458527878516,1.2622458527878515,-2.8223383714896406,0.0226921345793194,-0.0226921345793194,-0.0226921345793194,1.2622458527878515
0.0005974592606267927,1.4149773500148131e-06,0.0012295135522068922,1.229513552206892,-2.8739790447232547,0.022797181094056373,-0.022797181094056373,-0.022797181094056373,1.229513552206892
0.0005994592606267927,1.366858427050395e-06,0.001196131537222943,1.1961315372229433,-2.925165883349486,0.022896096780957942,-0.022896096780957942,-0.02289609678095794,1.1961315372229433
0.0006014592606267928,1.3186153155182435e-06,0.0011620916729926881,1.162091672992688,-2.9758908043731385,0.02298879154092126,-0.02298879154092126,-0.022988791540921257,1.162091672992688
0.0006034592606267928,1.270261865303884e-06,0.0011273866629951715,1.1273866629951717,-3.026145797741159,0.02307518033742406,-0.02307518033742406,-0.02307518033742406,1.1273866629951717
0.0006054592606267929,1.2218121038992642e-06,0.0010920102247016623,1.0920102247016623,-3.075922927607522,0.02315518417949547,-0.02315518417949547,-0.02315518417949547,1.0920102247016623
0.0006074592606267929,1.1732802209922666e-06,0.001055957285527208,1.055957285527208,-3.1252143335863853,0.02322873121729774,-0.023228731217297738,-0.02322873121729774,1.055957285527208
0.000609459260626793,1.1246805503359265e-06,0.0010192241996931362,1.0192241996931362,-3.174012231993344,0.023295757953813778,-0.023295757953813778,-0.023295757953813778,1.0192241996931362
0.000611459260626793,1.0760275486228559e-06,0.0009818089861391474,0.9818089861391472,-3.2223089170745487,0.023356210573409423,-0.02335621057340942,-0.023356210573409423,0.9818089861391472
0.000613459260626793,1.027335771092048e-06,0.0009437115869600328,0.943711586960033,-3.2700967622235595,0.023410046384353293,-0.02341004638435329,-0.023410046384353293,0.943711586960033
0.0006154592606267931,9.78619843608125e-07,0.0009049341449819898,0.9049341449819899,-3.3173682211856543,0.023457235367598025,-0.02345723536759803,-0.02345723536759803,0.9049341449819899
0.0006174592606267931,9.29894430979386e-07,0.000865481298015855,0.865481298015855,-3.364115829249466,0.023497761818140672,-0.023497761818140672,-0.023497761818140672,0.865481298015855
0.0006194592606267932,8.811742013192366e-07,0.0008253604860141572,0.8253604860141572,-3.4103322044257767,0.023531626057999633,-0.023531626057999633,-0.023531626057999633,0.8253604860141572
0.0006214592606267932,8.324737863180541e-07,0.0007845822658261975,0.7845822658261974,-3.456010048613178,0.023558846191329863,-0.023558846191329863,-0.023558846191329863,0.7845822658261974
0.0006234592606267933,7.838077373718367e-07,0.000743160626508064,0.7431606265080641,-3.5011421487505654,0.023579459862547943,-0.023579459862547947,-0.023579459862547947,0.7431606265080641
0.0006254592606267933,7.351904776186428e-07,0.0007011132962619194,0.7011132962619193,-3.5457213779561414,0.023593525967878115,-0.023593525967878115,-0.023593525967878115,0.7011132962619193
0.0006274592606267934,6.866362500643489e-07,0.0006584620301423554,0.6584620301423554,-3.5897406966528274,0.02360112625997324,-0.023601126259973237,-0.02360112625997324,0.6584620301423554
0.0006294592606267934,6.381590621335241e-07,0.000615232865809356,0.615232865809356,-3.6331931536799216,0.02360236677494043,-0.02360236677494043,-0.023602366774940434,0.615232865809356
0.0006314592606267935,5.897726271575598e-07,0.0005714563330056528,0.5714563330056528,-3.6760718873907354,0.023597379002202157,-0.023597379002202157,-0.023597379002202157,0.5714563330056528
0.0006334592606267935,5.414903035096771e-07,0.000527167601312156,0.527167601312156,-3.718370126736155,0.023586320711379505,-0.023586320711379505,-0.02358632071137951,0.527167601312156
0.0006354592606267936,4.933250322985667e-07,0.000482406550325476,0.48240655032547597,-3.760081192333847,0.02356937634810735,-0.02356937634810735,-0.02356937634810735,0.48240655032547597
0.0006374592606267936,4.4528927473935256e-07,0.0004372177469640385,0.4372177469640386,-3.8011984975230257,0.023546756913817024,-0.023546756913817024,-0.023546756913817024,0.4372177469640386
0.0006394592606267937,3.9739495050797995e-07,0.00039165031635296857,0.39165031635296854,-3.8417155494045545,0.023518699254208464,-0.023518699254208464,-0.023518699254208464,0.39165031635296854
0.0006414592606267937,3.496533785433796e-07,0.00034575769581447524,0.34575769581447524,-3.881625949866253,0.023485464698226266,-0.023485464698226266,-0.02348546469822627,0.34575769581447524
0.0006434592606267938,3.0207522186942976e-07,0.0002995972659253532,0.2995972659253532,-3.920923396593235,0.023447337013992157,-0.023447337013992153,-0.023447337013992157,0.2995972659253532
0.0006454592606267938,2.546704380516129e-07,0.0002532298582711596,0.2532298582711596,-3.959601684063106,0.02340461967963481,-0.02340461967963481,-0.023404619679634812,0.2532298582711596
0.0006474592606267939,2.0744823686401122e-07,0.00020671914611705938,0.20671914611705944,-3.9976547045259068,0.023357632503572034,-0.023357632503572034,-0.023357632503572034,0.20671914611705944
0.0006494592606267939,1.6041704661520808e-07,0.00016013093124704448,0.16013093124704447,-4.035076448968574,0.02330670766786455,-0.02330670766786455,-0.02330670766786455,0.16013093124704447
0.000651459260626794,1.1358449036272963e-07,0.00011353234707002624,0.11353234707002624,-4.071861008063863,0.023252185306299383,-0.023252185306299383,-0.023252185306299383,0.11353234707002624
0.000653459260626794,6.695737294327035e-08,6.699100406154823e-05,0.06699100406154823,-4.1080025731034695,0.023194408762027878,-0.023194408762027878,-0.023194408762027878,0.06699100406154823
0.0006554592606267941,2.0541896222929645e-08,2.054102953402115e-05,0.02054102953402115,-4.1434954369153045,0.023133535924718476,-0.023133535924718476,-0.023133535924718476,0.02054102953402115
0.0006574592606267941,-2.5656984232840716e-08,-2.565200380656485e-05,-0.02565200380656485,-4.1783339947647296,0.023070455505323138,-0.023070455505323138,-0.023070455505323138,-0.02565200380656485
0.0006594592606267942,-7.163509900686273e-08,-7.162433575286808e-05,-0.07162433575286808,-4.212512745239592,0.02300493560825958,-0.02300493560825958,-0.02300493560825958,-0.07162433575286808
0.0006614592606267942,-1.1738859926086573e-07,-0.00011728158851609295,-0.11728158851609294,-4.246026291118987,0.02293747057001608,-0.022937470570016077,-0.02293747057001608,-0.11728158851609294
0.0006634592606267943,-1.6291457161637813e-07,-0.00016256638381753418,-0.1625663838175342,-4.278869340225518,0.022868349757822135,-0.022868349757822135,-0.022868349757822135,-0.1625663838175342
0.0006654592606267943,-2.0821076963407668e-07,-0.00020742548338667356,-0.20742548338667355,-4.311036706260999,0.022797840127079583,-0.022797840127079583,-0.022797840127079586,-0.20742548338667355
0.0006674592606267944,-2.5327555800167663e-07,-0.00025181020281481284,-0.2518102028148128,-4.34252330962544,0.022726183926725707,-0.022726183926725707,-0.022726183926725707,-0.2518102028148128
0.0006694592606267944,-2.9810785204092795e-07,-0.0002956767130995272,-0.29567671309952726,-4.373324178219161,0.022653597028442413,-0.022653597028442413,-0.022653597028442413,-0.29567671309952726
0.0006714592606267945,-3.427070541198123e-07,-0.00033898621253273473,-0.33898621253273475,-4.40343444822796,0.02258026797608459,-0.02258026797608459,-0.02258026797608459,-0.33898621253273475
0.0006734592606267945,-3.870729886175454e-07,-0.0003817049768999388,-0.38170497689993876,-4.432849364891152,0.022506357711062297,-0.022506357711062297,-0.022506357711062297,-0.38170497689993876
0.0006754592606267946,-4.3120583695483916e-07,-0.00042380430058260287,-0.4238043005826029,-4.461564283252407,0.022431999903721137,-0.022431999903721134,-0.022431999903721137,-0.4238043005826029
0.0006774592606267946,-4.7510607401697356e-07,-0.00046526034430054787,-0.46526034430054786,-4.489574668893245,0.02235730180329276,-0.02235730180329276,-0.02235730180329276,-0.46526034430054786
0.0006794592606267947,-5.187744070787612e-07,-0.0005060539069026557,-0.5060539069026557,-4.516876098649062,0.02228234550970226,-0.02228234550970226,-0.022282345509702258,-0.5060539069026557
0.0006814592606267947,-5.622117181110832e-07,-0.0005461701389763878,-0.5461701389763878,-4.543464261307614,0.022207189568506813,-0.022207189568506813,-0.022207189568506813,-0.5461701389763878
0.0006834592606267948,-6.054190101194322e-07,-0.0005855982153419732,-0.5855982153419732,-4.569334958289796,0.022131870794154573,-0.022131870794154573,-0.022131870794154573,-0.5855982153419732
0.0006854592606267948,-6.483973579512434e-07,-0.000624330982013126,-0.624330982013126,-4.594484104312655,0.022056406234997383,-0.022056406234997383,-0.022056406234997383,-0.624330982013126
0.0006874592606267949,-6.911478638175195e-07,-0.0006623645912226293,-0.6623645912226293,-4.618907728034492,0.021980795204510354,-0.02198079520451035,-0.02198079520451035,-0.6623645912226293
0.0006894592606267949,-7.336716176104637e-07,-0.0006996981358786489,-0.6996981358786489,-4.642601972681995,0.021905021315574147,-0.021905021315574147,-0.021905021315574147,-0.6996981358786489
0.000691459260626795,-7.759696619649839e-07,-0.0007363332925398286,-0.7363332925398285,-4.6655630966592625,0.02182905446733019,-0.02182905446733019,-0.02182905446733019,-0.7363332925398285
0.000693459260626795,-8.180429619061412e-07,-0.0007722739798233461,-0.7722739798233462,-4.687787474138643,0.021752852746196094,-0.021752852746196094,-0.021752852746196094,-0.7722739798233462
0.000695459260626795,-8.59892378848861e-07,-0.0008075260371937807,-0.8075260371937807,-4.709271595633303,0.0216763642135529,-0.0216763642135529,-0.0216763642135529,-0.8075260371937807
0.0006974592606267951,-9.015186486599559e-07,-0.0008420969273716622,-0.8420969273716623,-4.730012068551403,0.02159952856210967,-0.02159952856210967,-0.02159952856210967,-0.8420969273716623
0.0006994592606267951,-9.429223634613801e-07,-0.0008759954641790606,-0.8759954641790606,-4.750005617731839,0.021522278630848768,-0.021522278630848768,-0.021522278630848768,-0.8759954641790606
0.0007014592606267952,-9.841039568363472e-07,-0.0009092315664952575,-0.9092315664952575,-4.769249085961423,0.02144454177481203,-0.02144454177481203,-0.02144454177481203,-0.9092315664952575
0.0007034592606267952,-1.0250636920974657e-06,-0.000941816038112401,-0.941816038112401,-4.787739434473445,0.02136624109089469,-0.02136624109089469,-0.02136624109089469,-0.941816038112401
0.0007054592606267953,-1.0658016532820628e-06,-0.000973760372626479,-0.973760372626479,-4.805473743427528,0.02128729650445027,-0.02128729650445027,-0.02128729650445027,-0.973760372626479
0.0007074592606267953,-1.1063177385558786e-06,-0.0010050765820423643,-1.0050765820423644,-4.822449212370704,0.02120762572404633,-0.02120762572404633,-0.02120762572404633,-1.0050765820423644
0.0007094592606267954,-1.146611655723789e-06,-0.001035777047473302,-1.0357770474733021,-4.838663160679641,0.021127145073368547,-0.021127145073368547,-0.021127145073368547,-1.0357770474733021
0.0007114592606267954,-1.186682919569712e-06,-0.0010658743901476174,-1.0658743901476173,-4.854113027983945,0.02104577021020182,-0.02104577021020182,-0.02104577021020182,-1.0658743901476173
0.0007134592606267955,-1.2265308507716963e-06,-0.0010953813608658863,-1.0953813608658862,-4.868796374570466,0.02096341674280322,-0.02096341674280322,-0.02096341674280322,-1.0953813608658862
0.0007154592606267955,-1.2661545761615608e-06,-0.0011243107460555235,-1.1243107460555235,-4.882710881768565,0.020880000753961344,-0.020880000753961347,-0.020880000753961344,-1.1243107460555235
0.0007174592606267956,-1.3055530301235877e-06,-0.0011526752886280357,-1.1526752886280356,-4.8958543523162525,0.020795439242712318,-0.02079543924271232,-0.020795439242712318,-1.1526752886280356
0.0007194592606267956,-1.3447249569488577e-06,-0.0011804876219368694,-1.1804876219368694,-4.908224710707165,0.020709650493168308,-0.020709650493168308,-0.020709650493168308,-1.1804876219368694
0.0007214592606267957,-1.383668913984105e-06,-0.0012077602152502766,-1.2077602152502767,-4.919820003518311,0.020622554379266855,-0.020622554379266855,-0.020622554379266855,-1.2077602152502767
0.0007234592606267957,-1.42238327543242e-06,-0.0012345053292808369,-1.2345053292808368,-4.930638399718538,0.020534072613542786,-0.020534072613542786,-0.020534072613542786,-1.2345053292808368
0.0007254592606267958,-1.4608662366834836e-06,-0.0012607349804478992,-1.2607349804478991,-4.9406781909576765,0.02044412894727654,-0.02044412894727654,-0.02044412894727654,-1.2607349804478991
0.0007274592606267958,-1.4991158190663058e-06,-0.0012864609126805632,-1.286460912680563,-4.9499377918363034,0.020352649328643002,-0.020352649328643002,-0.020352649328643002,-1.286460912680563
0.0007294592606267959,-1.5371298749313794e-06,-0.0013116945756959663,-1.3116945756959666,-4.9584157401561,0.02025956202477852,-0.02025956202477852,-0.02025956202477852,-1.3116945756959666
0.0007314592606267959,-1.5749060929846506e-06,-0.0013364471088098781,-1.3364471088098782,-4.966110697150748,0.020164797713004834,-0.020164797713004834,-0.020164797713004834,-1.3364471088098782
0.000733459260626796,-1.6124420038051423e-06,-0.0013607293294470235,-1.3607293294470235,-4.9730214476973345,0.02006828954583506,-0.02006828954583506,-0.02006828954583506,-1.3607293294470235
0.000735459260626796,-1.6497349854897305e-06,-0.0013845517256222157,-1.3845517256222157,-4.979146900508235,0.01996997319381122,-0.01996997319381122,-0.01996997319381122,-1.3845517256222157
0.0007374592606267961,-1.6867822693759128e-06,-0.0014079244517553296,-1.4079244517553295,-4.984486088303444,0.019869786869711747,-0.019869786869711747,-0.019869786869711747,-1.4079244517553295
0.0007394592606267961,-1.7235809458037935e-06,-0.0014308573272684476,-1.4308573272684475,-4.989038167963314,0.019767671337193704,-0.019767671337193704,-0.019767671337193704,-1.4308573272684475
0.0007414592606267962,-1.7601279698827532e-06,-0.001453359837486385,-1.453359837486385,-4.992802420661697,0.01966356990652951,-0.01966356990652951,-0.01966356990652951,-1.453359837486385
0.0007434592606267962,-1.7964201672351555e-06,-0.0014754411364285823,-1.4754411364285822,-4.995778251979456,0.019557428419727074,-0.019557428419727074,-0.019557428419727074,-1.4754411364285822
0.0007454592606267963,-1.8324542396943433e-06,-0.0014971100511384971,-1.4971100511384972,-4.997965191998328,0.01944919522699906,-0.01944919522699906,-0.01944919522699906,-1.4971100511384972
0.0007474592606267963,-1.8682267709390865e-06,-0.001518375087248062,-1.518375087248062,-4.999362895375134,0.01933882115626151,-0.01933882115626151,-0.01933882115626151,-1.518375087248062
0.0007494592606267964,-1.9037342320496787e-06,-0.001539244435518986,-1.5392444355189863,-4.999971141396306,0.01922625947709622,-0.01922625947709622,-0.01922625947709622,-1.5392444355189863
0.0007514592606267964,-1.9389729869725565e-06,-0.0015597259791406836,-1.5597259791406834,-4.999789834012748,0.019111465860400356,-0.019111465860400356,-0.019111465860400356,-1.5597259791406834
0.0007534592606267965,-1.973939297886995e-06,-0.0015798273016007097,-1.5798273016007096,-4.998819001854995,0.018994398334746032,-0.018994398334746032,-0.018994398334746032,-1.5798273016007096
0.0007554592606267965,-2.008629330465507e-06,-0.0015995556949702171,-1.599555694970217,-4.997058798228703,0.01887501724032492,-0.01887501724032492,-0.01887501724032492,-1.599555694970217
0.0007574592606267966,-2.0430391590235387e-06,-0.001618918168473345,-1.6189181684733454,-4.994509501090426,0.018753285181206003,-0.018753285181206003,-0.018753285181206003,-1.6189181684733454
0.0007594592606267966,-2.077164771555616e-06,-0.001637921457231065,-1.637921457231065,-4.991171513003737,0.018629166976514844,-0.018629166976514844,-0.018629166976514844,-1.637921457231065
0.0007614592606267966,-2.1110020746548207e-06,-0.0016565720310876505,-1.6565720310876504,-4.987045361075648,0.01850262961104443,-0.01850262961104443,-0.01850262961104443,-1.6565720310876504
0.0007634592606267967,-2.1445468983169996e-06,-0.001674876103445797,-1.674876103445797,-4.982131696873382,0.018373642185708805,-0.018373642185708805,-0.018373642185708805,-1.674876103445797
0.0007654592606267967,-2.177795000627308e-06,-0.0016928396400472982,-1.692839640047298,-4.9764312963214765,0.01824217586818988,-0.01824217586818988,-0.01824217586818988,-1.692839640047298
0.0007674592606267968,-2.2107420723319946e-06,-0.0017104683676503621,-1.7104683676503623,-4.96994505957926,0.01810820384404943,-0.01810820384404943,-0.01810820384404943,-1.7104683676503623
0.0007694592606267968,-2.2433837412943602e-06,-0.0017277677825619283,-1.7277677825619282,-4.962674010898704,0.017971701268537643,-0.017971701268537643,-0.017971701268537643,-1.7277677825619282
0.0007714592606267969,-2.275715576840591e-06,-0.0017447431589951111,-1.744743158995111,-4.954619298462687,0.01783264521926431,-0.01783264521926431,-0.01783264521926431,-1.744743158995111
0.0007734592606267969,-2.307733093993426e-06,-0.0017613995572245357,-1.7613995572245358,-4.945782194203672,0.017691014649884092,-0.017691014649884096,-0.017691014649884092,-1.7613995572245358
0.000775459260626797,-2.3394317575995476e-06,-0.0017777418315224195,-1.7777418315224196,-4.936164093602867,0.017546790344891372,-0.017546790344891372,-0.017546790344891372,-1.7777418315224196
0.000777459260626797,-2.3708069863506678e-06,-0.0017937746378599176,-1.7937746378599178,-4.925766515469852,0.017399954875610746,-0.017399954875610746,-0.017399954875610746,-1.7937746378599178
0.0007794592606267971,-2.40185415670445e-06,-0.0018095024413656376,-1.8095024413656375,-4.914591101702747,0.017250492557428387,-0.017250492557428387,-0.017250492557428387,-1.8095024413656375
0.0007814592606267971,-2.432568606705308e-06,-0.001824929523533399,-1.8249295235333989,-4.902639617028937,0.017098389408308545,-0.017098389408308545,-0.017098389408308545,-1.8249295235333989
0.0007834592606267972,-2.4629456397093844e-06,-0.0018400599891764536,-1.8400599891764537,-4.889913948726397,0.016943633108610797,-0.0169436331086108,-0.016943633108610797,-1.8400599891764537
0.0007854592606267972,-2.492980528018154e-06,-0.0018548977731277388,-1.854897773127739,-4.876416106325669,0.016786212962210723,-0.016786212962210723,-0.016786212962210723,-1.854897773127739
0.0007874592606267973,-2.5226685164194293e-06,-0.0018694466466848407,-1.8694466466848407,-4.862148221292546,0.0166261198589317,-0.0166261198589317,-0.0166261198589317,-1.8694466466848407
0.0007894592606267973,-2.5520048256462712e-06,-0.0018837102238058376,-1.8837102238058376,-4.847112546691471,0.016463346238253518,-0.016463346238253518,-0.016463346238253518,-1.8837102238058376
0.0007914592606267974,-2.580984655747852e-06,-0.0018976919670552128,-1.8976919670552128,-4.831311456829761,0.016297886054303046,-0.016297886054303046,-0.016297886054303046,-1.8976919670552128
0.0007934592606267974,-2.6096031893838965e-06,-0.0019113951933088567,-1.9113951933088567,-4.814747446882679,0.016129734742076792,-0.016129734742076796,-0.016129734742076792,-1.9113951933088567
0.0007954592606267975,-2.637855595038249e-06,-0.001924823079219995,-1.924823079219995,-4.79742313249941,0.01595888918488564,-0.01595888918488564,-0.01595888918488564,-1.924823079219995
0.0007974592606267975,-2.665737030160405e-06,-0.0019379786664550842,-1.9379786664550842,-4.779341249390027,0.015785347682971906,-0.015785347682971906,-0.015785347682971906,-1.9379786664550842
0.0007994592606267976,-2.693242644233429e-06,-0.0019508648667040786,-1.9508648667040784,-4.7605046528934825,0.015609109923274467,-0.015609109923274467,-0.015609109923274467,-1.9508648667040784
0.0008014592606267976,-2.7203675817739356e-06,-0.001963484466473363,-1.9634844664733633,-4.740916317526728,0.015430176950296472,-0.01543017695029647,-0.01543017695029647,-1.9634844664733633
0.0008034592606267977,-2.7471069852641766e-06,-0.001975840131667187,-1.9758401316671872,-4.72057933651499,0.01524855113804335,-0.015248551138043354,-0.015248551138043348,-1.9758401316671872
0.0008054592606267977,-2.7734559980214634e-06,-0.0019879344119660383,-1.9879344119660383,-4.699496921303322,0.015064236162984912,-0.015064236162984912,-0.015064236162984912,-1.9879344119660383
0.0008074592606267978,-2.7994097670056224e-06,-0.001999769745008341,-1.999769745008341,-4.6776724010494855,0.014877236978006357,-0.014877236978006358,-0.014877236978006358,-1.999769745008341
0.0008094592606267978,-2.8249634455654994e-06,-0.002011348460382071,-2.011348460382071,-4.655109222098223,0.014687559787311955,-0.014687559787311955,-0.014687559787311955,-2.011348460382071
0.0008114592606267979,-2.8501121961311167e-06,-0.0020226727834353913,-2.0226727834353913,-4.631810947437057,0.014495212022231476,-0.014495212022231474,-0.014495212022231474,-2.0226727834353913
0.0008134592606267979,-2.874851192849063e-06,-0.002033744838911197,-2.033744838911197,-4.607781256133631,0.014300202317902412,-0.01430020231790241,-0.01430020231790241,-2.033744838911197
0.000815459260626798,-2.8991756241642492e-06,-0.0020445666544129343,-2.044566654412934,-4.583023942754767,0.014102540490787963,-0.014102540490787963,-0.014102540490787963,-2.044566654412934
0.000817459260626798,-2.923080695353857e-06,-0.002055140163710095,-2.055140163710095,-4.557542916767244,0.013902237516984162,-0.013902237516984162,-0.013902237516984162,-2.055140163710095
0.0008194592606267981,-2.9465616310085924e-06,-0.002065467209886819,-2.065467209886819,-4.531342201920449,0.013699305511297942,-0.013699305511297943,-0.013699305511297943,-2.065467209886819
0.0008214592606267981,-2.969613677468558e-06,-0.0020755495483423935,-2.0755495483423934,-4.504425935610988,0.01349375770704775,-0.013493757707047749,-0.013493757707047749,-2.0755495483423934
0.0008234592606267982,-2.992232105214319e-06,-0.0020853888496491653,-2.0853888496491653,-4.476798368229328,0.01328560843655646,-0.013285608436556462,-0.013285608436556462,-2.0853888496491653
0.0008254592606267982,-3.014412211211103e-06,-0.0020949867022721077,-2.0949867022721076,-4.448463862488634,0.013074873112314034,-0.013074873112314034,-0.013074873112314034,-2.0949867022721076
0.0008274592606267983,-3.0361493212149686e-06,-0.0021043446151588546,-2.1043446151588547,-4.4194268927358245,0.012861568208760943,-0.012861568208760943,-0.012861568208760943,-2.1043446151588547
0.0008294592606267983,-3.0574387920328863e-06,-0.002113464020201418,-2.113464020201418,-4.389692044245027,0.012645711244686718,-0.01264571124468672,-0.01264571124468672,-2.113464020201418
0.0008314592606267984,-3.0782760137494217e-06,-0.0021223462745796774,-2.1223462745796775,-4.359264012493521,0.012427320766188023,-0.012427320766188021,-0.012427320766188021,-2.1223462745796775
0.0008334592606267984,-3.0986564119079626e-06,-0.002130992662985765,-2.130992662985765,-4.328147602420252,0.012206416330191594,-0.012206416330191594,-0.012206416330191594,-2.130992662985765
0.0008354592606267984,-3.118575449663853e-06,-0.0021394043997410113,-2.1394043997410117,-4.29634772766708,0.01198301848847816,-0.011983018488478159,-0.011983018488478159,-2.1394043997410117
0.0008374592606267985,-3.1380286298939554e-06,-0.0021475826308027654,-2.1475826308027655,-4.263869409802866,0.011757148772222782,-0.01175714877222278,-0.01175714877222278,-2.1475826308027655
0.0008394592606267985,-3.1570114972769456e-06,-0.002155528435671027,-2.1555284356710267,-4.2307177775305025,0.01152882967699709,-0.011528829676997088,-0.011528829676997088,-2.1555284356710267
0.0008414592606267986,-3.1755196403369696e-06,-0.00216324282919535,-2.16324282919535,-4.196898065877032,0.011298084648231566,-0.011298084648231566,-0.011298084648231566,-2.16324282919535
0.0008434592606267986,-3.193548693459868e-06,-0.0021707267632893406,-2.1707267632893403,-4.162415615366973,0.011064938067097959,-0.011064938067097962,-0.011064938067097957,-2.1707267632893403
0.0008454592606267987,-3.211094338872062e-06,-0.00217798112855183,-2.1779811285518305,-4.127275871178994,0.010829415236817576,-0.010829415236817574,-0.010829415236817574,-2.1779811285518305
0.0008474592606267987,-3.2281523085938684e-06,-0.0021850067558027942,-2.185006755802794,-4.091484382286055,0.010591542369351448,-0.010591542369351448,-0.010591542369351448,-2.185006755802794
0.0008494592606267988,-3.24471838636253e-06,-0.0021918044175349128,-2.1918044175349127,-4.055046800579163,0.010351346572468056,-0.010351346572468056,-0.010351346572468056,-2.1918044175349127
0.0008514592606267988,-3.2607884095253205e-06,-0.0021983748292837414,-2.1983748292837415,-4.017968879974866,0.010108855837172916,-0.010108855837172914,-0.010108855837172914,-2.1983748292837415
0.0008534592606267989,-3.2763582709076035e-06,-0.002204718650921104,-2.204718650921104,-3.980256475506648,0.009864099025475246,-0.009864099025475248,-0.009864099025475246,-2.204718650921104
0.0008554592606267989,-3.2914239206526998e-06,-0.0022108364878728783,-2.210836487872878,-3.941915542400351,0.009617105858485964,-0.009617105858485964,-0.009617105858485962,-2.210836487872878
0.000857459260626799,-3.305981368035845e-06,-0.002216728892264447,-2.216728892264447,-3.9029521351337717,0.009367906904829582,-0.009367906904829582,-0.009367906904829582,-2.216728892264447
0.000859459260626799,-3.320026683254142e-06,-0.0022223963639967726,-2.2223963639967725,-3.8633724064806008,0.009116533569354601,-0.009116533569354601,-0.009116533569354601,-2.2223963639967725
0.0008614592606267991,-3.3335559991895074e-06,-0.002227839351753919,-2.2278393517539192,-3.8231826065388126,0.008863018082138296,-0.008863018082138296,-0.008863018082138296,-2.2278393517539192
0.0008634592606267991,-3.3465655131537873e-06,-0.00223305825394768,-2.23305825394768,-3.7823890817437134,0.008607393487755743,-0.008607393487755743,-0.008607393487755742,-2.23305825394768
0.0008654592606267992,-3.359051488602999e-06,-0.0022380534195958063,-2.2380534195958064,-3.7409982738657583,0.008349693634833066,-0.008349693634833066,-0.008349693634833066,-2.2380534195958064
0.0008674592606267992,-3.371010256834823e-06,-0.002242825149141248,-2.2428251491412476,-3.699016718993335,0.00808995316584493,-0.008089953165844932,-0.00808995316584493,-2.2428251491412476
0.0008694592606267993,-3.382438218663576e-06,-0.0022473736952116083,-2.247373695211609,-3.656451046500621,0.007828207507161176,-0.007828207507161178,-0.007828207507161178,-2.247373695211609
0.0008714592606267993,-3.3933318460714496e-06,-0.0022516992633197955,-2.251699263319795,-3.613307978000739,0.007564492859338577,-0.0075644928593385785,-0.007564492859338576,-2.251699263319795
0.0008734592606267994,-3.403687683842483e-06,-0.0022558020125097774,-2.2558020125097777,-3.5695943262843355,0.00729884618763643,-0.007298846187636432,-0.007298846187636432,-2.2558020125097777
0.0008754592606267994,-3.413502351174553e-06,-0.0022596820559468056,-2.2596820559468056,-3.5253169942437586,0.0070313052127608505,-0.007031305212760852,-0.00703130521276085,-2.2596820559468056
0.0008774592606267995,-3.4227725432717007e-06,-0.002263339461454143,-2.263339461454143,-3.4804829737830225,0.0067619084018271085,-0.00676190840182711,-0.006761908401827108,-2.263339461454143
0.0008794592606267995,-3.431495032919672e-06,-0.002266774251998482,-2.266774251998482,-3.4350993447136875,0.00649069495952892,-0.00649069495952892,-0.00649069495952892,-2.266774251998482
0.0008814592606267996,-3.4396666720402354e-06,-0.002269986406123208,-2.269986406123208,-3.3891732736368874,0.00621770481952044,-0.006217704819520442,-0.006217704819520442,-2.269986406123208
0.0008834592606267996,-3.447284393231597e-06,-0.002272975858333252,-2.272975858333252,-3.3427120128116368,0.0059429786359910235,-0.005942978635991025,-0.005942978635991025,-2.272975858333252
0.0008854592606267997,-3.4543452112852255e-06,-0.0022757424994284538,-2.275742499428454,-3.295722899009613,0.005666557775450887,-0.005666557775450887,-0.005666557775450884,-2.275742499428454
0.0008874592606267997,-3.4608462246933307e-06,-0.0022782861767916903,-2.27828617679169,-3.2482133523566077,0.005388484308693986,-0.005388484308693986,-0.005388484308693986,-2.27828617679169
0.0008894592606267998,-3.466784617133714e-06,-0.002280606694627125,-2.280606694627125,-3.2001908751607773,0.005108801002964734,-0.005108801002964736,-0.005108801002964736,-2.280606694627125
0.0008914592606267998,-3.4721576589418285e-06,-0.002282703814152915,-2.282703814152915,-3.1516630507279766,0.004827551314305898,-0.0048275513143059,-0.0048275513143058975,-2.282703814152915
0.0008934592606267999,-3.4769627085684004e-06,-0.0022845772537481226,-2.2845772537481226,-3.102637542164225,0.004544779380089457,-0.004544779380089459,-0.004544779380089459,-2.2845772537481226
0.0008954592606267999,-3.481197214017343e-06,-0.002286226689052091,-2.286226689052091,-3.053122091165647,0.004260530011741979,-0.004260530011741981,-0.004260530011741978,-2.286226689052091
0.0008974592606268,-3.4848587142748074e-06,-0.002287651753020748,-2.287651753020748,-3.0031245167959635,0.003974848687640087,-0.003974848687640087,-0.003974848687640087,-2.287651753020748
0.0008994592606268,-3.487944840719549e-06,-0.0022888520359361547,-2.2888520359361553,-2.9526527142517507,0.003687781546197753,-0.0036877815461977548,-0.0036877815461977526,-2.2888520359361553
0.0009014592606268,-3.490453318523834e-06,-0.002289827085372976,-2.289827085372976,-2.9017146536157243,0.003399375379126379,-0.003399375379126379,-0.003399375379126379,-2.289827085372976
0.0009034592606268001,-3.4923819680362213e-06,-0.0022905764061184677,-2.290576406118468,-2.850318378598149,0.0031096776248871177,-0.0031096776248871194,-0.0031096776248871172,-2.290576406118468
0.0009054592606268001,-3.4937287061571333e-06,-0.002291099460050174,-2.291099460050174,-2.798472005266654,0.0028187363623137784,-0.0028187363623137784,-0.0028187363623137784,-2.291099460050174
0.0009074592606268002,-3.494491547697852e-06,-0.0022913956659674954,-2.291395665967496,-2.746183720764611,0.002526600304428417,-0.002526600304428417,-0.002526600304428417,-2.291395665967496
0.0009094592606268002,-3.4946686067293653e-06,-0.0022914643993794163,-2.291464399379416,-2.693461782018284,0.002233318792438155,-0.002233318792438155,-0.002233318792438155,-2.291464399379416
0.0009114592606268003,-3.494258097920281e-06,-0.0022913049922477315,-2.2913049922477313,-2.64031451443298,0.0019389417899180472,-0.0019389417899180472,-0.0019389417899180472,-2.2913049922477313
0.0009134592606268003,-3.4932583378622868e-06,-0.0022909167326848247,-2.290916732684825,-2.58675031057835,0.0016435198771862503,-0.0016435198771862503,-0.0016435198771862503,-2.290916732684825
0.0009154592606268004,-3.4916677463881974e-06,-0.0022902988646074525,-2.2902988646074527,-2.532777628863119,0.0013471042458648146,-0.0013471042458648164,-0.001347104245864814,-2.2902988646074527
0.0009174592606268004,-3.4894848478757753e-06,-0.002289450587343343,-2.289450587343343,-2.4784049921994016,0.0010497466936447708,-0.0010497466936447708,-0.0010497466936447708,-2.289450587343343
0.0009194592606268005,-3.4867082725457005e-06,-0.002288371055193243,-2.288371055193243,-2.4236409866568294,0.0007514996192421464,-0.0007514996192421464,-0.0007514996192421464,-2.288371055193243
0.0009214592606268005,-3.4833367577505504e-06,-0.002287059376946476,-2.287059376946476,-2.36849426010673,0.0004524160175569669,-0.0004524160175569669,-0.0004524160175569669,-2.287059376946476
0.0009234592606268006,-3.479369149251052e-06,-0.002285514615347773,-2.285514615347773,-2.312973520856503,0.00015254947504850236,-0.00015254947504850236,-0.00015254947504850236,-2.285514615347773
0.0009254592606268006,-3.474804402489176e-06,-0.002283735786518229,-2.283735786518229,-2.257087536274494,-0.00014804583468741583,0.00014804583468741583,0.00014804583468741583,-2.283735786518229
0.0009274592606268007,-3.469641583853892e-06,-0.0022817218593278194,-2.2817218593278192,-2.2008451314055137,-0.0004493151551239194,0.0004493151551239194,0.0004493151551239194,-2.2817218593278192
0.0009294592606268007,-3.4638798719339126e-06,-0.0022794717547162295,-2.2794717547162295,-2.1442551875772824,-0.0007512031507719286,0.0007512031507719286,0.0007512031507719286,-2.2794717547162295
0.0009314592606268008,-3.4575185587723358e-06,-0.0022769843449667046,-2.2769843449667047,-2.0873266409979383,-0.0010536539109375909,0.0010536539109375909,0.0010536539109375909,-2.2769843449667047
0.0009334592606268008,-3.4505570511104173e-06,-0.0022742584529267472,-2.2742584529267473,-2.030068481344922,-0.0013566109532323622,0.0013566109532323622,0.0013566109532323622,-2.2742584529267473
0.0009354592606268009,-3.442994871626229e-06,-0.002271292851176632,-2.271292851176632,-1.9724897503454013,-0.0016600172268401714,0.0016600172268401714,0.0016600172268401714,-2.271292851176632
0.0009374592606268009,-3.434831660171652e-06,-0.0022680862611457312,-2.268086261145731,-1.9145995403484706,-0.0019638151155403367,0.001963815115540335,0.0019638151155403362,-2.268086261145731
0.000939459260626801,-3.4260671750022465e-06,-0.002264637352173064,-2.264637352173064,-1.8564069928893807,-0.0022679464404649075,0.0022679464404649075,0.0022679464404649075,-2.264637352173064
0.000941459260626801,-3.4167012940065455e-06,-0.002260944740513124,-2.260944740513124,-1.7979212972459608,-0.002572352462595351,0.002572352462595351,0.002572352462595351,-2.260944740513124
0.0009434592606268011,-3.4067340159301127e-06,-0.0022570069882835186,-2.2570069882835186,-1.7391516889875411,-0.0028769738849776533,0.0028769738849776516,0.002876973884977653,-2.2570069882835186
0.0009454592606268011,-3.3961654615999015e-06,-0.0022528226023549236,-2.2528226023549234,-1.6801074485165444,-0.003181750854657661,0.003181750854657661,0.003181750854657661,-2.2528226023549234
0.0009474592606268012,-3.3849958751454035e-06,-0.0022483900331801607,-2.2483900331801605,-1.620797899602999,-0.0034866229643175633,0.003486622964317565,0.0034866229643175637,-2.2483900331801605
0.0009494592606268012,-3.3732256252207006e-06,-0.0022437076735621715,-2.243707673562172,-1.5612324079122253,-0.0037915292536108147,0.0037915292536108147,0.0037915292536108147,-2.243707673562172
0.0009514592606268013,-3.360855206225934e-06,-0.0022387738573583383,-2.2387738573583382,-1.501420379525862,-0.0040964082101804244,0.0040964082101804244,0.004096408210180424,-2.2387738573583382
0.0009534592606268013,-3.3478852395299213e-06,-0.0022335868581197893,-2.2335868581197893,-1.4413712594565544,-0.004401197770351306,0.004401197770351306,0.004401197770351305,-2.2335868581197893
0.0009554592606268014,-3.3343164746942297e-06,-0.00222814488766371,-2.22814488766371,-1.3810945301564728,-0.004705835319484652,0.0047058353194846525,0.004705835319484652,-2.22814488766371
0.0009574592606268014,-3.320149790700477e-06,-0.0022224460945771476,-2.2224460945771476,-1.3205997100199196,-0.005010257691984601,0.005010257691984599,0.0050102576919846,-2.2224460945771476
0.0009594592606268015,-3.3053861971803803e-06,-0.002216488562649852,-2.216488562649852,-1.259896351880281,-0.0053144011709420624,0.0053144011709420624,0.005314401170942062,-2.216488562649852
0.0009614592606268015,-3.290026835650294e-06,-0.0022102703092344938,-2.2102703092344935,-1.1989940415014944,-0.005618201487405551,0.00561820148740555,0.005618201487405551,-2.2102703092344935
0.0009634592606268016,-3.274072980750723e-06,-0.002203789283532032,-2.203789283532032,-1.1379023960643835,-0.0059215938192647135,0.005921593819264714,0.005921593819264714,-2.203789283532032
0.0009654592606268016,-3.257526041493436e-06,-0.0021970433648008237,-2.197043364800824,-1.076631062647942,-0.006224512789738234,0.006224512789738235,0.006224512789738234,-2.197043364800824
0.0009674592606268017,-3.240387562512837e-06,-0.0021900303604855745,-2.1900303604855744,-1.01518971670601,-0.006526892465442025,0.006526892465442025,0.006526892465442025,-2.1900303604855744
0.0009694592606268017,-3.2226592253288244e-06,-0.002182748004266478,-2.182748004266478,-0.9535880605393572,-0.0068286663540395596,0.006828666354039559,0.00682866635403956,-2.182748004266478
0.0009714592606268018,-3.2043428496146375e-06,-0.002175193954023297,-2.1751939540232974,-0.8918358217635974,-0.007129767401442779,0.007129767401442777,0.007129767401442777,-2.1751939540232974
0.0009734592606268018,-3.1854403944808752e-06,-0.0021673657897163033,-2.1673657897163032,-0.8299427517731012,-0.007430127988573345,0.007430127988573343,0.0074301279885733455,-2.1673657897163032
0.0009754592606268019,-3.165953959764024e-06,-0.0021592610111766607,-2.159261011176661,-0.7679186242010895,-0.007729679927642064,0.007729679927642064,0.007729679927642064,-2.159261011176661
0.0009774592606268018,-3.1458857873316676e-06,-0.002150877035808614,-2.1508770358086142,-0.7057732333763302,-0.008028354457957134,0.008028354457957132,0.008028354457957134,-2.1508770358086142
0.0009794592606268018,-3.125238262400491e-06,-0.0021422111961992866,-2.1422111961992867,-0.6435163927764291,-0.008326082241238097,0.008326082241238097,0.008326082241238097,-2.1422111961992867
0.0009814592606268019,-3.1040139148686947e-06,-0.002133260737634238,-2.133260737634238,-0.5811579334782344,-0.008622793356422244,0.008622793356422243,0.008622793356422243,-2.133260737634238
0.000983459260626802,-3.082215420665225e-06,-0.002124022815517314,-2.1240228155173138,-0.5187077026053469,-0.008918417293955372,0.008918417293955372,0.008918417293955372,-2.1240228155173138
0.000985459260626802,-3.0598456031135916e-06,-0.0021144944926915527,-2.114494492691553,-0.45617556177316765,-0.009212882949546586,0.009212882949546586,0.009212882949546586,-2.114494492691553
0.000987459260626802,-3.0369074343171285e-06,-0.002104672736661856,-2.104672736661856,-0.39357138553162946,-0.009506118617390147,0.009506118617390147,0.009506118617390147,-2.104672736661856
0.000989459260626802,-3.0134040365636395e-06,-0.0020945544167166484,-2.0945544167166483,-0.33090505980588714,-0.009798051982837562,0.009798051982837563,0.009798051982837563,-2.0945544167166483
0.0009914592606268021,-2.98933868374894e-06,-0.002084136300946655,-2.084136300946655,-0.2681864803352328,-0.010088610114507901,0.010088610114507901,0.010088610114507903,-2.084136300946655
0.0009934592606268022,-2.9647148028241634e-06,-0.0020734150531615102,-2.07341505316151,-0.20542555111041275,-0.01037771945583943,0.01037771945583943,0.01037771945583943,-2.07341505316151
0.0009954592606268022,-2.939535975269161e-06,-0.0020623872297043416,-2.0623872297043415,-0.1426321828097127,-0.010665305816081272,0.010665305816081272,0.010665305816081272,-2.0623872297043415
0.0009974592606268023,-2.9138059385866606e-06,-0.0020510492761616115,-2.0510492761616113,-0.07981629123389786,-0.010951294360709518,0.010951294360709518,0.01095129436070952,-2.0510492761616113
0.0009994592606268023,-2.88752858782445e-06,-0.002039397523971513,-2.0393975239715134,-0.016987795740432927,-0.01123560960128378,0.01123560960128378,0.01123560960128378,-2.0393975239715134
0.0010014592606268024,-2.860707977127675e-06,-0.0020274281869328064,-2.0274281869328066,0.04584338232290819,-0.01151817538475397,0.01151817538475397,0.01151817538475397,-2.0274281869328066
0.0010034592606268024,-2.8333483213162307e-06,-0.0020151373576136507,-2.0151373576136504,0.10866732118474273,-0.011798914882213294,0.011798914882213296,0.011798914882213296,-2.0151373576136504
0.0010054592606268025,-2.8054539974955553e-06,-0.0020025210036668547,-2.002521003666855,0.17147410021684623,-0.012077750577131674,0.012077750577131674,0.012077750577131674,-2.002521003666855
0.0010074592606268025,-2.7770295466975135e-06,-0.001989574964054099,-1.9895749640540992,0.23425380150073905,-0.012354604253082435,0.012354604253082435,0.012354604253082435,-1.9895749640540992
0.0010094592606268026,-2.7480796755543747e-06,-0.001976294945185795,-1.976294945185795,0.2969965113938187,-0.012629396980997853,0.012629396980997853,0.012629396980997853,-1.976294945185795
0.0010114592606268026,-2.7186092580052508e-06,-0.0019626765169833186,-1.9626765169833185,0.35969232209486535,-0.012902049105989912,0.01290204910598991,0.01290204910598991,-1.9626765169833185
0.0010134592606268027,-2.6886233370396003e-06,-0.001948715108874606,-1.9487151088746058,0.4223313332085587,-0.013172480233795358,0.013172480233795358,0.013172480233795358,-1.9487151088746058
0.0010154592606268027,-2.6581271264742685e-06,-0.0019344060057326347,-1.9344060057326349,0.48490365330891383,-0.013440609216897492,0.013440609216897492,0.013440609216897492,-1.9344060057326349
0.0010174592606268028,-2.627126012767523e-06,-0.0019197443437720648,-1.9197443437720647,0.5473994015012345,-0.013706354140407218,0.013706354140407218,0.013706354140407218,-1.9197443437720647
0.0010194592606268028,-2.595625556868991e-06,-0.0019047251064201927,-1.9047251064201927,0.6098087089824117,-0.013969632307792247,0.013969632307792246,0.013969632307792246,-1.9047251064201927
0.0010214592606268029,-2.563631496108112e-06,-0.0018893431201835917,-1.8893431201835917,0.6721217205993049,-0.014230360226571648,0.014230360226571648,0.014230360226571648,-1.8893431201835917
0.001023459260626803,-2.531149746116638e-06,-0.0018735930505324276,-1.8735930505324276,0.7343285964050333,-0.014488453594097006,0.014488453594097006,0.014488453594097006,-1.8735930505324276
0.001025459260626803,-2.498186402790594e-06,-0.0018574693978337024,-1.8574693978337025,0.7964195132127823,-0.014743827283591582,0.014743827283591582,0.014743827283591582,-1.8574693978337025
0.001027459260626803,-2.4647477442853043e-06,-0.0018409664933644024,-1.8409664933644023,0.8583846661470027,-0.014996395330618917,0.014996395330618917,0.014996395330618917,-1.8409664933644023
0.001029459260626803,-2.4308402330455935e-06,-0.001824078495445583,-1.824078495445583,0.9202142701917408,-0.015246070920207355,0.015246070920207355,0.015246070920207355,-1.824078495445583
0.001031459260626803,-2.396470517869201e-06,-0.0018067993857435458,-1.8067993857435458,0.9818985617357446,-0.015492766374884948,0.015492766374884948,0.015492766374884948,-1.8067993857435458
0.0010334592606268032,-2.3616454359989277e-06,-0.0017891229657909693,-1.7891229657909693,1.0434278001143213,-0.01573639314391828,0.01573639314391828,0.01573639314391828,-1.7891229657909693
0.0010354592606268032,-2.326372015241274e-06,-0.0017710428537911116,-1.7710428537911116,1.104792269147461,-0.01597686179410318,0.01597686179410318,0.01597686179410318,-1.7710428537911116
0.0010374592606268032,-2.2906574761089905e-06,-0.0017525524817785514,-1.7525524817785514,1.1659822786741398,-0.01621408200251495,0.01621408200251495,0.01621408200251495,-1.7525524817785514
0.0010394592606268033,-2.2545092339798737e-06,-0.0017336450932193502,-1.7336450932193501,1.2269881660825335,-0.01644796255167713,0.01644796255167713,0.01644796255167713,-1.7336450932193501
0.0010414592606268033,-2.217934901266306e-06,-0.0017143137411481822,-1.7143137411481824,1.2878002978357959,-0.01667841132768877,0.01667841132768877,0.01667841132768877,-1.7143137411481824
0.0010434592606268034,-2.180942289588439e-06,-0.0016945512869547348,-1.6945512869547348,1.3484090709933754,-0.016905335321933945,0.016905335321933945,0.016905335321933945,-1.6945512869547348
0.0010454592606268034,-2.1435394119426535e-06,-0.0016743503999486623,-1.6743503999486622,1.4088049147273916,-0.017128640637089187,0.017128640637089187,0.017128640637089187,-1.6743503999486622
0.0010474592606268035,-2.1057344848495225e-06,-0.0016537035578484413,-1.6537035578484416,1.468978291833983,-0.017348232498235694,0.017348232498235694,0.017348232498235694,-1.6537035578484416
0.0010494592606268035,-2.067535930474805e-06,-0.0016326030483669568,-1.6326030483669567,1.5289197002393702,-0.01756401527003515,0.01756401527003515,0.01756401527003515,-1.6326030483669567
0.0010514592606268036,-2.028952378703392e-06,-0.0016110409720850104,-1.6110409720850103,1.5886196745002814,-0.0177758924810294,0.0177758924810294,0.0177758924810294,-1.6110409720850103
0.0010534592606268036,-1.989992669147272e-06,-0.0015890092468330537,-1.5890092468330537,1.6480687872987256,-0.017983766856287664,0.017983766856287664,0.017983766856287664,-1.5890092468330537
0.0010554592606268037,-1.9506658530704176e-06,-0.0015664996138346776,-1.5664996138346776,1.7072576509306359,-0.018187540359807297,0.018187540359807297,0.018187540359807297,-1.5664996138346776
0.0010574592606268037,-1.910981195202654e-06,-0.001543503645895394,-1.543503645895394,1.7661769187883096,-0.018387114248242797,0.018387114248242797,0.018387114248242797,-1.543503645895394
0.0010594592606268038,-1.8709481754128118e-06,-0.001520012757959051,-1.520012757959051,1.8248172868363306,-0.01858238913775212,0.01858238913775212,0.01858238913775212,-1.520012757959051
0.0010614592606268038,-1.8305764902107765e-06,-0.0014960182203980685,-1.4960182203980685,1.8831694950808067,-0.01877326508599375,0.01877326508599375,0.01877326508599375,-1.4960182203980685
0.0010634592606268039,-1.7898760540372658e-06,-0.0014715111754461563,-1.4715111754461563,1.9412243290316165,-0.018959641691543183,0.018959641691543183,0.018959641691543183,-1.4715111754461563
0.001065459260626804,-1.748857000299838e-06,-0.0014464826572350075,-1.4464826572350076,1.9989726211574854,-0.019141418213291628,0.019141418213291628,0.019141418213291628,-1.4464826572350076
0.001067459260626804,-1.7075296821006727e-06,-0.0014209236159463529,-1.4209236159463527,2.056405252333652,-0.019318493712666696,0.019318493712666696,0.019318493712666696,-1.4209236159463527
0.001069459260626804,-1.6659046726035015e-06,-0.0013948249466533833,-1.3948249466533835,2.113513153281865,-0.019490767221862493,0.019490767221862493,0.019490767221862493,-1.3948249466533835
0.001071459260626804,-1.6239927649699326e-06,-0.0013681775234805475,-1.3681775234805476,2.1702873060025536,-0.019658137941572784,0.019658137941572784,0.019658137941572784,-1.3681775234805476
0.0010734592606268041,-1.5818049717929772e-06,-0.0013409722397768893,-1.3409722397768893,2.226718745198855,-0.01982050547208747,0.01982050547208747,0.01982050547208747,-1.3409722397768893
0.0010754592606268042,-1.539352523944149e-06,-0.0013132000550603125,-1.3132000550603125,2.2827985596923477,-0.019977770081959223,0.019977770081959223,0.019977770081959223,-1.3132000550603125
0.0010774592606268042,-1.4966468687388306e-06,-0.0012848520495512545,-1.2848520495512545,2.338517893830228,-0.020129833018786014,0.020129833018786014,0.020129833018786014,-1.2848520495512545
0.0010794592606268043,-1.4536996673162555e-06,-0.001255919487174054,-1.255919487174054,2.393867948883709,-0.020276596866987573,0.020276596866987573,0.020276596866987573,-1.255919487174054
0.0010814592606268043,-1.410522791116482e-06,-0.0012263938879534845,-1.2263938879534844,2.448839984437464,-0.02041796595772749,0.02041796595772749,0.02041796595772749,-1.2263938879534844
0.0010834592606268044,-1.3671283173237065e-06,-0.001196267110771694,-1.1962671107716942,2.5034253197698226,-0.02055384683634176,0.02055384683634176,0.02055384683634176,-1.1962671107716942
0.0010854592606268044,-1.3235285231362742e-06,-0.0011655314474734446,-1.1655314474734446,2.557615335223562,-0.020684148792761148,0.020684148792761148,0.020684148792761148,-1.1655314474734446
0.0010874592606268045,-1.2797358787064167e-06,-0.0011341797292991319,-1.1341797292991318,2.6114014735670565,-0.020808784460367713,0.020808784460367713,0.020808784460367713,-1.1341797292991318
0.0010894592606268045,-1.2357630385816224e-06,-0.0011022054465858093,-1.1022054465858093,2.6647752413455446,-0.02092767048850752,0.02092767048850752,0.02092767048850752,-1.1022054465858093
0.0010914592606268046,-1.1916228314705497e-06,-0.0010696028825928638,-1.0696028825928638,2.7177282102223694,-0.021040728293417965,0.021040728293417965,0.021040728293417965,-1.0696028825928638
0.0010934592606268046,-1.1473282481408861e-06,-0.0010363672621617615,-1.0363672621617614,2.770252018309895,-0.021147884891509205,0.021147884891509205,0.021147884891509205,-1.0363672621617614
0.0010954592606268047,-1.1028924272536874e-06,-0.0010024949157069819,-1.0024949157069818,2.8223383714899537,-0.021249073817760755,0.021249073817760755,0.021249073817760755,-1.0024949157069818
0.0010974592606268047,-1.0583286389312077e-06,-0.0009679834587296968,-0.9679834587296967,2.873979044723565,-0.0213442361302959,0.0213442361302959,0.0213442361302959,-0.9679834587296967
0.0010994592606268048,-1.0136502658556878e-06,-0.0009328319866385541,-0.9328319866385542,2.9251658833497935,-0.021433321499935265,0.021433321499935265,0.021433321499935265,-0.9328319866385542
0.0011014592606268048,-9.688707817043212e-07,-0.00089704128413634,-0.89704128413634,2.975890804373442,-0.0215162893806099,0.0215162893806099,0.0215162893806099,-0.89704128413634
0.0011034592606268049,-9.240037267389424e-07,-0.0008606140477711892,-0.8606140477711892,3.026145797741459,-0.021593110252848047,0.021593110252848047,0.021593110252848047,-0.8606140477711892
0.001105459260626805,-8.790626803908065e-07,-0.0008235551194478426,-0.8235551194478425,3.0759229276078215,-0.021663766928087025,0.021663766928087025,0.021663766928087025,-0.8235551194478425
0.001107459260626805,-8.340612307191957e-07,-0.0007858717277512368,-0.7858717277512368,3.125214333586681,-0.02172825589632177,0.02172825589632177,0.02172825589632177,-0.7858717277512368
0.001109459260626805,-7.890129406686894e-07,-0.0007475737328518792,-0.7475737328518792,3.1740122319936335,-0.021786588693586184,0.021786588693586184,0.021786588693586184,-0.7475737328518792
0.001111459260626805,-7.439313111135401e-07,-0.0007086738695694552,-0.7086738695694552,3.222308917074837,-0.02183879325913496,0.02183879325913496,0.02183879325913496,-0.7086738695694552
0.001113459260626805,-6.988297407577463e-07,-0.0006691879819084536,-0.6691879819084536,3.2700967622238446,-0.021884915245179437,0.021884915245179437,0.021884915245179437,-0.6691879819084536
0.0011154592606268051,-6.537214830545694e-07,-0.000629135241109589,-0.629135241109589,3.3173682211859363,-0.02192501923497514,0.02192501923497514,0.02192501923497514,-0.629135241109589
0.0011174592606268052,-6.086196004219484e-07,-0.0005885383380745748,-0.5885383380745748,3.364115829249746,-0.02195918981846845,0.02195918981846845,0.02195918981846845,-0.5885383380745748
0.0011194592606268052,-5.635369161561522e-07,-0.0005474236400301575,-0.5474236400301575,3.4103322044260502,-0.021987532469201154,0.021987532469201154,0.021987532469201154,-0.5474236400301575
0.0011214592606268053,-5.184859645838211e-07,-0.0005058213006358216,-0.5058213006358216,3.45601004861345,-0.022010174162495955,0.022010174162495955,0.022010174162495955,-0.5058213006358216
0.0011234592606268053,-4.7347894013422523e-07,-0.0004637653125519665,-0.4637653125519665,3.501142148750835,-0.02202726367390445,0.02202726367390445,0.022027263673904455,-0.4637653125519665
0.0011254592606268054,-4.285276461565083e-07,-0.0004212934919209812,-0.4212934919209812,3.5457213779564074,-0.022038971499318827,0.022038971499318827,0.022038971499318827,-0.4212934919209812
0.0011274592606268054,-3.83643444435184e-07,-0.0003784473853919037,-0.3784473853919037,3.5897406966530907,-0.022045489344694413,0.022045489344694413,0.022045489344694413,-0.3784473853919037
0.0011294592606268055,-3.38837206468275e-07,-0.0003352720923300141,-0.3352720923300141,3.633193153680179,-0.022047029144501074,0.022047029144501074,0.022047029144501074,-0.3352720923300141
0.0011314592606268055,-2.941192676498565e-07,-0.00029181599770782273,-0.29181599770782274,3.67607188739099,-0.022043821583882295,0.022043821583882295,0.022043821583882295,-0.29181599770782274
0.0011334592606268056,-2.494993855337935e-07,-0.0002481304148049524,-0.24813041480495235,3.71837012673641,-0.02203611411967424,0.02203611411967424,0.022036114119674235,-0.24813041480495235
0.0011354592606268056,-2.049867033392533e-07,-0.00020426914108124183,-0.20426914108124183,3.7600811923340953,-0.022024168518974097,0.022024168518974097,0.022024168518974097,-0.20426914108124183
0.0011374592606268057,-1.605897197846921e-07,-0.00016028793515955809,-0.16028793515955808,3.8011984975232704,-0.022008257959349048,0.022008257959349048,0.022008257959349048,-0.16028793515955808
0.0011394592606268057,-1.1631626620270206e-07,-0.00011624392740832822,-0.11624392740832823,3.841715549404796,-0.021988663760072913,0.021988663760072913,0.021988663760072913,-0.11624392740832823
0.0011414592606268058,-7.21734916977238e-08,-7.219498074793007e-05,-0.07219498074793007,3.881625949866491,-0.021965671836746782,0.021965671836746782,0.021965671836746786,-0.07219498074793007
0.0011434592606268058,-2.816807439271996e-08,-2.8165839964990444e-05,-0.028165839964990447,3.9209233965934716,-0.021939384647547012,0.021939384647547012,0.021939384647547012,-0.028165839964990447
0.0011454592606268059,1.5694431281674252e-08,1.5686229173485167e-05,0.015686229173485167,3.959601684063336,-0.021910641416054727,0.021910641416054727,0.021910641416054727,0.015686229173485167
0.001147459260626806,5.940914302052483e-08,5.940552980635161e-05,0.05940552980635161,3.9976547045261306,-0.02187916208177655,0.02187916208177655,0.02187916208177655,0.05940552980635161
0.001149459260626806,1.0297139558340234e-07,0.00010290437881819113,0.10290437881819114,4.0350764489687965,-0.021845400389725583,0.021845400389725586,0.021845400389725586,0.10290437881819114
0.001151459260626806,1.4637737122396447e-07,0.00014613108027714629,0.14613108027714627,4.071861008064081,-0.02180961070992742,0.021809610709927416,0.021809610709927416,0.14613108027714627
0.001153459260626806,1.8962384530351385e-07,0.00018903692552615415,0.18903692552615414,4.108002573103687,-0.02177203137543074,0.02177203137543074,0.02177203137543074,0.18903692552615414
0.0011554592606268061,2.3270814572998672e-07,0.0002315765772320697,0.2315765772320697,4.143495436915518,-0.021732882553796934,0.021732882553796934,0.021732882553796934,0.2315765772320697
0.0011574592606268062,2.756281078143592e-07,0.0002737083858964677,0.27370838589646773,4.178333994764934,-0.0216923644937137,0.0216923644937137,0.0216923644937137,0.27370838589646773
0.0011594592606268062,3.1838202561181784e-07,0.0003153946111078385,0.3153946111078385,4.2125127452397955,-0.021650656300733095,0.021650656300733095,0.021650656300733095,0.3153946111078385
0.0011614592606268063,3.6096860098354653e-07,0.0003566015494388921,0.3566015494388921,4.246026291119186,-0.021607915231557192,0.021607915231557195,0.02160791523155719,0.3566015494388921
0.0011634592606268063,4.0338689156622433e-07,0.0003972995746820942,0.3972995746820942,4.278869340225715,-0.021564276475242342,0.02156427647524234,0.021564276475242342,0.3972995746820942
0.0011654592606268064,4.456362587409473e-07,0.0004374630990770978,0.4374630990770978,4.311036706261192,-0.021519853373244968,0.021519853373244968,0.02151985337324497,0.4374630990770978
0.0011674592606268064,4.877163165678047e-07,0.0004770704662265146,0.4770704662265146,4.342523309625625,-0.021474738018883947,0.021474738018883943,0.021474738018883947,0.4770704662265146
0.0011694592606268065,5.296268825034079e-07,0.0005161037875308043,0.5161037875308043,4.373324178219342,-0.021429002170491873,0.021429002170491873,0.021429002170491877,0.5161037875308043
0.0011714592606268065,5.713679305628199e-07,0.0005545487342946354,0.5545487342946354,4.403434448228141,-0.021382698410741696,0.021382698410741696,0.021382698410741696,0.5545487342946354
0.0011734592606268066,6.129395474285669e-07,0.000592394297300471,0.592394297300471,4.432849364891328,-0.021335861486615874,0.02133586148661587,0.021335861486615874,0.592394297300471
0.0011754592606268066,6.54341891862407e-07,0.0006296325247808237,0.6296325247808237,4.46156428325258,-0.021288509769287537,0.021288509769287534,0.021288509769287534,0.6296325247808237
0.0011774592606268067,6.955751576383066e-07,0.0006662582485069323,0.6662582485069324,4.489574668893409,-0.021240646779924873,0.021240646779924877,0.021240646779924873,0.6662582485069324
0.0011794592606268067,7.366395400986704e-07,0.0007022688063070026,0.7022688063070026,4.516876098649222,-0.021192262735234554,0.021192262735234557,0.021192262735234554,0.7022688063070026
0.0011814592606268067,7.775352063344925e-07,0.0007376637678516844,0.7376637678516844,4.543464261307773,-0.021143336074756047,0.021143336074756047,0.021143336074756047,0.7376637678516844
0.0011834592606268068,8.182622689122114e-07,0.0007724446691043894,0.7724446691043894,4.569334958289951,-0.021093834939919787,0.021093834939919787,0.021093834939919787,0.7724446691043894
0.0011854592606268068,8.588207630058913e-07,0.0008066147594911439,0.8066147594911439,4.594484104312803,-0.021043718582342552,0.021043718582342552,0.021043718582342552,0.8066147594911439
0.001187459260626807,8.992106267495211e-07,0.0008401787646505903,0.8401787646505903,4.618907728034636,-0.020992938685466922,0.020992938685466922,0.020992938685466922,0.8401787646505903
0.001189459260626807,9.394316845930944e-07,0.0008731426665968365,0.8731426665968365,4.642601972682133,-0.020941440589362762,0.02094144058936276,0.02094144058936276,0.8731426665968365
0.001191459260626807,9.794836334268677e-07,0.000905513502273489,0.905513502273489,4.665563096659399,-0.020889164413255057,0.020889164413255057,0.020889164413255057,0.905513502273489
0.001193459260626807,1.0193660312311865e-06,0.0009372991807924329,0.9372991807924329,4.687787474138776,-0.020836046074146353,0.020836046074146353,0.020836046074146353,0.9372991807924329
0.001195459260626807,1.0590782880083267e-06,0.0009685083191184965,0.9685083191184964,4.70927159563343,-0.02078201820286074,0.02078201820286074,0.02078201820286074,0.9685083191184964
0.0011974592606268071,1.0986196587575116e-06,0.000999150095564262,0.999150095564262,4.730012068551525,-0.02072701096104035,0.02072701096104035,0.02072701096104035,0.999150095564262
0.0011994592606268072,1.1379892382669703e-06,0.001029234120181101,1.0292341201811008,4.750005617731955,-0.020670952764171413,0.020670952764171413,0.020670952764171413,1.0292341201811008
0.0012014592606268072,1.1771859575067732e-06,0.0010587703209454413,1.0587703209454413,4.769249085961538,-0.02061377091675609,0.02061377091675609,0.02061377091675609,1.0587703209454413
0.0012034592606268073,1.2162085814244232e-06,0.001087768844534602,1.0877688445346019,4.787739434473554,-0.020555392166327513,0.020555392166327513,0.020555392166327513,1.0877688445346019
0.0012054592606268073,1.2550557079590052e-06,0.0011162399704377586,1.1162399704377588,4.805473743427632,-0.02049574318327707,0.02049574318327707,0.02049574318327707,1.1162399704377588
0.0012074592606268074,1.2937257681082196e-06,0.0011441940371480959,1.1441940371480959,4.8224492123708025,-0.02043475097345948,0.02043475097345948,0.02043475097345948,1.1441940371480959
0.0012094592606268074,1.332217026895688e-06,0.0011716413792121046,1.1716413792121045,4.838663160679737,-0.020372343230375733,0.020372343230375733,0.020372343230375733,1.1716413792121045
0.0012114592606268075,1.3705275851062358e-06,0.001198592273971241,1.198592273971241,4.854113027984036,-0.02030844863340442,0.02030844863340442,0.02030844863340442,1.198592273971241
0.0012134592606268075,1.4086553816669622e-06,0.0012250568968986918,1.2250568968986917,4.868796374570553,-0.020242997098177007,0.020242997098177007,0.020242997098177007,1.2250568968986917
0.0012154592606268076,1.446598196568467e-06,0.0012510452845162464,1.2510452845162465,4.882710881768647,-0.020175919984735557,0.020175919984735557,0.020175919984735557,1.2510452845162465
0.0012174592606268076,1.4843536542333592e-06,0.0012765673039606363,1.2765673039606362,4.895854352316329,-0.020107150268642737,0.020107150268642737,0.020107150268642737,1.2765673039606362
0.0012194592606268077,1.5219192272494634e-06,0.0013016326283528503,1.3016326283528503,4.908224710707238,-0.020036622679746596,0.020036622679746596,0.020036622679746596,1.3016326283528503
0.0012214592606268077,1.5592922403964236e-06,0.0013262507172077686,1.3262507172077687,4.919820003518378,-0.01996427381283672,0.01996427381283672,0.01996427381283672,1.3262507172077687
0.0012234592606268078,1.5964698749048659e-06,0.0013504308012017123,1.3504308012017123,4.930638399718601,-0.019890042213982717,0.019890042213982717,0.019890042213982717,1.3504308012017123
0.0012254592606268078,1.633449172892968e-06,0.0013741818706885108,1.3741818706885107,4.940678190957734,-0.01981386844594013,0.01981386844594013,0.01981386844594013,1.3741818706885107
0.0012274592606268079,1.6702270419364e-06,0.001397512667426554,1.397512667426554,4.949937791836357,-0.019735695135610017,0.01973569513561002,0.019735695135610017,1.397512667426554
0.001229459260626808,1.7068002597316477e-06,0.0014204316790412043,1.4204316790412044,4.958415740156149,-0.01965546700619414,0.01965546700619414,0.01965546700619414,1.4204316790412044
0.001231459260626808,1.7431654788194006e-06,0.0014429471358054268,1.4429471358054267,4.966110697150793,-0.019573130896363145,0.019573130896363145,0.019573130896363145,1.4429471358054267
0.001233459260626808,1.7793192313390737e-06,0.0014650670093732455,1.4650670093732456,4.9730214476973735,-0.019488635768467377,0.019488635768467377,0.019488635768467377,1.4650670093732456
0.001235459260626808,1.8152579337924603e-06,0.0014867990131490149,1.4867990131490147,4.97914690050827,-0.019401932707551417,0.019401932707551417,0.019401932707551417,1.4867990131490147
0.0012374592606268081,1.8509778917956546e-06,0.0015081506040154132,1.5081506040154133,4.984486088303473,-0.019312974912711445,0.019312974912711445,0.019312974912711445,1.5081506040154133
0.0012394592606268082,1.8864753048012612e-06,0.0015291289851799208,1.5291289851799208,4.989038167963339,-0.0192217176821301,0.0192217176821301,0.0192217176821301,1.5291289851799208
0.0012414592606268082,1.9217462707812105e-06,0.0015497411099354476,1.5497411099354474,4.992802420661717,-0.01912811839292372,0.01912811839292372,0.01912811839292372,1.5497411099354474
0.0012434592606268083,1.9567867908547755e-06,0.0015699936861545882,1.5699936861545885,4.995778251979472,-0.019032136476804906,0.019032136476804906,0.019032136476804906,1.5699936861545885
0.0012454592606268083,1.991592773856626e-06,0.0015898931813671364,1.5898931813671364,4.997965191998339,-0.01893373339239557,0.01893373339239557,0.01893373339239557,1.5898931813671364
0.0012474592606268084,2.0261600408343106e-06,0.0016094458282882105,1.6094458282882105,4.99936289537514,-0.018832872594927386,0.018832872594927386,0.018832872594927386,1.6094458282882105
0.0012494592606268084,2.0604843294740837e-06,0.0016286576306883305,1.6286576306883305,4.999971141396307,-0.0187295195039332,0.0187295195039332,0.0187295195039332,1.6286576306883305
0.0012514592606268085,2.094561298447245e-06,0.001647534369508776,1.6475343695087759,4.999789834012744,-0.01862364146946649,0.01862364146946649,0.01862364146946649,1.6475343695087759
0.0012534592606268085,2.128386531675461e-06,0.0016660816091432096,1.6660816091432098,4.998819001854987,-0.018515207737287653,0.018515207737287653,0.018515207737287653,1.6660816091432098
0.0012554592606268085,2.1619555425130624e-06,0.0016843047038182987,1.6843047038182988,4.997058798228689,-0.01840418941339106,0.01840418941339106,0.01840418941339106,1.6843047038182988
0.0012574592606268086,2.1952637778470158e-06,0.0017022088040179826,1.7022088040179826,4.994509501090408,-0.018290559428180142,0.018290559428180142,0.018290559428180142,1.7022088040179826
0.0012594592606268086,2.228306622108582e-06,0.0017197988629014534,1.7197988629014533,4.991171513003715,-0.018174292500568123,0.018174292500568123,0.01817429250056812,1.7197988629014533
0.0012614592606268087,2.2610794012058074e-06,0.001737079642680987,1.7370796426809871,4.987045361075621,-0.01805536510219241,0.01805536510219241,0.01805536510219241,1.7370796426809871
0.0012634592606268087,2.293577386366286e-06,0.0017540557209216958,1.7540557209216958,4.98213169687335,-0.017933755421953634,0.017933755421953634,0.017933755421953634,1.7540557209216958
0.0012654592606268088,2.3257957979015414e-06,0.0017707314967429816,1.7707314967429815,4.97643129632144,-0.017809443330991437,0.017809443330991437,0.017809443330991437,1.7707314967429815
0.0012674592606268088,2.3577298088871213e-06,0.0017871111968970118,1.787111196897012,4.969945059579218,-0.01768241034823448,0.01768241034823448,0.01768241034823448,1.787111196897012
0.0012694592606268089,2.3893745487634693e-06,0.0018031988817097152,1.803198881709715,4.962674010898659,-0.017552639606605247,0.017552639606605247,0.017552639606605244,1.803198881709715
0.001271459260626809,2.4207251068575753e-06,0.0018189984508706646,1.818998450870665,4.954619298462636,-0.017420115819955395,0.017420115819955395,0.017420115819955395,1.818998450870665
0.001273459260626809,2.4517765358282234e-06,0.0018345136490627754,1.8345136490627754,4.945782194203617,-0.017284825250782454,0.017284825250782454,0.017284825250782454,1.8345136490627754
0.001275459260626809,2.482523855037374e-06,0.0018497480714251458,1.8497480714251457,4.936164093602806,-0.01714675567876478,0.01714675567876478,0.01714675567876478,1.8497480714251457
0.001277459260626809,2.5129620538460066e-06,0.001864705168842499,1.864705168842499,4.925766515469786,-0.017005896370151596,0.017005896370151596,0.017005896370151596,1.864705168842499
0.0012794592606268091,2.5430860948421024e-06,0.0018793882530612153,1.8793882530612152,4.914591101702678,-0.016862238048008127,0.016862238048008127,0.016862238048008127,1.8793882530612152
0.0012814592606268092,2.5728909169989577e-06,0.0018938005016286964,1.8938005016286965,4.902639617028862,-0.016715772863334255,0.016715772863334255,0.016715772863334255,1.8938005016286965
0.0012834592606268092,2.60237143876506e-06,0.001907944962655711,1.9079449626557112,4.889913948726318,-0.016566494367058926,0.016566494367058926,0.016566494367058926,1.9079449626557112
0.0012854592606268093,2.6315225610927735e-06,0.001921824559405331,1.921824559405331,4.876416106325586,-0.01641439748289031,0.01641439748289031,0.01641439748289031,1.921824559405331
0.0012874592606268093,2.6603391704026525e-06,0.0019354420947078294,1.9354420947078292,4.862148221292458,-0.016259478481025713,0.016259478481025713,0.016259478481025713,1.9354420947078292
0.0012894592606268094,2.688816141486405e-06,0.0019488002552047472,1.9488002552047474,4.8471125466913785,-0.016101734952703506,0.016101734952703506,0.016101734952703506,1.9488002552047474
0.0012914592606268094,2.7169483403541133e-06,0.0019619016154270768,1.9619016154270765,4.8313114568296625,-0.015941165785569922,0.015941165785569922,0.015941165785569922,1.9619016154270765
0.0012934592606268095,2.744730627022346e-06,0.001974748641708675,1.9747486417086755,4.814747446882578,-0.015777771139855012,0.015777771139855012,0.015777771139855012,1.9747486417086755
0.0012954592606268095,2.772157858249832e-06,0.001987343695941229,1.9873436959412292,4.797423132499304,-0.015611552425322639,0.015611552425322639,0.015611552425322639,1.9873436959412292
0.0012974592606268096,2.799224890219283e-06,0.001999689039173461,1.999689039173461,4.7793412493899154,-0.015442512278980304,0.015442512278980303,0.015442512278980303,1.999689039173461
0.0012994592606268096,2.825926581167472e-06,0.002011786835059219,2.011786835059219,4.760504652893369,-0.015270654543523055,0.015270654543523055,0.015270654543523055,2.011786835059219
0.0013014592606268097,2.852257793969179e-06,0.002023639153160775,2.023639153160775,4.740916317526607,-0.015095984246476846,0.015095984246476846,0.015095984246476846,2.023639153160775
0.0013034592606268097,2.8782133986706645e-06,0.002035247972109187,2.035247972109187,4.720579336514866,-0.014918507580031546,0.014918507580031548,0.014918507580031548,2.035247972109187
0.0013054592606268098,2.903788274977131e-06,0.0020466151826277327,2.0466151826277326,4.699496921303194,-0.014738231881530341,0.01473823188153034,0.01473823188153034,2.0466151826277326
0.0013074592606268098,2.928977314700449e-06,0.002057742590425125,2.057742590425125,4.677672401049351,-0.014555165614579037,0.014555165614579035,0.014555165614579035,2.057742590425125
0.0013094592606268099,2.9537754241562545e-06,0.0020686319189575607,2.0686319189575606,4.655109222098087,-0.014369318350780704,0.014369318350780702,0.014369318350780702,2.0686319189575606
0.00131145926062681,2.9781775265280426e-06,0.0020792848120713857,2.0792848120713856,4.631810947436913,-0.014180700752030706,0.014180700752030706,0.014180700752030706,2.0792848120713856
0.00131345926062681,3.0021785641849877e-06,0.002089702836524247,2.089702836524247,4.6077812561334826,-0.013989324553384641,0.013989324553384641,0.013989324553384641,2.089702836524247
0.00131545926062681,3.0257735009635448e-06,0.0020998874843930074,2.0998874843930073,4.583023942754617,-0.01379520254645339,0.013795202546453389,0.013795202546453389,2.0998874843930073
0.00131745926062681,3.048957324414026e-06,0.002109840175372528,2.109840175372528,4.557542916767088,-0.013598348563303109,0.013598348563303109,0.013598348563303109,2.109840175372528
0.00131945926062681,3.0717250480034084e-06,0.0021195622589651438,2.1195622589651437,4.531342201920292,-0.013398777460861934,0.013398777460861933,0.013398777460861933,2.1195622589651437
0.0013214592606268102,3.0940717132946154e-06,0.0021290550165730462,2.129055016573046,4.504425935610822,-0.013196505105765423,0.013196505105765421,0.013196505105765421,2.129055016573046
0.0013234592606268102,3.1159923920801203e-06,0.0021383196634873433,2.1383196634873434,4.476798368229159,-0.012991548359676754,0.012991548359676752,0.012991548359676752,2.1383196634873434
0.0013254592606268102,3.1374821884904043e-06,0.002147357350785918,2.147357350785918,4.448463862488462,-0.012783925065014136,0.012783925065014135,0.012783925065014135,2.147357350785918
0.0013274592606268103,3.1585362410687e-06,0.0021561691671394645,2.1561691671394643,4.419426892735646,-0.012573654031089896,0.012573654031089898,0.012573654031089898,2.1561691671394643
0.0013294592606268103,3.1791497248126596e-06,0.002164756140529022,2.164756140529022,4.389692044244849,-0.012360755020643484,0.012360755020643488,0.012360755020643483,2.164756140529022
0.0013314592606268104,3.1993178531898466e-06,0.002173119239880786,2.173119239880786,4.359264012493337,-0.012145248736736391,0.012145248736736391,0.012145248736736391,2.173119239880786
0.0013334592606268104,3.219035880119949e-06,0.002181259376617961,2.1812593766179607,4.32814760242006,-0.011927156810011663,0.011927156810011663,0.011927156810011663,2.1812593766179607
0.0013354592606268105,3.2382991019334125e-06,0.0021891774061363538,2.189177406136354,4.2963477276668876,-0.011706501786280743,0.011706501786280743,0.011706501786280743,2.189177406136354
0.0013374592606268105,3.25710285929884e-06,0.0021968741292030273,2.196874129203027,4.263869409802669,-0.011483307114442454,0.011483307114442454,0.011483307114442454,2.196874129203027
0.0013394592606268106,3.2754425391256186e-06,0.0022043502932831078,2.204350293283108,4.2307177775303035,-0.011257597134706643,0.011257597134706643,0.011257597134706643,2.204350293283108
0.0013414592606268106,3.293313576440231e-06,0.0022116065937963806,2.2116065937963807,4.196898065876827,-0.01102939706711359,0.011029397067113589,0.011029397067113589,2.2116065937963807
0.0013434592606268107,3.3107114562387442e-06,0.0022186436753068683,2.2186436753068683,4.162415615366761,-0.010798733000332739,0.010798733000332739,0.010798733000332739,2.2186436753068683
0.0013454592606268107,3.327631715311942e-06,0.002225462132646001,2.225462132646001,4.127275871178782,-0.010565631880737671,0.01056563188073767,0.01056563188073767,2.225462132646001
0.0013474592606268108,3.3440699440496176e-06,0.0022320625119740057,2.2320625119740054,4.091484382285838,-0.010330121501732403,0.010330121501732403,0.010330121501732403,2.2320625119740054
0.0013494592606268108,3.3600217882208328e-06,0.00223844531178003,2.2384453117800307,4.055046800578945,-0.010092230493327303,0.010092230493327303,0.010092230493327303,2.2384453117800307
0.0013514592606268109,3.375482950730768e-06,0.002244610983823023,2.244610983823023,4.017968879974642,-0.00985198831195344,0.009851988311953441,0.009851988311953441,2.244610983823023
0.001353459260626811,3.390449193355347e-06,0.0022505599340154757,2.2505599340154756,3.980256475506417,-0.00960942523050523,0.00960942523050523,0.00960942523050523,2.2505599340154756
0.001355459260626811,3.40491633845707e-06,0.002256292523252959,2.2562925232529594,3.9419155424001193,-0.009364572328595333,0.009364572328595333,0.009364572328595333,2.2562925232529594
0.001357459260626811,3.4188802706772573e-06,0.0022618090681889662,2.261809068188966,3.9029521351335363,-0.00911746148302539,0.00911746148302539,0.00911746148302539,2.261809068188966
0.001359459260626811,3.4323369386086793e-06,0.0022671098419580153,2.267109841958016,3.863372406480364,-0.00886812535845749,0.00886812535845749,0.00886812535845749,2.267109841958016
0.0013614592606268111,3.4452823564483792e-06,0.00227219507484822,2.27219507484822,3.823182606538564,-0.008616597398279689,0.00861659739827969,0.008616597398279689,2.27219507484822
0.0013634592606268112,3.457712605632884e-06,0.002277064954925331,2.277064954925331,3.7823890817434638,-0.008362911815656293,0.008362911815656293,0.008362911815656293,2.277064954925331
0.0013654592606268112,3.4696238364495363e-06,0.0022817196286069184,2.2817196286069183,3.740998273865511,-0.008107103584769959,0.008107103584769959,0.008107103584769959,2.2817196286069183
0.0013674592606268113,3.481012269636795e-06,0.002286159201192737,2.2861592011927367,3.699016718993082,-0.007849208432224142,0.007849208432224142,0.00784920843222414,2.2861592011927367
0.0013694592606268113,3.4918741979592325e-06,0.0022903837373466004,2.2903837373466005,3.656451046500367,-0.007589262828632037,0.007589262828632037,0.007589262828632035,2.2903837373466005
0.0013714592606268114,3.502205987769023e-06,0.0022943932615352583,2.2943932615352582,3.6133079780004715,-0.007327303980362297,0.007327303980362299,0.007327303980362296,2.2943932615352582
0.0013734592606268114,3.5120040805509843e-06,0.0022981877584238772,2.298187758423877,3.5695943262840686,-0.007063369821445509,0.007063369821445509,0.007063369821445509,2.298187758423877
0.0013754592606268115,3.5212649944466607e-06,0.0023017671732270804,2.3017671732270806,3.5253169942434943,-0.006797499005646744,0.0067974990056467455,0.006797499005646743,2.3017671732270806
0.0013774592606268115,3.5299853257655747e-06,0.0023051314120193472,2.305131412019348,3.480482973782752,-0.00652973089868558,0.006529730898685582,0.006529730898685579,2.305131412019348
0.0013794592606268116,3.53816175048088e-06,0.002308280342004223,2.308280342004223,3.435099344713417,-0.006260105570606633,0.006260105570606633,0.006260105570606633,2.308280342004223
0.0013814592606268116,3.545791025706222e-06,0.002311213791741607,2.311213791741607,3.3891732736366036,-0.005988663788305537,0.005988663788305537,0.005988663788305537,2.311213791741607
0.0013834592606268117,3.5528699911596835e-06,0.002313931551335807,2.313931551335807,3.3427120128113534,-0.005715447008197481,0.005715447008197483,0.00571544700819748,2.313931551335807
0.0013854592606268117,3.5593955706130087e-06,0.0023164333725840002,2.316433372584,3.295722899009333,-0.005440497369029627,0.005440497369029629,0.005440497369029626,2.316433372584
0.0013874592606268118,3.5653647733249894e-06,0.002318718969084949,2.318718969084949,3.248213352356321,-0.005163857684840956,0.005163857684840956,0.005163857684840956,2.318718969084949
0.0013894592606268118,3.5707746954627976e-06,0.0023207880163096453,2.3207880163096455,3.2001908751604873,-0.004885571438060232,0.004885571438060232,0.004885571438060232,2.3207880163096455
0.0013914592606268119,3.5756225215054127e-06,0.0023226401516317826,2.3226401516317825,3.1516630507276773,-0.004605682772754969,0.004605682772754971,0.004605682772754971,2.3226401516317825
0.001393459260626812,3.5799055256401704e-06,0.0023242749743223557,2.3242749743223556,3.1026375421639263,-0.004324236488008726,0.004324236488008726,0.004324236488008726,2.3242749743223556
0.001395459260626812,3.583621073139821e-06,0.002325692045503585,2.325692045503585,3.0531220911653523,-0.004041278031454263,0.004041278031454265,0.0040412780314542625,2.325692045503585
0.001397459260626812,3.5867666217304457e-06,0.0023268908880660676,2.3268908880660675,3.003124516795662,-0.0037568534929421915,0.0037568534929421915,0.0037568534929421915,2.3268908880660675
0.001399459260626812,3.5893397229472636e-06,0.0023278709865479064,2.3278709865479064,2.9526527142514465,-0.0034710095983530014,0.003471009598353003,0.003471009598353001,2.3278709865479064
0.001401459260626812,3.591338023475541e-06,0.0023286317869745873,2.3286317869745874,2.9017146536154135,-0.003183793703560145,0.003183793703560145,0.003183793703560145,2.3286317869745874
0.0014034592606268121,3.592759266484163e-06,0.0023291726966622284,2.329172696662228,2.850318378597839,-0.0028952537885311713,0.0028952537885311713,0.0028952537885311713,2.329172696662228
0.0014054592606268122,3.5936012929436335e-06,0.0023294930839807644,2.3294930839807644,2.7984720052663454,-0.0026054384515865614,0.0026054384515865614,0.0026054384515865614,2.3294930839807644
0.0014074592606268122,3.593862042936796e-06,0.0023295922780798605,2.3295922780798604,2.7461837207642956,-0.002314396903802418,0.002314396903802418,0.002314396903802418,2.3295922780798604
0.0014094592606268123,3.593539556957754e-06,0.0023294695685753784,2.3294695685753783,2.693461782017966,-0.0020221789635699317,0.0020221789635699317,0.0020221789635699317,2.3294695685753783
0.0014114592606268123,3.5926319771986156e-06,0.0023291242051957676,2.3291242051957677,2.640314514432656,-0.0017288350513160466,0.0017288350513160466,0.0017288350513160466,2.3291242051957677
0.0014134592606268124,3.5911375488320143e-06,0.0023285553973908264,2.328555397390826,2.5867503105780276,-0.001434416184373342,0.0014344161843733438,0.0014344161843733415,2.328555397390826
0.0014154592606268124,3.5890546212771074e-06,0.0023277623138975184,2.3277623138975185,2.5327776288627986,-0.0011389739720293335,0.0011389739720293335,0.0011389739720293335,2.3277623138975185
0.0014174592606268125,3.5863816494634425e-06,0.002326744082267622,2.3267440822676217,2.4784049921990743,-0.0008425606107302919,0.0008425606107302919,0.0008425606107302919,2.3267440822676217
0.0014194592606268125,3.5831171950829667e-06,0.0023254997883527277,2.3254997883527277,2.4236409866564994,-0.0005452288794653981,0.0005452288794653981,0.0005452288794653981,2.3254997883527277
0.0014214592606268126,3.5792599278339393e-06,0.002324028475747183,2.324028475747183,2.3684942601063943,-0.00024703213532895063,0.00024703213532895063,0.00024703213532895063,2.324028475747183
0.0014234592606268126,3.574808626657351e-06,0.002322329145188291,2.3223291451882906,2.3129735208561693,5.197569073400743e-05,-5.197569073400743e-05,-5.197569073400743e-05,2.3223291451882906
0.0014254592606268127,3.569762180969683e-06,0.002320400753914239,2.320400753914239,2.2570875362741614,0.0003517400980004304,-0.0003517400980004304,-0.0003517400980004304,2.320400753914239
0.0014274592606268127,3.564119591882922e-06,0.0023182422149752436,2.3182422149752435,2.2008451314051714,0.0006522060198337343,-0.0006522060198337343,-0.0006522060198337343,2.3182422149752435
0.0014294592606268128,3.5578799734244367e-06,0.0023158523965015766,2.3158523965015765,2.1442551875769422,0.0009533178273590792,-0.0009533178273590792,-0.0009533178273590792,2.3158523965015765
0.0014314592606268128,3.5510425537465376e-06,0.00231323012092338,2.31323012092338,2.0873266409975915,0.001255019332921048,-0.001255019332921048,-0.001255019332921048,2.31323012092338
0.0014334592606268129,3.543606676335399e-06,0.002310374164144686,2.310374164144686,2.030068481344578,0.0015572537933339348,-0.0015572537933339348,-0.0015572537933339348,2.310374164144686
0.001435459260626813,3.5355718012103837e-06,0.0023072832546668512,2.307283254666851,1.9724897503450511,0.0018599639128988894,-0.0018599639128988876,-0.001859963912898889,2.307283254666851
0.001437459260626813,3.526937506123568e-06,0.0023039560726637,2.3039560726637,1.9145995403481184,0.0021630918461976734,-0.0021630918461976734,-0.0021630918461976747,2.3039560726637
0.001439459260626813,3.5177034877548354e-06,0.002300391249005105,2.300391249005105,1.8564069928890305,0.0024665792006448584,-0.0024665792006448584,-0.002466579200644857,2.300391249005105
0.001441459260626813,3.5078695629024046e-06,0.0022965873642273194,2.2965873642273196,1.7979212972456051,0.0027703670387873025,-0.0027703670387873025,-0.0027703670387873025,2.2965873642273196
0.0014434592606268131,3.497435669671861e-06,0.0022925429474495627,2.2925429474495624,1.7391516889871879,0.0030743958803465254,-0.0030743958803465254,-0.0030743958803465254,2.2925429474495624
0.0014454592606268132,3.486401868664856e-06,0.0022882564752355365,2.2882564752355368,1.680107448516185,0.0033786057039963974,-0.0033786057039963957,-0.0033786057039963983,2.2882564752355368
0.0014474592606268132,3.474768344166443e-06,0.002283726370397626,2.283726370397626,1.6207978996026382,0.0036829359488610436,-0.0036829359488610436,-0.0036829359488610436,2.283726370397626
0.0014494592606268133,3.462535405330191e-06,0.002278951000741489,2.278951000741489,1.5612324079118673,0.003987325515720119,-0.003987325515720119,-0.003987325515720119,2.278951000741489
0.0014514592606268133,3.4497034873680865e-06,0.002273928677751749,2.273928677751749,1.5014203795254981,0.004291712767923617,-0.004291712767923617,-0.004291712767923617,2.273928677751749
0.0014534592606268134,3.4362731527354953e-06,0.002268657655212886,2.268657655212886,1.4413712594561936,0.004596035531981624,-0.004596035531981624,-0.004596035531981624,2.268657655212886
0.0014554592606268134,3.4222450923226083e-06,0.002263136127767565,2.263136127767565,1.3810945301561064,0.004900231097841435,-0.004900231097841434,-0.004900231097841436,2.263136127767565
0.0014574592606268135,3.4076201266487977e-06,0.002257362229408759,2.257362229408759,1.320599710019552,0.00520423621882893,-0.005204236218828928,-0.00520423621882893,2.257362229408759
0.0014594592606268135,3.392399207057218e-06,0.002251334031902239,2.251334031902239,1.2598963518799164,0.005507987111235125,-0.005507987111235124,-0.005507987111235126,2.251334031902239
0.0014614592606268136,3.3765834169177077e-06,0.0022450495431401516,2.2450495431401514,1.1989940415011286,0.005811419453550126,-0.005811419453550126,-0.005811419453550126,2.2450495431401514
0.0014634592606268136,3.3601739728301872e-06,0.002238506705420104,2.2385067054201047,1.1379023960640164,0.006114468385311602,-0.0061144683853116,-0.006114468385311602,2.2385067054201047
0.0014654592606268137,3.3431722258402414e-06,0.002231703393651773,2.231703393651773,1.0766310626475741,0.006417068505578883,-0.006417068505578882,-0.006417068505578882,2.231703393651773
0.0014674592606268137,3.325579662656641e-06,0.0022246374134843325,2.2246374134843325,1.0151897167056365,0.0067191538709927565,-0.006719153870992756,-0.006719153870992756,2.2246374134843325
0.0014694592606268137,3.3073979068793724e-06,0.0022173064993553865,2.2173064993553866,0.9535880605389873,0.007020657993424441,-0.0070206579934244395,-0.007020657993424441,2.2173064993553866
0.0014714592606268138,3.288628720236864e-06,0.0022097083124581135,2.2097083124581136,0.8918358217632266,0.007321513837193817,-0.007321513837193816,-0.007321513837193816,2.2097083124581136
0.0014734592606268138,3.2692740038326783e-06,0.0022018404386239315,2.2018404386239316,0.8299427517727296,0.007621653815840012,-0.007621653815840013,-0.007621653815840012,2.2018404386239316
0.001475459260626814,3.2493357994037953e-06,0.0021937003861187006,2.1937003861187008,0.7679186242007172,0.007921009788433242,-0.007921009788433242,-0.007921009788433242,2.1937003861187008
0.001477459260626814,3.2288162905907016e-06,0.0021852855833496927,2.1852855833496925,0.7057732333759483,0.008219513055409692,-0.008219513055409688,-0.00821951305540969,2.1852855833496925
0.001479459260626814,3.2077178042212336e-06,0.002176593376481277,2.176593376481277,0.6435163927760554,0.008517094353917898,-0.008517094353917898,-0.008517094353917896,2.176593376481277
0.001481459260626814,3.1860428116113567e-06,0.0021676210269578173,2.1676210269578173,0.5811579334778557,0.008813683852666454,-0.008813683852666454,-0.008813683852666454,2.1676210269578173
0.001483459260626814,3.1637939298765974e-06,0.002158365708928427,2.158365708928427,0.5187077026049721,0.009109211146241416,-0.009109211146241414,-0.009109211146241417,2.158365708928427
0.0014854592606268141,3.1409739232656605e-06,0.0021488245065756162,2.148824506575616,0.45617556177278795,0.0094036052489046,-0.0094036052489046,-0.0094036052489046,2.148824506575616
0.0014874592606268142,3.1175857045111592e-06,0.002138994411343225,2.1389944113432255,0.39357138553124493,0.009696794587844337,-0.009696794587844337,-0.009696794587844337,2.1389944113432255
0.0014894592606268142,3.093632336197078e-06,0.002128872319061024,2.128872319061024,0.3309050598055111,0.00998870699586396,-0.00998870699586396,-0.00998870699586396,2.128872319061024
0.0014914592606268143,3.0691170321517416e-06,0.0021184550269674326,2.1184550269674327,0.26818648033485204,0.010279269703514338,-0.010279269703514338,-0.010279269703514338,2.1184550269674327
0.0014934592606268143,3.044043158859616e-06,0.0021077392306256644,2.1077392306256644,0.20542555111003175,0.010568409330642405,-0.010568409330642403,-0.010568409330642403,2.1077392306256644
0.0014954592606268144,3.0184142369004093e-06,0.0020967215207352,2.0967215207352,0.14263218280933154,0.010856051877365935,-0.010856051877365935,-0.010856051877365935,2.0967215207352
0.0014974592606268144,2.992233942408336e-06,0.002085398379834378,2.085398379834378,0.07981629123351215,0.011142122714449254,-0.011142122714449254,-0.011142122714449254,2.085398379834378
0.0014994592606268145,2.965506108561608e-06,0.0020737661788976253,2.073766178897625,0.016987795740056065,0.011426546573097607,-0.011426546573097607,-0.011426546573097607,2.073766178897625
0.0015014592606268145,2.938234727101651e-06,0.002061821173827039,2.0618211738270387,-0.04584338232328503,0.011709247534168465,-0.011709247534168465,-0.011709247534168465,2.0618211738270387
0.0015034592606268146,2.9104239498752667e-06,0.0020495595018359507,2.0495595018359505,-0.10866732118512393,0.011990149016783747,-0.011990149016783747,-0.011990149016783747,2.0495595018359505
0.0015054592606268146,2.8820780904123304e-06,0.0020369771777312994,2.0369771777312993,-0.17147410021722725,0.012269173766380703,-0.012269173766380703,-0.012269173766380703,2.0369771777312993
0.0015074592606268147,2.8532016255362315e-06,0.0020240700900961027,2.0240700900961026,-0.23425380150112435,0.012546243842206817,-0.012546243842206817,-0.012546243842206817,2.0240700900961026
0.0015094592606268147,2.8237991970022704e-06,0.0020108339973734838,2.0108339973734837,-0.29699651139419936,0.012821280604264906,-0.012821280604264906,-0.012821280604264906,2.0108339973734837
0.0015114592606268148,2.7938756131767034e-06,0.0019972645238628324,1.9972645238628324,-0.35969232209524127,0.013094204699767078,-0.013094204699767076,-0.013094204699767076,1.9972645238628324
0.0015134592606268148,2.7634358507484297e-06,0.001983357155631249,1.983357155631249,-0.42233133320893856,0.013364936049112153,-0.013364936049112153,-0.013364936049112153,1.983357155631249
0.0015154592606268149,2.73248505647596e-06,0.0019691072363498905,1.9691072363498905,-0.4849036533092933,0.01363339383143991,-0.01363339383143991,-0.01363339383143991,1.9691072363498905
0.001517459260626815,2.7010285489752126e-06,0.001954509963068505,1.954509963068505,-0.5473994015016179,0.013899496469834016,-0.013899496469834016,-0.013899496469834016,1.954509963068505
0.001519459260626815,2.669071820544245e-06,0.001939560381939756,1.939560381939756,-0.6098087089827813,0.01416316161623632,-0.01416316161623632,-0.01416316161623632,1.939560381939756
0.001521459260626815,2.636620539026078e-06,0.0019242533839101555,1.9242533839101554,-0.6721217205996783,0.014424306136165743,-0.014424306136165743,-0.014424306136165743,1.9242533839101554
0.001523459260626815,2.603680549711919e-06,0.0019085837003984926,1.9085837003984927,-0.7343285964054105,0.014682846093355018,-0.014682846093355018,-0.014682846093355018,1.9085837003984927
0.0015254592606268151,2.5702578772847498e-06,0.0018925458989856128,1.8925458989856128,-0.7964195132131544,0.014938696734437595,-0.014938696734437595,-0.014938696734437595,1.8925458989856128
0.0015274592606268152,2.5363587277987032e-06,0.0018761343791418516,1.8761343791418517,-0.8583846661473826,0.01519177247382908,-0.01519177247382908,-0.01519177247382908,1.8761343791418517
0.0015294592606268152,2.5019894906984724e-06,0.0018593433680279534,1.8593433680279534,-0.9202142701921069,0.015441986879000336,-0.015441986879000336,-0.015441986879000336,1.8593433680279534
0.0015314592606268153,2.467156740878709e-06,0.0018421669164095378,1.8421669164095378,-0.981898561736123,0.015689252656364783,-0.015689252656364783,-0.015689252656364783,1.8421669164095378
0.0015334592606268153,2.431867240773226e-06,0.0018245988947273267,1.8245988947273266,-1.0434278001146942,0.015933481638011227,-0.015933481638011227,-0.015933481638011227,1.8245988947273266
0.0015354592606268154,2.3961279424814533e-06,0.0018066329893819675,1.8066329893819675,-1.1047922691478287,0.01617458476960998,-0.01617458476960998,-0.01617458476960998,1.8066329893819675
0.0015374592606268154,2.3599459899233675e-06,0.001788262699293884,1.788262699293884,-1.1659822786745149,0.016412472099824438,-0.016412472099824438,-0.016412472099824438,1.788262699293884
0.0015394592606268155,2.323328721019817e-06,0.0017694813328119504,1.7694813328119503,-1.2269881660828945,0.016647052771638027,-0.016647052771638027,-0.016647052771638027,1.7694813328119503
0.0015414592606268155,2.2862836698942703e-06,0.001750282005056651,1.750282005056651,-1.2878002978361685,0.01687823501607122,-0.01687823501607122,-0.01687823501607122,1.750282005056651
0.0015434592606268155,2.2488185690885474e-06,0.001730657635795617,1.730657635795617,-1.3484090709937426,0.017105926148829775,-0.017105926148829775,-0.017105926148829775,1.730657635795617
0.0015454592606268156,2.2109413517854867e-06,0.00171060094796555,1.71060094796555,-1.408804914727753,0.01733003257051835,-0.01733003257051835,-0.01733003257051835,1.71060094796555
0.0015474592606268156,2.172660154028786e-06,0.0016901044669712885,1.6901044669712886,-1.4689782918343517,0.017550459771142446,-0.017550459771142446,-0.017550459771142446,1.6901044669712886
0.0015494592606268157,2.1339833169299544e-06,0.0016691605209132035,1.6691605209132034,-1.5289197002397246,0.01776711233973849,-0.01776711233973849,-0.01776711233973849,1.6691605209132034
0.0015514592606268157,2.0949193888474015e-06,0.0016477612419148596,1.6477612419148595,-1.588619674500647,0.017979893980086148,-0.017979893980086148,-0.017979893980086148,1.6477612419148595
0.0015534592606268158,2.055477127523001e-06,0.001625898568749358,1.6258985687493581,-1.6480687872990858,0.018188707533602466,-0.018188707533602466,-0.018188707533602466,1.6258985687493581
0.0015554592606268158,2.015665502158925e-06,0.0016035642509911847,1.6035642509911847,-1.7072576509309982,0.018393455010678794,-0.018393455010678794,-0.018393455010678794,1.6035642509911847
0.0015574592606268159,1.975493695410628e-06,0.0015807498549499875,1.5807498549499874,-1.7661769187886625,0.018594037631881388,-0.018594037631881388,-0.018594037631881388,1.5807498549499874
0.001559459260626816,1.9349711052712473e-06,0.0015574467716796291,1.5574467716796294,-1.8248172868366772,0.018790355880646148,-0.018790355880646148,-0.018790355880646148,1.5574467716796294
0.001561459260626816,1.8941073468223182e-06,0.0015336462273973972,1.5336462273973972,-1.883169495081164,0.01898230956932534,-0.01898230956932534,-0.01898230956932534,1.5336462273973972
0.001563459260626816,1.8529122538082462e-06,0.0015093392966845506,1.5093392966845505,-1.9412243290319677,0.019169797920647325,-0.019169797920647325,-0.019169797920647325,1.5093392966845505
0.001565459260626816,1.8113958800049738e-06,0.0014845169188975299,1.4845169188975298,-1.9989726211578391,0.019352719666974272,-0.019352719666974272,-0.019352719666974272,1.4845169188975298
0.0015674592606268161,1.7695685003309263e-06,0.0014591699182622412,1.459169918262241,-2.0564052523339957,0.019530973169979093,-0.019530973169979093,-0.019530973169979093,1.459169918262241
0.0015694592606268162,1.7274406116507498e-06,0.0014332890281854502,1.4332890281854502,-2.1135131532822107,0.019704456563709227,-0.019704456563709227,-0.019704456563709227,1.4332890281854502
0.0015714592606268162,1.685022933214081e-06,0.0014068649203776125,1.4068649203776125,-2.170287306002901,0.019873067924336185,-0.019873067924336185,-0.019873067924336185,1.4068649203776125
0.0015734592606268163,1.6423264066597847e-06,0.0013798882394433943,1.3798882394433942,-2.2267187451991965,0.020036705470236615,-0.020036705470236615,-0.020036705470236615,1.3798882394433942
0.0015754592606268163,1.5993621955099652e-06,0.0013523496436644482,1.3523496436644482,-2.282798559692691,0.02019526779642855,-0.02019526779642855,-0.02019526779642855,1.3523496436644482
0.0015774592606268164,1.5561416840693155e-06,0.0013242398527675565,1.3242398527675565,-2.338517893830561,0.02034865414776732,-0.02034865414776732,-0.02034865414776732,1.3242398527675565
0.0015794592606268164,1.5126764756296075e-06,0.0012955497035349916,1.2955497035349914,-2.393867948884044,0.02049676473566131,-0.02049676473566131,-0.02049676473566131,1.2955497035349914
0.0015814592606268165,1.4689783898727689e-06,0.0012662702141802676,1.2662702141802678,-2.4488399844378,0.02063950110343371,-0.02063950110343371,-0.02063950110343371,1.2662702141802678
0.0015834592606268165,1.4250594593509708e-06,0.001236392658466587,1.236392658466587,-2.503425319770152,0.020776766545759662,-0.020776766545759662,-0.020776766545759662,1.236392658466587
0.0015854592606268166,1.3809319249082888e-06,0.0012059086505879586,1.2059086505879586,-2.5576153352238933,0.02090846658784362,-0.02090846658784362,-0.02090846658784362,1.2059086505879586
0.0015874592606268166,1.3366082298978479e-06,0.0011748102418595546,1.1748102418595545,-2.611401473567378,0.021034509530149625,-0.021034509530149625,-0.021034509530149625,1.1748102418595545
0.0015894592606268167,1.2921010130311217e-06,0.001143090030259699,1.1430900302596991,-2.664775241345867,0.021154807064475367,-0.021154807064475367,-0.021154807064475367,1.1430900302596991
0.0015914592606268167,1.2474230996856098e-06,0.0011107412838299603,1.1107412838299604,-2.7177282102226927,0.021269274966959184,-0.021269274966959184,-0.021269274966959184,1.1107412838299604
0.0015934592606268168,1.2025874914828225e-06,0.001077758078853202,1.077758078853202,-2.7702520183102126,0.02137783387313008,-0.02137783387313008,-0.02137783387313008,1.077758078853202
0.0015954592606268168,1.1576073539380234e-06,0.0010441354535832162,1.0441354535832161,-2.822338371490268,0.021480410139297135,-0.021480410139297135,-0.021480410139297135,1.0441354535832161
0.0015974592606268169,1.1124960019736745e-06,0.001009869578075897,1.009869578075897,-2.8739790447238733,0.021576936793332058,-0.021576936793332058,-0.021576936793332058,1.009869578075897
0.001599459260626817,1.0672668830857451e-06,0.000974957940357335,0.974957940357335,-2.9251658833501026,0.02166735457615243,-0.02166735457615243,-0.02166735457615243,0.974957940357335
0.001601459260626817,1.0219335579477335e-06,0.000939399548734194,0.939399548734194,-2.9758908043737513,0.021751613072821918,-0.021751613072821918,-0.021751613072821918,0.939399548734194
0.001603459260626817,9.76509678247485e-07,0.0009031951494997177,0.9031951494997177,-3.026145797741762,0.021829671929119332,-0.021829671929119332,-0.021829671929119332,0.9031951494997177
0.001605459260626817,9.310089615647838e-07,0.0008663474585898752,0.8663474585898752,-3.0759229276081217,0.021901502145544427,-0.021901502145544427,-0.021901502145544427,0.8663474585898752
0.001607459260626817,8.854451631197164e-07,0.0008288614048910316,0.8288614048910317,-3.1252143335869818,0.021967087435988963,-0.021967087435988963,-0.021967087435988963,0.8288614048910317
0.0016094592606268172,8.398320442641944e-07,0.000790744381897861,0.790744381897861,-3.174012231993928,0.02202642563273216,-0.02202642563273216,-0.02202642563273216,0.790744381897861
0.0016114592606268172,7.941833376333528e-07,0.0007520065032609127,0.7520065032609127,-3.2223089170751322,0.02207953011297803,-0.02207953011297803,-0.02207953011297803,0.7520065032609127
0.0016134592606268173,7.485127089455654e-07,0.0007126608564906585,0.7126608564906585,-3.2700967622241333,0.022126431215082176,-0.022126431215082176,-0.022126431215082176,0.7126608564906585
0.0016154592606268173,7.028337155211553e-07,0.000672723747728822,0.6727237477288219,-3.3173682211862214,0.022167177605083577,-0.022167177605083577,-0.022167177605083577,0.6727237477288219
0.0016174592606268173,6.571597616926085e-07,0.0006322149291366674,0.6322149291366674,-3.3641158292500317,0.022201837546592773,-0.022201837546592773,-0.022201837546592773,0.6322149291366674
0.0016194592606268174,6.11504051397727e-07,0.0005911577991762167,0.5911577991762167,-3.4103322044263296,0.022230500020014147,-0.022230500020014143,-0.022230500020014147,0.5911577991762167
0.0016214592606268174,5.658795383823244e-07,0.0005495795649994228,0.5495795649994228,-3.456010048613729,0.022253275631184177,-0.022253275631184177,-0.022253275631184177,0.5495795649994228
0.0016234592606268175,5.202988745850882e-07,0.0005075113554566299,0.50751135545663,-3.5011421487511067,0.022270297245598536,-0.022270297245598536,-0.02227029724559854,0.50751135545663
0.0016254592606268175,4.7477435742761467e-07,0.0004649882730481649,0.4649882730481649,-3.545721377956676,0.02228172028336023,-0.02228172028336023,-0.022281720283360232,0.4649882730481649
0.0016274592606268176,4.293178768848632e-07,0.00042204937363486027,0.4220493736348603,-3.58974069665336,0.022287722612712335,-0.022287722612712335,-0.022287722612712335,0.4220493736348603
0.0016294592606268176,3.839408633472523e-07,0.00037873756402328373,0.37873756402328373,-3.6331931536804407,0.022288503987242914,-0.022288503987242914,-0.022288503987242914,0.37873756402328373
0.0016314592606268177,3.386542374021478e-07,0.000335099409745022,0.33509940974502195,-3.6760718873912515,0.02228428498409041,-0.022284284984090408,-0.02228428498409041,0.33509940974502195
0.0016334592606268177,2.934683627420564e-07,0.0002911848484658592,0.29118484846585924,-3.7183701267366587,0.02227530541779177,-0.02227530541779177,-0.022275305417791765,0.29118484846585924
0.0016354592606268178,2.483930034410263e-07,0.0002470468084100328,0.2470468084100328,-3.760081192334347,0.02226182222635767,-0.02226182222635767,-0.02226182222635767,0.2470468084100328
0.0016374592606268178,2.0343728681884417e-07,0.00020274073577248637,0.2027407357724864,-3.8011984975235213,0.02224410685164449,-0.02224410685164449,-0.022244106851644487,0.2027407357724864
0.0016394592606268179,1.5860967302797154e-07,0.00015832404001490285,0.15832404001490286,-3.84171554940504,0.022222442163444128,-0.022222442163444128,-0.022222442163444128,0.15832404001490286
0.001641459260626818,1.139179323499554e-07,0.00011385547080795667,0.11385547080795666,-3.881625949866734,0.02219711900374828,-0.02219711900374828,-0.02219711900374828,0.11385547080795666
0.001643459260626818,6.936913097874534e-08,6.939444474941859e-05,0.06939444474941858,-3.9209233965937025,0.02216843245190623,-0.02216843245190623,-0.02216843245190623,0.06939444474941858
0.001645459260626818,2.4969836005321715e-08,2.496827945308855e-05,0.02496827945308855,-3.959601684063569,0.022136499797314767,-0.022136499797314767,-0.022136499797314767,0.02496827945308855
0.001647459260626818,-1.927451376011313e-08,-1.9267797090237073e-05,-0.01926779709023707,-3.9976547045263624,0.022102149485756253,-0.022102149485756253,-0.022102149485756253,-0.01926779709023707
0.0016494592606268181,-6.335916915579285e-08,-6.335354381901758e-05,-0.06335354381901759,-4.035076448969022,0.02206512725083336,-0.022065127250833358,-0.022065127250833358,-0.06335354381901759
0.0016514592606268182,-1.0727962815557051e-07,-0.0001072014028533217,-0.10720140285332169,-4.071861008064305,0.022025886695616573,-0.022025886695616573,-0.022025886695616576,-0.10720140285332169
0.0016534592606268182,-1.5103224179253307e-07,-0.00015075887385471143,-0.15075887385471143,-4.1080025731038985,0.021984687218051042,-0.02198468721805104,-0.021984687218051042,-0.15075887385471143
0.0016554592606268183,-1.9461396460926188e-07,-0.00019397663716828984,-0.19397663716828983,-4.143495436915728,0.02194177110970799,-0.02194177110970799,-0.02194177110970799,-0.19397663716828983
0.0016574592606268183,-2.3802231154159168e-07,-0.0002368089423758457,-0.2368089423758457,-4.178333994765146,0.021897361402162783,-0.02189736140216278,-0.02189736140216278,-0.2368089423758457
0.0016594592606268184,-2.8125531022264076e-07,-0.0002792139198396999,-0.2792139198396999,-4.212512745240001,0.021851660141112783,-0.021851660141112783,-0.021851660141112783,-0.2792139198396999
0.0016614592606268184,-3.243114498712271e-07,-0.00032115379169989924,-0.3211537916998992,-4.24602629111939,0.02180484721899717,-0.02180484721899717,-0.02180484721899717,-0.3211537916998992
0.0016634592606268185,-3.671896280632633e-07,-0.0003625949852294519,-0.3625949852294519,-4.278869340225908,0.021757079749980316,-0.021757079749980313,-0.021757079749980313,-0.3625949852294519
0.0016654592606268185,-4.098890966221266e-07,-0.00040350815535626384,-0.40350815535626383,-4.311036706261383,0.021708491949472886,-0.021708491949472886,-0.021708491949472886,-0.40350815535626383
0.0016674592606268186,-4.5240940775392654e-07,-0.0004438681261369761,-0.4438681261369761,-4.342523309625816,0.021659195463826886,-0.021659195463826886,-0.021659195463826886,-0.4438681261369761
0.0016694592606268186,-4.947503614135606e-07,-0.0004836537629433453,-0.4836537629433453,-4.373324178219527,0.021609280084867677,-0.021609280084867677,-0.02160928008486768,-0.4836537629433453
0.0016714592606268187,-5.369119547256777e-07,-0.0005228477881280513,-0.5228477881280513,-4.403434448228319,0.021558814778334823,-0.021558814778334823,-0.021558814778334823,-0.5228477881280513
0.0016734592606268187,-5.7889433411724e-07,-0.0005614365530920971,-0.5614365530920971,-4.432849364891501,0.021507848954441133,-0.021507848954441133,-0.021507848954441133,-0.5614365530920971
0.0016754592606268188,-6.20697750651216e-07,-0.0005994097791383659,-0.5994097791383659,-4.461564283252749,0.021456413911746575,-0.021456413911746575,-0.021456413911746575,-0.5994097791383659
0.0016774592606268188,-6.6232251889672e-07,-0.0006367602784519199,-0.63676027845192,-4.489574668893579,0.02140452439134255,-0.02140452439134255,-0.02140452439134255,-0.63676027845192
0.0016794592606268189,-7.037689795303954e-07,-0.0006734836651714953,-0.6734836651714953,-4.516876098649385,0.02135218018598828,-0.02135218018598828,-0.02135218018598828,-0.6734836651714953
0.001681459260626819,-7.450374657436938e-07,-0.0007095780649711058,-0.7095780649711059,-4.54346426130793,0.0212993677574268,-0.0212993677574268,-0.0212993677574268,-0.7095780649711059
0.001683459260626819,-7.861282734300783e-07,-0.0007450438299845317,-0.7450438299845317,-4.569334958290106,0.02124606182391986,-0.02124606182391986,-0.02124606182391986,-0.7450438299845317
0.001685459260626819,-8.270416350481605e-07,-0.0007798832643805622,-0.7798832643805622,-4.594484104312956,0.0211922268885133,-0.0211922268885133,-0.0211922268885133,-0.7798832643805622
0.001687459260626819,-8.677776969940965e-07,-0.0008141003644956984,-0.8141003644956983,-4.618907728034783,0.021137818686328247,-0.021137818686328247,-0.021137818686328247,-0.8141003644956983
0.001689459260626819,-9.083365002757216e-07,-0.0008477005762017229,-0.8477005762017229,-4.642601972682275,0.021082785536003068,-0.021082785536003068,-0.021082785536003068,-0.8477005762017229
0.0016914592606268191,-9.487179642506127e-07,-0.0008806905711385507,-0.8806905711385506,-4.665563096659534,0.021027069586227687,-0.021027069586227687,-0.021027069586227687,-0.8806905711385506
0.0016934592606268192,-9.889218731761998e-07,-0.0009130780425869407,-0.9130780425869407,-4.687787474138909,0.02097060795306649,-0.02097060795306649,-0.02097060795306649,-0.9130780425869407
0.0016954592606268192,-1.0289478653131622e-06,-0.000944871521075259,-0.944871521075259,-4.70927159563356,0.020913333747546115,-0.020913333747546115,-0.020913333747546115,-0.944871521075259
0.0016974592606268193,-1.068795424326193e-06,-0.0009760802092965427,-0.9760802092965428,-4.730012068551649,0.0208551769958617,-0.0208551769958617,-0.0208551769958617,-0.9760802092965428
0.0016994592606268193,-1.1084638727338425e-06,-0.001006713835533171,-1.006713835533171,-4.750005617732074,0.020796065456660573,-0.020796065456660573,-0.020796065456660573,-1.006713835533171
0.0017014592606268194,-1.1479523671718037e-06,-0.0010367825245260161,-1.036782524526016,-4.7692490859616505,0.02073592534130908,-0.02073592534130908,-0.02073592534130908,-1.036782524526016
0.0017034592606268194,-1.187259895247982e-06,-0.0010662966845597164,-1.0662966845597164,-4.787739434473664,0.020674681943966378,-0.020674681943966378,-0.020674681943966378,-1.0662966845597164
0.0017054592606268195,-1.2263852737866264e-06,-0.001095266909449549,-1.095266909449549,-4.805473743427738,0.020612260188767717,-0.020612260188767717,-0.020612260188767717,-1.095266909449549
0.0017074592606268195,-1.2653271482735855e-06,-0.0011237038940843701,-1.12370389408437,-4.822449212370904,0.020548585101591854,-0.020548585101591854,-0.020548585101591854,-1.12370389408437
0.0017094592606268196,-1.3040839933326705e-06,-0.0011516183621956147,-1.1516183621956149,-4.838663160679831,0.0204835822138012,-0.0204835822138012,-0.0204835822138012,-1.1516183621956149
0.0017114592606268196,-1.3426541140842807e-06,-0.0011790210050719816,-1.1790210050719816,-4.854113027984127,0.020417177905067474,-0.020417177905067474,-0.020417177905067474,-1.1790210050719816
0.0017134592606268197,-1.3810356482462288e-06,-0.001205922430001957,-1.2059224300019569,-4.86879637457064,0.02034929969204824,-0.02034929969204824,-0.02034929969204824,-1.2059224300019569
0.0017154592606268197,-1.419226568860251e-06,-0.0012323331173141208,-1.2323331173141208,-4.8827108817687295,0.02027987646919227,-0.02027987646919227,-0.02027987646919227,-1.2323331173141208
0.0017174592606268198,-1.4572246875345268e-06,-0.0012582633849687434,-1.2582633849687435,-4.895854352316407,0.02020883870748702,-0.02020883870748702,-0.02020883870748702,-1.2582633849687435
0.0017194592606268198,-1.4950276581138485e-06,-0.0012837233597518774,-1.2837233597518773,-4.908224710707309,0.020136118616419063,-0.020136118616419063,-0.020136118616419063,-1.2837233597518773
0.0017214592606268199,-1.532632980690158e-06,-0.0013087229542066252,-1.3087229542066252,-4.919820003518447,0.020061650273954568,-0.020061650273954568,-0.020061650273954568,-1.3087229542066252
0.00172345926062682,-1.570038005890249e-06,-0.0013332718485337162,-1.333271848533716,-4.9306383997186645,0.01998536972880527,-0.01998536972880527,-0.01998536972880527,-1.333271848533716
0.00172545926062682,-1.607239939372519e-06,-0.001357379476766919,-1.3573794767669192,-4.940678190957794,0.019907215078838192,-0.019907215078838192,-0.019907215078838192,-1.3573794767669192
0.00172745926062682,-1.6442358464870402e-06,-0.0013810550166162541,-1.381055016616254,-4.949937791836411,0.01982712652900087,-0.01982712652900087,-0.01982712652900087,-1.381055016616254
0.00172945926062682,-1.6810226570487777e-06,-0.0014043073824354995,-1.4043073824354995,-4.958415740156197,0.019745046431781654,-0.019745046431781654,-0.019745046431781654,-1.4043073824354995
0.0017314592606268201,-1.7175971701900185e-06,-0.0014271452208424603,-1.4271452208424602,-4.966110697150837,0.01966091931282432,-0.01966091931282432,-0.019660919312824317,-1.4271452208424602
0.0017334592606268202,-1.7539560592575088e-06,-0.0014495769085752811,-1.4495769085752812,-4.973021447697413,0.01957469188401184,-0.01957469188401184,-0.01957469188401184,-1.4495769085752812
0.0017354592606268202,-1.7900958767267118e-06,-0.0014716105522226074,-1.4716105522226073,-4.979146900508305,0.019486313046031656,-0.019486313046031656,-0.019486313046031656,-1.4716105522226073
0.0017374592606268203,-1.8260130591131825e-06,-0.0014932539895147067,-1.4932539895147068,-4.984486088303504,0.019395733882159982,-0.019395733882159982,-0.019395733882159982,-1.4932539895147068
0.0017394592606268203,-1.8617039318588066e-06,-0.001514514791901017,-1.514514791901017,-4.989038167963363,0.019302907644790812,-0.019302907644790812,-0.019302907644790812,-1.514514791901017
0.0017414592606268204,-1.8971647141794642e-06,-0.0015354002681802763,-1.5354002681802763,-4.992802420661738,0.01920778973600812,-0.01920778973600812,-0.01920778973600812,-1.5354002681802763
0.0017434592606268204,-1.932391523861615e-06,-0.0015559174689809393,-1.5559174689809394,-4.995778251979487,0.019110337683325263,-0.019110337683325263,-0.019110337683325263,-1.5559174689809394
0.0017454592606268205,-1.9673803819955067e-06,-0.0015760731919170414,-1.5760731919170414,-4.997965191998349,0.019010511111562822,-0.019010511111562822,-0.019010511111562822,-1.5760731919170414
0.0017474592606268205,-2.0021272176397354e-06,-0.0015958739872727916,-1.5958739872727916,-4.999362895375146,0.018908271711679747,-0.018908271711679747,-0.018908271711679747,-1.5958739872727916
0.0017494592606268206,-2.03662787240719e-06,-0.0016153261640872803,-1.6153261640872802,-4.999971141396308,0.01880358320727238,-0.01880358320727238,-0.01880358320727238,-1.6153261640872802
0.0017514592606268206,-2.070878104973243e-06,-0.0016344357965352226,-1.6344357965352225,-4.99978983401274,0.01869641131931954,-0.01869641131931954,-0.01869641131931954,-1.6344357965352225
0.0017534592606268207,-2.104873595495245e-06,-0.00165320873050863,-1.6532087305086298,-4.9988190018549785,0.018586723729701937,-0.018586723729701937,-0.018586723729701937,-1.6532087305086298
0.0017554592606268207,-2.138609949948063e-06,-0.0016716505903271158,-1.6716505903271157,-4.997058798228677,0.018474490043897562,-0.018474490043897562,-0.018474490043897562,-1.6716505903271157
0.0017574592606268208,-2.1720827043693863e-06,-0.0016897667855100104,-1.6897667855100105,-4.99450950109039,0.018359681753224333,-0.018359681753224333,-0.018359681753224333,-1.6897667855100105
0.0017594592606268208,-2.2052873290162524e-06,-0.0017075625175582152,-1.7075625175582152,-4.9911715130036916,0.018242272196919318,-0.018242272196919318,-0.018242272196919315,-1.7075625175582152
0.0017614592606268208,-2.23821923243335e-06,-0.0017250427867019323,-1.7250427867019322,-4.987045361075594,0.01812223652429812,-0.01812223652429812,-0.01812223652429812,-1.7250427867019322
0.001763459260626821,-2.2708737654294793e-06,-0.0017422123985758348,-1.7422123985758349,-4.982131696873317,0.017999551657208235,-0.017999551657208235,-0.017999551657208235,-1.7422123985758349
0.001765459260626821,-2.3032462249703328e-06,-0.0017590759707961077,-1.7590759707961077,-4.976431296321403,0.017874196252918306,-0.017874196252918306,-0.017874196252918306,-1.7590759707961077
0.001767459260626821,-2.3353318579806695e-06,-0.001775637939411218,-1.7756379394112178,-4.969945059579176,0.01774615066759977,-0.01774615066759977,-0.01774615066759977,-1.7756379394112178
0.001769459260626821,-2.367125865064055e-06,-0.0017919025652112187,-1.7919025652112186,-4.9626740108986125,0.017615396920485523,-0.017615396920485527,-0.017615396920485523,-1.7919025652112186
0.001771459260626821,-2.3986234041381777e-06,-0.0018078739398789453,-1.8078739398789452,-4.9546192984625845,0.017481918658798,-0.017481918658798,-0.017481918658797998,-1.8078739398789452
0.0017734592606268211,-2.4298195939887037e-06,-0.0018235559919726257,-1.8235559919726256,-4.945782194203561,0.017345701123505197,-0.017345701123505197,-0.017345701123505197,-1.8235559919726256
0.0017754592606268212,-2.4607095177434418e-06,-0.0018389524927316953,-1.8389524927316954,-4.936164093602746,0.01720673111595028,-0.01720673111595028,-0.01720673111595028,-1.8389524927316954
0.0017774592606268212,-2.4912882262704073e-06,-0.001854067061701003,-1.854067061701003,-4.925766515469722,0.017064996965381773,-0.017064996965381773,-0.017064996965381773,-1.854067061701003
0.0017794592606268213,-2.5215507414992413e-06,-0.0018689031721685857,-1.8689031721685856,-4.914591101702608,0.016920488497411235,-0.016920488497411235,-0.016920488497411235,-1.8689031721685856
0.0017814592606268213,-2.5514920596715554e-06,-0.0018834641564170341,-1.883464156417034,-4.902639617028787,0.01677319700339863,-0.016773197003398632,-0.01677319700339863,-1.883464156417034
0.0017834592606268214,-2.581107154518587e-06,-0.001897753210786303,-1.8977532107863029,-4.889913948726238,0.016623115210777417,-0.016623115210777417,-0.016623115210777417,-1.8977532107863029
0.0017854592606268214,-2.61039098037213e-06,-0.0019117734005508283,-1.9117734005508282,-4.876416106325502,0.016470237254303743,-0.016470237254303743,-0.016470237254303743,-1.9117734005508282
0.0017874592606268215,-2.6393384752097323e-06,-0.0019255276646122771,-1.925527664612277,-4.862148221292369,0.016314558648222732,-0.016314558648222732,-0.016314558648222732,-1.925527664612277
0.0017894592606268215,-2.6679445636324103e-06,-0.0019390188200088428,-1.939018820008843,-4.847112546691284,0.016156076259346897,-0.016156076259346897,-0.016156076259346897,-1.939018820008843
0.0017914592606268216,-2.6962041597864045e-06,-0.0019522495662489883,-1.9522495662489883,-4.831311456829565,0.015994788281003203,-0.015994788281003203,-0.015994788281003203,-1.9522495662489883
0.0017934592606268216,-2.724112170219615e-06,-0.001965222489468017,-1.965222489468017,-4.814747446882475,0.015830694207858098,-0.015830694207858098,-0.015830694207858098,-1.965222489468017
0.0017954592606268217,-2.7516634966833044e-06,-0.0019779400664158998,-1.9779400664158997,-4.797423132499196,0.01566379481157387,-0.015663794811573872,-0.01566379481157387,-1.9779400664158997
0.0017974592606268217,-2.7788530388774964e-06,-0.0019904046682791767,-1.9904046682791767,-4.779341249389803,0.015494092117281255,-0.015494092117281255,-0.015494092117281255,-1.9904046682791767
0.0017994592606268218,-2.8056756971429257e-06,-0.002002618564342163,-2.0026185643421632,-4.760504652893252,0.015321589380839384,-0.015321589380839384,-0.015321589380839384,-2.0026185643421632
0.0018014592606268218,-2.8321263751007842e-06,-0.002014583925492077,-2.0145839254920768,-4.740916317526486,0.015146291066857833,-0.015146291066857831,-0.015146291066857831,-2.0145839254920768
0.0018034592606268219,-2.858199982242105e-06,-0.0020263028275730927,-2.026302827573093,-4.7205793365147395,0.01496820282745359,-0.014968202827453592,-0.014968202827453592,-2.026302827573093
0.001805459260626822,-2.8838914364689004e-06,-0.002037777254594511,-2.037777254594511,-4.699496921303064,0.014787331481714183,-0.014787331481714183,-0.014787331481714183,-2.037777254594511
0.001807459260626822,-2.909195666590227e-06,-0.002049009101798701,-2.049009101798701,-4.677672401049216,0.014603684995836195,-0.014603684995836197,-0.014603684995836197,-2.049009101798701
0.001809459260626822,-2.9341076147695746e-06,-0.00206000017859143,-2.06000017859143,-4.655109222097948,0.014417272463925103,-0.014417272463925102,-0.014417272463925102,-2.06000017859143
0.001811459260626822,-2.958622238933027e-06,-0.00207075221134303,-2.07075221134303,-4.63181094743677,0.014228104089409666,-0.014228104089409666,-0.014228104089409666,-2.07075221134303
0.0018134592606268221,-2.9827345151321124e-06,-0.002081266846061758,-2.081266846061758,-4.607781256133338,0.014036191167064335,-0.014036191167064338,-0.014036191167064333,-2.081266846061758
0.0018154592606268222,-3.0064394398677287e-06,-0.002091545650946293,-2.0915456509462933,-4.583023942754465,0.013841546065600951,-0.013841546065600951,-0.013841546065600951,-2.0915456509462933
0.0018174592606268222,-3.029732032374355e-06,-0.0021015901188209335,-2.1015901188209334,-4.557542916766931,0.013644182210811096,-0.013644182210811096,-0.013644182210811096,-2.1015901188209334
0.0018194592606268223,-3.052607336866282e-06,-0.002111401669458117,-2.1114016694581172,-4.53134220192013,0.013444114069233406,-0.013444114069233404,-0.013444114069233404,-2.1114016694581172
0.0018214592606268223,-3.0750604247464253e-06,-0.002120981651792258,-2.120981651792258,-4.504425935610657,0.013241357132324438,-0.013241357132324438,-0.013241357132324438,-2.120981651792258
0.0018234592606268224,-3.0970863967818836e-06,-0.002130331346030298,-2.1303313460302977,-4.476798368228993,0.013035927901103863,-0.013035927901103861,-0.013035927901103861,-2.1303313460302977
0.0018254592606268224,-3.11868038524262e-06,-0.0021394519656609025,-2.1394519656609026,-4.448463862488285,0.012827843871263232,-0.012827843871263234,-0.012827843871263234,-2.1394519656609026
0.0018274592606268225,-3.139837556007692e-06,-0.0021483446593675826,-2.1483446593675826,-4.419426892735467,0.012617123518710473,-0.012617123518710471,-0.012617123518710471,-2.1483446593675826
0.0018294592606268225,-3.160553110639583e-06,-0.002157010512849194,-2.157010512849194,-4.389692044244667,0.012403786285530405,-0.012403786285530405,-0.012403786285530405,-2.157010512849194
0.0018314592606268225,-3.180822288428284e-06,-0.0021654505505516045,-2.165450550551605,-4.35926401249315,0.012187852566341917,-0.012187852566341917,-0.012187852566341917,-2.165450550551605
0.0018334592606268226,-3.200640368401762e-06,-0.0021736657373120955,-2.1736657373120956,-4.3281476024198735,0.01196934369504321,-0.01196934369504321,-0.01196934369504321,-2.1736657373120956
0.0018354592606268226,-3.2200026713114e-06,-0.002181656979922944,-2.181656979922944,-4.296347727666688,0.011748281931909688,-0.011748281931909688,-0.011748281931909688,-2.181656979922944
0.0018374592606268227,-3.238904561585895e-06,-0.0021894251286141524,-2.189425128614152,-4.263869409802469,0.011524690451046204,-0.011524690451046204,-0.011524690451046204,-2.189425128614152
0.0018394592606268227,-3.257341449257863e-06,-0.002196970978459708,-2.1969709784597082,-4.230717777530101,0.01129859332816885,-0.011298593328168849,-0.011298593328168849,-2.1969709784597082
0.0018414592606268228,-3.275308791865758e-06,-0.0022042952707108958,-2.2042952707108956,-4.196898065876619,0.011070015528698463,-0.011070015528698463,-0.011070015528698463,-2.2042952707108956
0.0018434592606268228,-3.292802096325917e-06,-0.00221139869405685,-2.21139869405685,-4.162415615366555,0.010838982896165028,-0.010838982896165028,-0.010838982896165028,-2.21139869405685
0.0018454592606268229,-3.3098169207828643e-06,-0.0022182818858179514,-2.2182818858179516,-4.127275871178561,0.010605522140892276,-0.010605522140892276,-0.010605522140892276,-2.2182818858179516
0.001847459260626823,-3.3263488764340253e-06,-0.002224945433072526,-2.2249454330725262,-4.091484382285619,0.010369660828961626,-0.010369660828961624,-0.010369660828961624,-2.2249454330725262
0.001849459260626823,-3.342393629327661e-06,-0.0022313898737184204,-2.2313898737184203,-4.055046800578722,0.010131427371446122,-0.010131427371446122,-0.010131427371446122,-2.2313898737184203
0.001851459260626823,-3.35794690214183e-06,-0.0022376156974744585,-2.2376156974744585,-4.017968879974415,0.009890851013888646,-0.009890851013888646,-0.009890851013888646,-2.2376156974744585
0.001853459260626823,-3.373004475937251e-06,-0.0022436233468206912,-2.243623346820691,-3.980256475506192,0.00964796182603056,-0.00964796182603056,-0.00964796182603056,-2.243623346820691
0.0018554592606268231,-3.387562191890532e-06,-0.002249413217881685,-2.249413217881685,-3.941915542399879,0.009402790691767748,-0.009402790691767748,-0.009402790691767747,-2.249413217881685
0.0018574592606268232,-3.401615953002388e-06,-0.002254985661252294,-2.254985661252294,-3.9029521351332974,0.00915536929933891,-0.009155369299338911,-0.00915536929933891,-2.254985661252294
0.0018594592606268232,-3.415161725789206e-06,-0.002260340982770698,-2.260340982770698,-3.8633724064801225,0.008905730131719023,-0.008905730131719025,-0.008905730131719025,-2.260340982770698
0.0018614592606268233,-3.428195541951441e-06,-0.0022654794442374905,-2.2654794442374904,-3.823182606538324,0.008653906457226855,-0.008653906457226856,-0.008653906457226855,-2.2654794442374904
0.0018634592606268233,-3.4407135000207186e-06,-0.002270401264082838,-2.270401264082838,-3.782389081743214,0.008399932320335424,-0.008399932320335424,-0.008399932320335424,-2.270401264082838
0.0018654592606268234,-3.452711766991709e-06,-0.0022751066179853164,-2.2751066179853163,-3.740998273865252,0.008143842532666312,-0.008143842532666312,-0.00814384253266631,-2.2751066179853163
0.0018674592606268234,-3.4641865799310628e-06,-0.002279595639440455,-2.2795956394404553,-3.6990167189928247,0.00788567266417983,-0.007885672664179832,-0.00788567266417983,-2.2795956394404553
0.0018694592606268235,-3.4751342475696316e-06,-0.00228386842028248,-2.28386842028248,-3.6564510465001065,0.00762545903454237,-0.00762545903454237,-0.00762545903454237,-2.28386842028248
0.0018714592606268235,-3.485551151877579e-06,-0.002287925011160008,-2.287925011160008,-3.613307978000215,0.0073632387046678165,-0.007363238704667818,-0.007363238704667816,-2.287925011160008
0.0018734592606268236,-3.4954337496176657e-06,-0.002291765421964725,-2.291765421964725,-3.5695943262838012,0.007099049468439311,-0.007099049468439311,-0.007099049468439311,-2.291765421964725
0.0018754592606268236,-3.504778573886397e-06,-0.0022953896222175883,-2.2953896222175882,-3.5253169942432176,0.006832929844586831,-0.0068329298445868325,-0.00683292984458683,-2.2953896222175882
0.0018774592606268237,-3.5135822356362426e-06,-0.0022987975414105943,-2.298797541410594,-3.480482973782478,0.006564919068732689,-0.006564919068732689,-0.006564919068732689,-2.298797541410594
0.0018794592606268237,-3.5218414251797367e-06,-0.0023019890693050603,-2.30198906930506,-3.4350993447131333,0.006295057085600407,-0.0062950570856004084,-0.006295057085600406,-2.30198906930506
0.0018814592606268238,-3.5295529136810715e-06,-0.002304964056189136,-2.304964056189136,-3.38917327363633,0.0060233845413733,-0.0060233845413733,-0.0060233845413733,-2.304964056189136
0.0018834592606268238,-3.536713554629753e-06,-0.0023077223130929117,-2.3077223130929116,-3.34271201281107,0.0057499427762119915,-0.0057499427762119915,-0.0057499427762119915,-2.3077223130929116
0.0018854592606268239,-3.5433202852976247e-06,-0.0023102636119620274,-2.3102636119620272,-3.2957228990090397,0.005474773816927845,-0.005474773816927847,-0.005474773816927847,-2.3102636119620272
0.001887459260626824,-3.549370128186564e-06,-0.002312587685792942,-2.312587685792942,-3.248213352356031,0.005197920369794939,-0.005197920369794939,-0.005197920369794937,-2.312587685792942
0.001889459260626824,-3.554860192455619e-06,-0.002314694228725775,-2.3146942287257746,-3.200190875160195,0.004919425813524558,-0.004919425813524558,-0.004919425813524558,-2.3146942287257746
0.001891459260626824,-3.559787675336238e-06,-0.002316582896098259,-2.3165828960982595,-3.1516630507273877,0.004639334192384046,-0.004639334192384048,-0.0046393341923840455,-2.3165828960982595
0.001893459260626824,-3.5641498635376343e-06,-0.002318253304461711,-2.3182533044617113,-3.102637542163627,0.0043576902094550896,-0.0043576902094550896,-0.004357690209455087,-2.3182533044617113
0.001895459260626824,-3.567944134631284e-06,-0.002319705031554831,-2.3197050315548307,-3.053122091165043,0.004074539220056737,-0.004074539220056739,-0.004074539220056736,-2.3197050315548307
0.0018974592606268242,-3.571167958429001e-06,-0.002320937616240893,-2.320937616240893,-3.0031245167953573,0.0037899272253025806,-0.0037899272253025806,-0.0037899272253025806,-2.320937616240893
0.0018994592606268242,-3.5738188983452974e-06,-0.002321950558404663,-2.3219505584046627,-2.9526527142511387,0.0035039008658137565,-0.0035039008658137583,-0.003503900865813756,-2.3219505584046627
0.0019014592606268243,-3.575894612749399e-06,-0.002322743318810964,-2.3227433188109643,-2.9017146536151035,0.003216507415578551,-0.003216507415578551,-0.003216507415578551,-2.3227433188109643
0.0019034592606268243,-3.5773928563033527e-06,-0.0023233153189233173,-2.3233153189233176,-2.8503183785975263,0.0029277947759678274,-0.002927794775967829,-0.002927794775967827,-2.3233153189233176
0.0019054592606268243,-3.5783114812898353e-06,-0.0023236659406837526,-2.3236659406837528,-2.798472005266022,0.0026378114699014965,-0.0026378114699014965,-0.0026378114699014965,-2.3236659406837528
0.0019074592606268244,-3.57864843892885e-06,-0.0023237945262531514,-2.323794526253151,-2.746183720763977,0.0023466066361712556,-0.0023466066361712556,-0.0023466066361712556,-2.323794526253151
0.0019094592606268244,-3.5784017806848075e-06,-0.0023237003777122605,-2.3237003777122607,-2.693461782017645,0.0020542300239188016,-0.0020542300239188016,-0.0020542300239188016,-2.3237003777122607
0.0019114592606268245,-3.5775696595613597e-06,-0.0023233827567219127,-2.323382756721913,-2.6403145144323323,0.0017607319872801064,-0.0017607319872801064,-0.0017607319872801064,-2.323382756721913
0.0019134592606268245,-3.5761503313881805e-06,-0.002322840884143498,-2.322840884143498,-2.5867503105777017,0.0014661634801900192,-0.0014661634801900192,-0.0014661634801900192,-2.322840884143498
0.0019154592606268246,-3.5741421560959746e-06,-0.002322073939617651,-2.322073939617651,-2.532777628862462,0.0011705760513600616,-0.0011705760513600616,-0.0011705760513600616,-2.322073939617651
0.0019174592606268246,-3.571543598986022e-06,-0.0023210810611028867,-2.3210810611028867,-2.478404992198743,0.0008740218394214239,-0.0008740218394214239,-0.0008740218394214239,-2.3210810611028867
0.0019194592606268247,-3.5683532319881163e-06,-0.0023198613443710793,-2.319861344371079,-2.423640986656166,0.0005765535682504819,-0.0005765535682504819,-0.0005765535682504819,-2.319861344371079
0.0019214592606268247,-3.564569734912108e-06,-0.0023184138424609474,-2.3184138424609473,-2.368494260106058,0.000278224542472838,-0.000278224542472838,-0.000278224542472838,-2.3184138424609473
0.0019234592606268248,-3.560191896690221e-06,-0.0023167375650875732,-2.316737565087573,-2.312973520855831,-2.091135684301193e-05,2.091135684301193e-05,2.091135684301193e-05,-2.316737565087573
0.0019254592606268248,-3.5552186166138736e-06,-0.0023148314780084022,-2.3148314780084025,-2.257087536273813,-0.0003207996763032739,0.0003207996763032739,0.0003207996763032739,-2.3148314780084025
0.0019274592606268249,-3.5496489055630496e-06,-0.002312694502343947,-2.312694502343947,-2.200845131404837,-0.0006213853941061664,0.0006213853941061664,0.0006213853941061664,-2.312694502343947
0.001929459260626825,-3.5434818872291483e-06,-0.0023103255138524088,-2.310325513852409,-2.1442551875765976,-0.0009226129237545067,0.0009226129237545067,0.0009226129237545067,-2.310325513852409
0.001931459260626825,-3.5367167993320445e-06,-0.0023077233421573288,-2.307723342157329,-2.087326640997245,-0.0012244261175560212,0.0012244261175560212,0.0012244261175560212,-2.307723342157329
0.001933459260626825,-3.529352994832281e-06,-0.002304886769927319,-2.304886769927319,-2.0300684813442293,-0.0015267682699060554,0.0015267682699060536,0.0015267682699060536,-2.304886769927319
0.001935459260626825,-3.5213899431403503e-06,-0.0023018145320073016,-2.3018145320073016,-1.9724897503447005,-0.0018295821203477836,0.0018295821203477836,0.0018295821203477836,-2.3018145320073016
0.0019374592606268251,-3.5128272313170544e-06,-0.00229850531449749,-2.29850531449749,-1.9145995403477742,-0.0021328098563873094,0.0021328098563873077,0.002132809856387309,-2.29850531449749
0.0019394592606268252,-3.503664565276147e-06,-0.00229495775378292,-2.2949577537829198,-1.8564069928886768,-0.0024363931160791275,0.0024363931160791275,0.0024363931160791275,-2.2949577537829198
0.0019414592606268252,-3.4939017709801255e-06,-0.002291170435508421,-2.2911704355084215,-1.7979212972452494,-0.002740272990350956,0.002740272990350956,0.002740272990350956,-2.2911704355084215
0.0019434592606268253,-3.483538795635861e-06,-0.0022871418934999224,-2.287141893499922,-1.7391516889868304,-0.0030443900250727313,0.0030443900250727296,0.003044390025072732,-2.287141893499922
0.0019454592606268253,-3.4725757088857025e-06,-0.0022828706086286373,-2.2828706086286377,-1.680107448515826,-0.003348684222848954,0.003348684222848952,0.0033486842228489535,-2.2828706086286377
0.0019474592606268254,-3.4610127040023513e-06,-0.0022783550076195124,-2.2783550076195125,-1.620797899602286,-0.003653095044540146,0.0036530950445401444,0.003653095044540147,-2.2783550076195125
0.0019494592606268254,-3.4488500990778526e-06,-0.0022735934617982415,-2.2735934617982414,-1.561232407911505,-0.003957561410481869,0.003957561410481869,0.003957561410481869,-2.2735934617982414
0.0019514592606268255,-3.4360883382183696e-06,-0.0022685842857793725,-2.2685842857793723,-1.5014203795251346,-0.004262021701412431,0.004262021701412433,0.004262021701412432,-2.2685842857793723
0.0019534592606268255,-3.4227279927359354e-06,-0.002263325736089981,-2.263325736089981,-1.4413712594558283,-0.004566413759078626,0.004566413759078625,0.004566413759078626,-2.263325736089981
0.0019554592606268253,-3.4087697623445337e-06,-0.0022578160097295762,-2.2578160097295763,-1.3810945301557485,-0.004870674886521266,0.004870674886521265,0.004870674886521266,-2.2578160097295763
0.001957459260626825,-3.3942144763579485e-06,-0.002252053242662986,-2.252053242662986,-1.3205997100192013,-0.005174741848021024,0.005174741848021025,0.005174741848021025,-2.252053242662986
0.001959459260626825,-3.3790630948899146e-06,-0.00224603550824406,-2.2460355082440606,-1.2598963518795645,-0.005478550868691646,0.005478550868691645,0.005478550868691645,-2.2460355082440606
0.001961459260626825,-3.363316710063814e-06,-0.002239760815570641,-2.2397608155706408,-1.1989940415007843,-0.005782037633721425,0.005782037633721426,0.0057820376337214255,-2.2397608155706408
0.0019634592606268247,-3.3469765472194476e-06,-0.0022332271077633477,-2.2332271077633474,-1.1379023960636796,-0.006085137287220377,0.006085137287220377,0.006085137287220377,-2.2332271077633474
0.0019654592606268245,-3.3300439661335783e-06,-0.0022264322601722223,-2.226432260172223,-1.076631062647245,-0.006387784430694322,0.006387784430694321,0.006387784430694321,-2.226432260172223
0.0019674592606268243,-3.312520462243242e-06,-0.0022193740785042366,-2.2193740785042366,-1.0151897167053154,-0.006689913121105119,0.006689913121105118,0.006689913121105118,-2.2193740785042366
0.001969459260626824,-3.2944076678780167e-06,-0.0022120502968714035,-2.2120502968714035,-0.9535880605386653,-0.006991456868515214,0.006991456868515211,0.006991456868515213,-2.2120502968714035
0.001971459260626824,-3.275707353503621e-06,-0.0022044585757577265,-2.2044585757577266,-0.8918358217629125,-0.007292348633304523,0.007292348633304524,0.007292348633304523,-2.2044585757577266
0.001973459260626824,-3.2564214289719086e-06,-0.0021965964999002122,-2.1965964999002123,-0.8299427517724236,-0.00759252082293216,0.007592520822932158,0.00759252082293216,-2.1965964999002123
0.0019754592606268237,-3.2365519447845586e-06,-0.002188461576084054,-2.188461576084054,-0.7679186242004106,-0.007891905288242464,0.007891905288242462,0.007891905288242464,-2.188461576084054
0.0019774592606268235,-3.2161010933703135e-06,-0.0021800512308491555,-2.1800512308491555,-0.70577323337565,-0.008190433319297252,0.008190433319297252,0.008190433319297252,-2.1800512308491555
0.0019794592606268233,-3.1950712103713728e-06,-0.0021713628081033638,-2.1713628081033636,-0.6435163927757653,-0.00848803564070888,0.00848803564070888,0.00848803564070888,-2.1713628081033636
0.001981459260626823,-3.1734647759491385e-06,-0.002162393566643799,-2.162393566643799,-0.5811579334775739,-0.008784642406479028,0.008784642406479026,0.008784642406479026,-2.162393566643799
0.001983459260626823,-3.1512844161042664e-06,-0.0021531406775815148,-2.153140677581515,-0.51870770260469,-0.009080183194315694,0.009080183194315694,0.009080183194315694,-2.153140677581515
0.001985459260626823,-3.1285329040111958e-06,-0.0021436012216669064,-2.143601221666907,-0.45617556177251434,-0.009374586999413292,0.009374586999413292,0.009374586999413292,-2.143601221666907
0.0019874592606268227,-3.1052131613760514e-06,-0.0021337721865170266,-2.1337721865170267,-0.3935713855309798,-0.009667782227700261,0.009667782227700261,0.009667782227700261,-2.1337721865170267
0.0019894592606268225,-3.081328259809548e-06,-0.002123650463739021,-2.123650463739021,-0.33090505980525475,-0.009959696688520925,0.009959696688520925,0.009959696688520925,-2.123650463739021
0.0019914592606268223,-3.0568814222245726e-06,-0.0021132328459515667,-2.1132328459515666,-0.2681864803346043,-0.010250257586760902,0.010250257586760902,0.010250257586760902,-2.1132328459515666
0.001993459260626822,-3.0318760242541726e-06,-0.0021025160237006894,-2.1025160237006895,-0.20542555110979274,-0.010539391514393872,0.01053939151439387,0.010539391514393872,-2.1025160237006895
0.001995459260626822,-3.0063155956917174e-06,-0.0020914965822691543,-2.0914965822691545,-0.14263218280909246,-0.010827024441444788,0.010827024441444788,0.01082702444144479,-2.0914965822691545
0.001997459260626822,-2.980203821963584e-06,-0.0020801709983827676,-2.0801709983827674,-0.07981629123328186,-0.011113081706386032,0.01111308170638603,0.01111308170638603,-2.0801709983827674
0.0019994592606268216,-2.953544545616013e-06,-0.002068535636805155,-2.0685356368051546,-0.016987795739834635,-0.011397488005918445,0.011397488005918444,0.011397488005918444,-2.0685356368051546
0.0020014592606268215,-2.9263417678418667e-06,-0.002056586746832008,-2.0565867468320085,0.04584338232350646,-0.011680167384197304,0.011680167384197304,0.011680167384197304,-2.0565867468320085
0.0020034592606268213,-2.8985996500308607e-06,-0.0020443204586785965,-2.0443204586785964,0.10866732118533644,-0.011961043221466294,0.011961043221466294,0.011961043221466294,-2.0443204586785964
0.002005459260626821,-2.8703225153491105e-06,-0.0020317327797645585,-2.0317327797645586,0.1714741002174308,-0.012240038222122164,0.012240038222122163,0.012240038222122163,-2.0317327797645586
0.002007459260626821,-2.841514850353947e-06,-0.0020188195909012882,-2.018819590901288,0.23425380150131891,-0.012517074402236705,0.012517074402236705,0.012517074402236705,-2.018819590901288
0.002009459260626821,-2.8121813066419905e-06,-0.002005576642384897,-2.005576642384897,0.29699651139439376,-0.012792073076551615,0.012792073076551613,0.012792073076551613,-2.005576642384897
0.0020114592606268206,-2.782326702528088e-06,-0.0019919995499989725,-1.9919995499989724,0.35969232209541785,-0.013064954844968835,0.013064954844968835,0.013064954844968835,-1.9919995499989724
0.0020134592606268205,-2.7519560247636157e-06,-0.0019780837909378376,-1.9780837909378377,0.42233133320911503,-0.013335639578594183,0.013335639578594183,0.013335639578594183,-1.9780837909378377
0.0020154592606268203,-2.7210744302890583e-06,-0.0019638246996569997,-1.963824699657,0.4849036533094695,-0.013604046405369274,0.013604046405369274,0.013604046405369274,-1.963824699657
0.00201745926062682,-2.689687248024984e-06,-0.0019492174636637678,-1.9492174636637678,0.547399401501785,-0.013870093695364183,0.013870093695364183,0.013870093695364183,-1.9492174636637678
0.00201945926062682,-2.6577999807008254e-06,-0.0019342571192616357,-1.9342571192616356,0.6098087089829394,-0.014133699045803196,0.014133699045803194,0.014133699045803194,-1.9342571192616356
0.00202145926062682,-2.6254183067225314e-06,-0.0019189385472657783,-1.9189385472657785,0.6721217205998273,-0.014394779265920032,0.014394779265920032,0.014394779265920032,-1.9189385472657785
0.0020234592606268196,-2.59254808207887e-06,-0.0019032564687100138,-1.9032564687100137,0.7343285964055504,-0.014653250361753134,0.014653250361753134,0.014653250361753134,-1.9032564687100137
0.0020254592606268195,-2.5591953422868683e-06,-0.0018872054405699894,-1.8872054405699894,0.7964195132132852,-0.014909027521018192,0.014909027521018192,0.014909027521018192,-1.8872054405699894
0.0020274592606268193,-2.525366304375489e-06,-0.0018707798515314679,-1.8707798515314678,0.8583846661475046,-0.015162025098216514,0.015162025098216514,0.015162025098216514,-1.8707798515314678
0.002029459260626819,-2.4910673689079024e-06,-0.0018539739178386374,-1.8539739178386376,0.9202142701922285,-0.015412156600171478,0.015412156600171478,0.015412156600171478,-1.8539739178386376
0.002031459260626819,-2.4563051220382578e-06,-0.001836781679261531,-1.8367816792615308,0.9818985617362355,-0.015659334672209813,0.015659334672209813,0.015659334672209813,-1.8367816792615308
0.002033459260626819,-2.421086337606296e-06,-0.0018191969952324571,-1.8191969952324574,1.0434278001148065,-0.015903471085262577,0.015903471085262577,0.015903471085262577,-1.8191969952324574
0.0020354592606268186,-2.3854179792605297e-06,-0.001801213541203561,-1.801213541203561,1.104792269147932,-0.01614447672417496,0.01614447672417496,0.01614447672417496,-1.801213541203561
0.0020374592606268184,-2.349307202612138e-06,-0.0017828248052926172,-1.7828248052926172,1.1659822786746092,-0.016382261577595703,0.016382261577595703,0.016382261577595703,-1.7828248052926172
0.0020394592606268183,-2.3127613574142296e-06,-0.0017640240852915365,-1.7640240852915365,1.2269881660829887,-0.016616734729858473,0.016616734729858473,0.016616734729858473,-1.7640240852915365
0.002041459260626818,-2.275787989757435e-06,-0.0017448044861225155,-1.7448044861225154,1.2878002978362368,-0.0168478043553264,0.0168478043553264,0.0168478043553264,-1.7448044861225154
0.002043459260626818,-2.238394844282463e-06,-0.001725158917845899,-1.725158917845899,1.3484090709938104,-0.017075377715776163,0.017075377715776163,0.017075377715776163,-1.725158917845899
0.0020454592606268178,-2.200589866393062e-06,-0.001705080094331307,-1.705080094331307,1.4088049147278205,-0.017299361161439597,0.017299361161439597,0.017299361161439597,-1.705080094331307
0.0020474592606268176,-2.162381204468149e-06,-0.0016845605327297402,-1.6845605327297402,1.4689782918344192,-0.017519660136467552,0.017519660136467552,0.017519660136467552,-1.6845605327297402
0.0020494592606268174,-2.123777212055212e-06,-0.0016635925538967735,-1.6635925538967735,1.5289197002397834,-0.01773617918964754,0.01773617918964754,0.01773617918964754,-1.6635925538967735
0.0020514592606268173,-2.0847864500366055e-06,-0.0016421682839454599,-1.6421682839454599,1.5886196745006886,-0.017948821991367492,0.017948821991367492,0.017948821991367492,-1.6421682839454599
0.002053459260626817,-2.0454176887460414e-06,-0.0016202796571267322,-1.6202796571267322,1.648068787299127,-0.01815749135792144,0.01815749135792144,0.01815749135792144,-1.6202796571267322
0.002055459260626817,-2.0056799100263706e-06,-0.001597918420272543,-1.597918420272543,1.707257650931023,-0.018362089284464256,0.018362089284464256,0.018362089284464256,-1.597918420272543
0.0020574592606268168,-1.965582309194494e-06,-0.0015750761390571364,-1.5750761390571364,1.7661769187886867,-0.01856251698803235,0.01856251698803235,0.01856251698803235,-1.5750761390571364
0.0020594592606268166,-1.9251342968987387e-06,-0.0015517442063800748,-1.5517442063800748,1.8248172868367016,-0.018758674962315425,0.018758674962315425,0.018758674962315425,-1.5517442063800748
0.0020614592606268164,-1.8843455008307909e-06,-0.0015279138532040344,-1.5279138532040344,1.8831694950811633,-0.018950463046028876,0.018950463046028876,0.018950463046028876,-1.5279138532040344
0.0020634592606268163,-1.8432257672623921e-06,-0.0015035761622312486,-1.5035761622312485,1.9412243290319673,-0.019137780507017865,0.019137780507017865,0.019137780507017865,-1.5035761622312485
0.002065459260626816,-1.8017851623637393e-06,-0.001478722084846321,-1.4787220848463212,1.9989726211578385,-0.019320526144467554,0.019320526144467554,0.019320526144467554,-1.4787220848463212
0.002067459260626816,-1.7600339732606729e-06,-0.0014533424618091723,-1.4533424618091724,2.0564052523339953,-0.019498598411906487,0.019498598411906487,0.019498598411906487,-1.4533424618091724
0.0020694592606268158,-1.7179827087748275e-06,-0.0014274280482350914,-1.4274280482350914,2.1135131532822022,-0.019671895563984965,0.019671895563984965,0.019671895563984965,-1.4274280482350914
0.0020714592606268156,-1.6756420997887478e-06,-0.0014009695434626331,-1.400969543462633,2.1702873060028764,-0.01984031583036394,0.01984031583036394,0.01984031583036394,-1.400969543462633
0.0020734592606268154,-1.6330230991680474e-06,-0.001373957626473181,-1.3739576264731812,2.226718745199172,-0.020003757620401963,0.020003757620401963,0.020003757620401963,-1.3739576264731812
0.0020754592606268153,-1.5901368811609088e-06,-0.0013463829975906222,-1.3463829975906223,2.2827985596926585,-0.020162119762684894,0.020162119762684894,0.020162119762684894,-1.3463829975906223
0.002077459260626815,-1.5469948401895496e-06,-0.0013182364272592002,-1.3182364272592002,2.338517893830521,-0.020315301783831785,0.020315301783831785,0.020315301783831785,-1.3182364272592002
0.002079459260626815,-1.5036085889343505e-06,-0.0012895088127615128,-1.2895088127615129,2.3938679488839965,-0.02046320423136394,0.02046320423136394,0.02046320423136394,-1.2895088127615129
0.0020814592606268147,-1.4599899556006904e-06,-0.00126019124380064,-1.26019124380064,2.448839984437753,-0.02060572904576885,0.02060572904576885,0.02060572904576885,-1.26019124380064
0.0020834592606268146,-1.4161509802459904e-06,-0.0012302750779236522,-1.2302750779236522,2.5034253197701055,-0.020742779987187543,0.020742779987187543,0.020742779987187543,-1.2302750779236522
0.0020854592606268144,-1.372103910031633e-06,-0.0011997520268039975,-1.1997520268039974,2.5576153352238324,-0.020874263122376835,0.020874263122376835,0.020874263122376835,-1.1997520268039974
0.0020874592606268142,-1.3278611932504193e-06,-0.0011686142544203788,-1.1686142544203788,2.6114014735673168,-0.02100008737770942,0.02100008737770942,0.02100008737770942,-1.1686142544203788
0.002089459260626814,-1.2834354719661667e-06,-0.0011368544881621419,-1.1368544881621419,2.6647752413457986,-0.021120165163933002,0.021120165163933002,0.021120165163933002,-1.1368544881621419
0.002091459260626814,-1.2388395730920388e-06,-0.0011044661438487254,-1.1044661438487253,2.71772821022261,-0.021234413078174086,0.021234413078174086,0.021234413078174086,-1.1044661438487253
0.0020934592606268137,-1.1940864977163e-06,-0.0010714434655529925,-1.0714434655529925,2.770252018310131,-0.021342752688128463,0.021342752688128463,0.021342752688128463,-1.0714434655529925
0.0020954592606268136,-1.14918940847911e-06,-0.0010377816809653453,-1.0377816809653453,2.8223383714901793,-0.021445111402530692,0.021445111402530692,0.021445111402530692,-1.0377816809653453
0.0020974592606268134,-1.1041616147921628e-06,-0.0010034771727980213,-1.0034771727980214,2.8739790447237783,-0.021541423430676665,0.021541423430676665,0.021541423430676665,-1.0034771727980214
0.0020994592606268132,-1.0590165556903756e-06,-0.000968527666400239,-0.9685276664002389,2.9251658833500156,-0.02163163083194586,0.02163163083194586,0.02163163083194586,-0.9685276664002389
0.002101459260626813,-1.013767780104821e-06,-0.0009329324333120924,-0.9329324333120925,2.975890804373651,-0.021715684653809686,0.021715684653809686,0.021715684653809686,-0.9329324333120925
0.002103459260626813,-9.684289243541898e-07,-0.0008966925099144044,-0.8966925099144043,3.0261457977416626,-0.021793546153644816,0.021793546153644816,0.021793546153644816,-0.8966925099144043
0.0021054592606268127,-9.230136866653149e-07,-0.0008598109296152327,-0.8598109296152328,3.0759229276080164,-0.021865188095684718,0.021865188095684718,0.021865188095684718,-0.8598109296152328
0.0021074592606268126,-8.775357985642354e-07,-0.0008222929661504521,-0.8222929661504521,3.1252143335868636,-0.021930596109651757,0.021930596109651757,0.021930596109651757,-0.8222929661504521
0.0021094592606268124,-8.320089930119473e-07,-0.0007841463845506786,-0.7841463845506786,3.1740122319938107,-0.02198977009191383,0.02198977009191383,0.02198977009191383,-0.7841463845506786
0.0021114592606268122,-7.864469692167802e-07,-0.0007453816951673531,-0.7453816951673531,3.2223089170750097,-0.022042725623568682,0.022042725623568682,0.022042725623568682,-0.7453816951673531
0.002113459260626812,-7.408633541204095e-07,-0.0007060124048691683,-0.7060124048691683,3.2700967622240054,-0.022089495372739854,0.022089495372739854,0.022089495372739854,-0.7060124048691683
0.002115459260626812,-6.952716606436988e-07,-0.00066605525817653,-0.66605525817653,3.317368221186101,-0.022130130440903506,0.022130130440903506,0.022130130440903506,-0.66605525817653
0.0021174592606268117,-6.496852428792856e-07,-0.0006255304597585632,-0.6255304597585631,3.3641158292499003,-0.022164701605602577,0.022164701605602577,0.022164701605602577,-0.6255304597585631
0.0021194592606268116,-6.041172485403712e-07,-0.0005844618684824749,-0.5844618684824749,3.410332204426199,-0.02219330040504819,0.02219330040504819,0.02219330040504819,-0.5844618684824749
0.0021214592606268114,-5.585805691101585e-07,-0.0005428771521985247,-0.5428771521985247,3.456010048613594,-0.022216040004511772,0.022216040004511772,0.022216040004511772,-0.5428771521985247
0.002123459260626811,-5.130877882807227e-07,-0.0005008078918127836,-0.5008078918127836,3.501142148750967,-0.022233055780909724,0.022233055780909727,0.022233055780909727,-0.5008078918127836
0.002125459260626811,-4.676511294234132e-07,-0.0004582896231079294,-0.4582896231079294,3.5457213779565318,-0.02224450556146923,0.02224450556146923,0.022244505561469227,-0.4582896231079294
0.002127459260626811,-4.2228240297780893e-07,-0.0004153618053657109,-0.4153618053657109,3.5897406966532106,-0.022250569455660674,0.022250569455660674,0.022250569455660677,-0.4153618053657109
0.0021294592606268107,-3.7699295478206956e-07,-0.0003720677072604288,-0.3720677072604288,3.633193153680288,-0.022251449227448428,0.022251449227448428,0.022251449227448428,-0.3720677072604288
0.0021314592606268105,-3.3179361647680906e-07,-0.0003284542028035653,-0.3284542028035653,3.6760718873910943,-0.02224736716774811,0.02224736716774811,0.022247367167748108,-0.3284542028035653
0.0021334592606268104,-2.8669465918812114e-07,-0.00028457147332916667,-0.28457147332916666,3.71837012673651,-0.022238564444809317,0.022238564444809317,0.022238564444809317,-0.28457147332916666
0.00213545926062681,-2.417057517219406e-07,-0.00024047261552095111,-0.24047261552095112,3.7600811923341944,-0.022225298932528587,0.022225298932528587,0.022225298932528587,-0.24047261552095112
0.00213745926062681,-1.9683592447151062e-07,-0.00019621316008774104,-0.19621316008774103,3.8011984975233593,-0.02220784254228389,0.02220784254228389,0.02220784254228389,-0.19621316008774103
0.00213945926062681,-1.520935401475263e-07,-0.00015185051058153398,-0.15185051058153398,3.8417155494048805,-0.022186478111035635,0.022186478111035635,0.022186478111035638,-0.15185051058153398
0.0021414592606268097,-1.0748627228433563e-07,-0.00010744331662457496,-0.10744331662457496,3.8816259498665713,-0.022161495924950814,0.022161495924950814,0.022161495924950814,-0.10744331662457496
0.0021434592606268095,-6.30210922614812e-08,-6.305080003082253e-05,-0.06305080003082253,3.920923396593537,-0.022133189981246443,0.022133189981246443,0.022133189981246443,-0.06305080003082253
0.0021454592606268094,-1.8704450571055827e-08,-1.8703796256906548e-05,-0.018703796256906546,3.9596016840634003,-0.022101697112890593,0.022101697112890593,0.022101697112890593,-0.018703796256906546
0.002147459260626809,2.545827608923796e-08,2.5454296033823988e-05,0.025454296033823987,3.997654704526191,-0.022067780047179814,0.022067780047179818,0.022067780047179818,0.025454296033823987
0.002149459260626809,6.946239550654876e-08,6.945219411767977e-05,0.06945219411767978,4.035076448968849,-0.022031245860284272,0.022031245860284272,0.022031245860284272,0.06945219411767978
0.002151459260626809,1.1330350647775198e-07,0.00011320668911689858,0.11320668911689857,4.07186100806414,-0.02199252399415134,0.021992523994151345,0.02199252399415134,0.11320668911689857
0.0021534592606268087,1.5697802857047924e-07,0.0001566658570497852,0.1566658570497852,4.1080025731037315,-0.021951870644744145,0.021951870644744145,0.02195187064474415,0.1566658570497852
0.0021554592606268085,2.0048297710176598e-07,0.0001997809856512074,0.1997809856512074,4.143495436915559,-0.0219095247292464,0.0219095247292464,0.021909524729246403,0.1997809856512074
0.0021574592606268084,2.438159196628007e-07,0.00024250695561565028,0.24250695561565028,4.178333994764975,-0.021865705773051802,0.021865705773051802,0.021865705773051802,0.24250695561565028
0.002159459260626808,2.869749282063115e-07,0.00028480253775157305,0.28480253775157305,4.212512745239828,-0.021820612263823643,0.021820612263823647,0.02182061226382364,0.28480253775157305
0.002161459260626808,3.2995852790068055e-07,0.0003266305905315252,0.3266305905315252,4.246026291119216,-0.021774420558820506,0.021774420558820506,0.021774420558820506,0.3266305905315252
0.002163459260626808,3.7276564403414755e-07,0.00036795816143245566,0.36795816143245563,4.2788693402257385,-0.02172728432662935,0.021727284326629348,0.02172728432662935,0.36795816143245563
0.0021654592606268077,4.1539554818371835e-07,0.00040875649921728646,0.4087564992172865,4.311036706261207,-0.021679334483577336,0.02167933448357734,0.02167933448357734,0.4087564992172865
0.0021674592606268075,4.57847804750326e-07,0.0004490009871351006,0.4490009871351006,4.342523309625644,-0.02163067956939191,0.02163067956939191,0.02163067956939191,0.4490009871351006
0.0021694592606268073,5.001222188201998e-07,0.000488671008853669,0.488671008853669,4.373324178219359,-0.021581406496476052,0.021581406496476052,0.021581406496476056,0.488671008853669
0.002171459260626807,5.422187861502344e-07,0.0005277497598265488,0.5277497598265488,4.40343444822815,-0.02153158160223112,0.02153158160223112,0.02153158160223112,0.5277497598265488
0.002173459260626807,5.841376459092683e-07,0.000566224016862475,0.566224016862475,4.432849364891332,-0.021481251933493654,0.02148125193349365,0.021481251933493654,0.566224016862475
0.002175459260626807,6.25879036643321e-07,0.0006040838780668603,0.6040838780668603,4.461564283252581,-0.021430446695476224,0.021430446695476224,0.021430446695476224,0.6040838780668603
0.0021774592606268067,6.674432557800662e-07,0.0006413224842455776,0.6413224842455776,4.489574668893411,-0.021379178803599075,0.021379178803599075,0.021379178803599075,0.6413224842455776
0.0021794592606268065,7.088306228522673e-07,0.0006779357314755044,0.6779357314755043,4.516876098649218,-0.021327446484298407,0.021327446484298407,0.021327446484298407,0.6779357314755043
0.0021814592606268063,7.500414465014947e-07,0.0007139219830061757,0.7139219830061756,4.543464261307763,-0.021275234879453268,0.021275234879453264,0.021275234879453264,0.7139219830061756
0.002183459260626806,7.91075995228637e-07,0.0007492817870928684,0.7492817870928685,4.569334958289939,-0.021222517617761505,0.021222517617761505,0.021222517617761505,0.7492817870928685
0.002185459260626806,8.319344717781742e-07,0.0007840176058602872,0.7840176058602872,4.594484104312794,-0.02116925832473615,0.02116925832473615,0.02116925832473615,0.7840176058602872
0.002187459260626806,8.726169909886708e-07,0.0008181335589316072,0.8181335589316072,4.618907728034626,-0.021115412050572324,0.021115412050572324,0.021115412050572324,0.8181335589316072
0.0021894592606268057,9.13123560897804e-07,0.0008516351843559553,0.8516351843559553,4.64260197268212,-0.021060926601812024,0.021060926601812024,0.021060926601812024,0.8516351843559553
0.0021914592606268055,9.534540668652657e-07,0.0008845292183546692,0.8845292183546691,4.665563096659381,-0.02100574376835951,0.02100574376835951,0.02100574376835951,0.8845292183546691
0.0021934592606268053,9.936082584626928e-07,0.0009168233945776357,0.9168233945776358,4.687787474138757,-0.020949800442006228,0.020949800442006228,0.020949800442006228,0.9168233945776358
0.002195459260626805,1.0335857388734848e-06,0.0009485262629047791,0.948526262904779,4.709271595633407,-0.020893029626270154,0.020893029626270154,0.020893029626270154,0.948526262904779
0.002197459260626805,1.0733859565496177e-06,0.0009796470273309237,0.9796470273309237,4.730012068551502,-0.020835361340114322,0.020835361340114322,0.020835361340114322,0.9796470273309237
0.002199459260626805,1.1130081988804519e-06,0.001010195402109745,1.010195402109745,4.750005617731933,-0.020776723420123266,0.020776723420123266,0.020776723420123266,1.010195402109745
0.0022014592606268047,1.1524515876404679e-06,0.0010401814850843497,1.0401814850843496,4.769249085961515,-0.02071704222709536,0.02071704222709536,0.02071704222709536,1.0401814850843496
0.0022034592606268045,1.1917150759993489e-06,0.0010696156469785373,1.0696156469785372,4.7877394344735285,-0.020656243263861063,0.020656243263861063,0.020656243263861063,1.0696156469785372
0.0022054592606268043,1.2307974468924845e-06,0.0010985084353404436,1.0985084353404435,4.805473743427606,-0.020594251711595346,0.020594251711595346,0.020594251711595346,1.0985084353404435
0.002207459260626804,1.2696973125689085e-06,0.0011268704918075594,1.1268704918075594,4.822449212370777,-0.020530992892017874,0.020530992892017874,0.020530992892017874,1.1268704918075594
0.002209459260626804,1.3084131151505138e-06,0.0011547124813799173,1.1547124813799172,4.838663160679707,-0.02046639266277661,0.02046639266277661,0.02046639266277661,1.1547124813799172
0.002211459260626804,1.3469431280525107e-06,0.0011820450324360997,1.1820450324360996,4.854113027984007,-0.02040037775304393,0.02040037775304393,0.02040037775304393,1.1820450324360996
0.0022134592606268036,1.3852854581328597e-06,0.0012088786862968028,1.2088786862968028,4.8687963745705245,-0.02033287604596512,0.02033287604596512,0.02033287604596512,1.2088786862968028
0.0022154592606268035,1.423438048451439e-06,0.0012352238552207346,1.2352238552207346,4.882710881768617,-0.0202638168141549,0.0202638168141549,0.0202638168141549,1.2352238552207346
0.0022174592606268033,1.4613986815364839e-06,0.0012610907878080528,1.2610907878080528,4.8958543523163005,-0.02019313091393471,0.02019313091393471,0.02019313091393471,1.2610907878080528
0.002219459260626803,1.4991649830652477e-06,0.0012864895408748582,1.2864895408748582,4.90822471070721,-0.020120750943513066,0.020120750943513066,0.020120750943513066,1.2864895408748582
0.002221459260626803,1.5367344258806973e-06,0.0013114299569544894,1.3114299569544894,4.919820003518352,-0.02004661136979924,0.02004661136979924,0.02004661136979924,1.3114299569544894
0.002223459260626803,1.5741043342749043e-06,0.0013359216466669013,1.3359216466669013,4.930638399718576,-0.019970648628064858,0.019970648628064858,0.019970648628064858,1.3359216466669013
0.0022254592606268026,1.611271888479275e-06,0.0013599739752796253,1.3599739752796252,4.940678190957708,-0.019892801198211574,0.019892801198211574,0.019892801198211574,1.3599739752796252
0.0022274592606268025,1.6482341293102654e-06,0.0013835960528604347,1.383596052860435,4.949937791836333,-0.01981300966097721,0.01981300966097721,0.01981300966097721,1.383596052860435
0.0022294592606268023,1.6849879629279906e-06,0.0014067967274931964,1.4067967274931963,4.958415740156126,-0.019731216737016277,0.019731216737016277,0.019731216737016277,1.4067967274931963
0.002231459260626802,1.7215301656679253e-06,0.0014295845810901493,1.4295845810901495,4.9661106971507705,-0.019647367311447894,0.019647367311447894,0.019647367311447894,1.4295845810901495
0.002233459260626802,1.7578573889169555e-06,0.0014519679273954777,1.4519679273954775,4.973021447697353,-0.01956140844612153,0.01956140844612153,0.01956140844612153,1.4519679273954775
0.002235459260626802,1.793966164005486e-06,0.0014739548118241127,1.4739548118241128,4.979146900508252,-0.01947328938157855,0.01947328938157855,0.01947328938157855,1.4739548118241128
0.0022374592606268016,1.829852907092795e-06,0.0014955530128271059,1.4955530128271057,4.984486088303458,-0.01938296153042418,0.01938296153042418,0.01938296153042418,1.4955530128271057
0.0022394592606268015,1.865513924029392e-06,0.0015167700445178748,1.516770044517875,4.989038167963325,-0.019290378463585833,0.019290378463585833,0.019290378463585833,1.516770044517875
0.0022414592606268013,1.9009454151790384e-06,0.0015376131603274483,1.5376131603274485,4.992802420661706,-0.019195495890745873,0.019195495890745873,0.019195495890745873,1.5376131603274485
0.002243459260626801,1.9361434801880194e-06,0.0015580893574903536,1.5580893574903536,4.995778251979462,-0.0190982716360506,0.0190982716360506,0.0190982716360506,1.5580893574903536
0.002245459260626801,1.971104122694312e-06,0.0015782053821925227,1.5782053821925226,4.997965191998332,-0.018998665610032273,0.018998665610032273,0.018998665610032273,1.5782053821925226
0.002247459260626801,2.005823254965406e-06,0.0015979677352337084,1.5979677352337083,4.9993628953751355,-0.018896639778563484,0.018896639778563484,0.018896639778563484,1.5979677352337083
0.0022494592606268006,2.0402967024603555e-06,0.001617382678081495,1.617382678081495,4.999971141396306,-0.018792158129526726,0.018792158129526726,0.018792158129526726,1.617382678081495
0.0022514592606268004,2.074520208310367e-06,0.0016364562392110341,1.636456239211034,4.999789834012746,-0.018685186637787288,0.018685186637787288,0.018685186637787288,1.636456239211034
0.0022534592606268003,2.1084894377171467e-06,0.001655194220642989,1.655194220642989,4.998819001854993,-0.01857569322895558,0.01857569322895558,0.018575693228955577,1.655194220642989
0.0022554592606268,2.14219998226332e-06,0.0016736022046028038,1.6736022046028038,4.997058798228699,-0.018463647742366085,0.018463647742366085,0.018463647742366085,1.6736022046028038
0.0022574592606268,2.175647364134365e-06,0.0016916855602390655,1.6916855602390655,4.9945095010904215,-0.018349021893618644,0.018349021893618644,0.018349021893618644,1.6916855602390655
0.0022594592606267998,2.2088270402543582e-06,0.0017094494503502701,1.7094494503502702,4.991171513003731,-0.01823178923696367,0.01823178923696367,0.01823178923696367,1.7094494503502702
0.0022614592606267996,2.241734406330609e-06,0.0017268988380740168,1.7268988380740167,4.987045361075642,-0.01811192512778681,0.01811192512778681,0.018111925127786806,1.7268988380740167
0.0022634592606267994,2.2743648008122173e-06,0.0017440384935056012,1.7440384935056015,4.982131696873375,-0.01798940668537652,0.01798940668537652,0.01798940668537652,1.7440384935056015
0.0022654592606267993,2.3067135087602076e-06,0.0017608730002153239,1.760873000215324,4.9764312963214685,-0.017864212756145248,0.017864212756145248,0.017864212756145248,1.760873000215324
0.002267459260626799,2.338775765631756e-06,0.0017774067616419798,1.7774067616419797,4.969945059579253,-0.017736323877429294,0.017736323877429294,0.017736323877429294,1.7774067616419797
0.002269459260626799,2.370546760982201e-06,0.001793644007345236,1.793644007345236,4.962674010898695,-0.01760572224196366,0.01760572224196366,0.01760572224196366,1.793644007345236
0.0022714592606267988,2.4020216420808188e-06,0.0018095887990995836,1.8095887990995836,4.954619298462679,-0.017472391663128306,0.017472391663128306,0.017472391663128306,1.8095887990995836
0.0022734592606267986,2.433195517449113e-06,0.0018252450368226327,1.8252450368226327,4.945782194203664,-0.01733631754100573,0.01733631754100573,0.01733631754100573,1.8252450368226327
0.0022754592606267984,2.4640634603182378e-06,0.0018406164643270397,1.8406164643270397,4.936164093602859,-0.017197486829310105,0.017197486829310105,0.017197486829310105,1.8406164643270397
0.0022774592606267983,2.494620512011706e-06,0.001855706674892744,1.855706674892744,4.925766515469846,-0.01705588800320612,0.01705588800320612,0.01705588800320612,1.855706674892744
0.002279459260626798,2.5248616852513837e-06,0.0018705191166540622,1.8705191166540622,4.914591101702742,-0.01691151102804822,0.01691151102804822,0.01691151102804822,1.8705191166540622
0.002281459260626798,2.5547819673939296e-06,0.0018850570978025357,1.8850570978025356,4.902639617028932,-0.016764347329035534,0.016764347329035534,0.016764347329035534,1.8850570978025356
0.0022834592606267978,2.5843763235953396e-06,0.0018993237916030594,1.8993237916030594,4.889913948726393,-0.0166143897617963,0.0166143897617963,0.0166143897617963,1.8993237916030594
0.0022854592606267976,2.6136396999081667e-06,0.0019133222412255097,1.9133222412255098,4.876416106325669,-0.016461632583889774,0.016461632583889774,0.016461632583889774,1.9133222412255098
0.0022874592606267974,2.6425670263136507e-06,0.0019270553643938512,1.9270553643938513,4.862148221292545,-0.016306071427214963,0.016306071427214963,0.016306071427214963,1.9270553643938513
0.0022894592606267973,2.6711532196899487e-06,0.0019405259578549928,1.9405259578549927,4.84711254669147,-0.016147703271313762,0.016147703271313762,0.016147703271313762,1.9405259578549927
0.002291459260626797,2.699393186719245e-06,0.0019537367016711146,1.9537367016711151,4.831311456829764,-0.01598652641754805,0.015986526417548053,0.01598652641754805,1.9537367016711151
0.002293459260626797,2.7272818267359514e-06,0.001966690163339382,1.9666901633393818,4.814747446882683,-0.015822540464129453,0.015822540464129453,0.015822540464129453,1.9666901633393818
0.0022954592606267967,2.7548140345169575e-06,0.0019793888017427827,1.9793888017427825,4.797423132499416,-0.015655746281981298,0.015655746281981298,0.015655746281981298,1.9793888017427825
0.0022974592606267966,2.7819847030176986e-06,0.001991834970937484,1.991834970937484,4.779341249390038,-0.01548614599140308,0.015486145991403077,0.015486145991403077,1.991834970937484
0.0022994592606267964,2.8087887260539197e-06,0.0020040309237804497,2.0040309237804497,4.760504652893497,-0.015313742939516928,0.015313742939516928,0.015313742939516928,2.0040309237804497
0.0023014592606267962,2.8352210009327734e-06,0.002015978815403031,2.015978815403031,4.740916317526743,-0.015138541678465067,0.015138541678465067,0.015138541678465067,2.015978815403031
0.002303459260626796,2.861276431033558e-06,0.002027680706534765,2.027680706534765,4.720579336515003,-0.014960547944334658,0.014960547944334657,0.014960547944334657,2.027680706534765
0.002305459260626796,2.8869499283413603e-06,0.0020391385666830414,2.0391385666830413,4.699496921303339,-0.014779768636779433,0.014779768636779433,0.014779768636779433,2.0391385666830413
0.0023074592606267957,2.9122364159337203e-06,0.0020503542771728835,2.0503542771728833,4.6776724010495085,-0.014596211799314585,0.014596211799314585,0.014596211799314585,2.0503542771728833
0.0023094592606267956,2.9371308304219643e-06,0.002061329634051771,2.061329634051771,4.6551092220982495,-0.014409886600258215,0.014409886600258215,0.014409886600258215,2.061329634051771
0.0023114592606267954,2.961628124351713e-06,0.002072066350865666,2.072066350865666,4.631810947437084,-0.014220803314285659,0.014220803314285657,0.014220803314285657,2.072066350865666
0.0023134592606267952,2.985723268558188e-06,0.0020825660613083513,2.082566061308351,4.6077812561336655,-0.01402897330458508,0.01402897330458508,0.01402897330458508,2.082566061308351
0.002315459260626795,3.0094112544855505e-06,0.002092830321752209,2.092830321752209,4.583023942754806,-0.013834409005569981,0.013834409005569981,0.013834409005569981,2.092830321752209
0.002317459260626795,3.0326870964617117e-06,0.0021028606136605428,2.1028606136605426,4.557542916767286,-0.013637123906148574,0.013637123906148574,0.013637123906148574,2.1028606136605426
0.0023194592606267947,3.055545833941845e-06,0.00211265834589108,2.11265834589108,4.531342201920498,-0.013437132533496767,0.013437132533496765,0.013437132533496765,2.11265834589108
0.0023214592606267946,3.077982533709952e-06,0.002122224856889664,2.1222248568896642,4.504425935611035,-0.01323445043734095,0.01323445043734095,0.01323445043734095,2.1222248568896642
0.0023234592606267944,3.0999922920481284e-06,0.002131561416781943,2.1315614167819428,4.476798368229381,-0.01302909417470799,0.01302909417470799,0.01302909417470799,2.1315614167819428
0.0023254592606267942,3.1215702368721694e-06,0.0021406692293658622,2.1406692293658622,4.4484638624886905,-0.012821081295126824,0.012821081295126824,0.012821081295126824,2.1406692293658622
0.002327459260626794,3.14271152982988e-06,0.002149549434006775,2.149549434006775,4.4194268927358875,-0.012610430326272848,0.012610430326272848,0.012610430326272848,2.149549434006775
0.002329459260626794,3.1634113683749474e-06,0.0021582031074438217,2.158203107443822,4.389692044245096,-0.012397160760007075,0.012397160760007075,0.012397160760007075,2.158203107443822
0.0023314592606267937,3.1836649878005807e-06,0.0021666312655039387,2.1666312655039386,4.359264012493594,-0.01218129303883142,0.01218129303883142,0.01218129303883142,2.1666312655039386
0.0023334592606267936,3.2034676632520965e-06,0.0021748348647345488,2.1748348647345486,4.328147602420333,-0.011962848542698802,0.0119628485426988,0.0119628485426988,2.1748348647345486
0.0023354592606267934,3.2228147117023423e-06,0.0021828148039509552,2.182814803950955,4.2963477276671656,-0.011741849576201169,0.011741849576201169,0.011741849576201169,2.182814803950955
0.002337459260626793,3.2417014939046524e-06,0.0021905719257072835,2.1905719257072835,4.263869409802952,-0.01151831935608705,0.011518319356087048,0.011518319356087048,2.1905719257072835
0.002339459260626793,3.2601234163166905e-06,0.002198107017690728,2.1981070176907282,4.230717777530594,-0.011292281999110365,0.011292281999110365,0.011292281999110365,2.1981070176907282
0.002341459260626793,3.2780759329941477e-06,0.0022054208140411423,2.205420814041142,4.196898065877127,-0.011063762510199913,0.011063762510199915,0.011063762510199915,2.205420814041142
0.0023434592606267927,3.295554547464517e-06,0.00221251399660249,2.21251399660249,4.162415615367077,-0.010832786770914371,0.010832786770914371,0.010832786770914371,2.21251399660249
0.0023454592606267925,3.312554814571062e-06,0.002219387196104272,2.2193871961042717,4.127275871179103,-0.01059938152819351,0.010599381528193508,0.010599381528193508,2.2193871961042717
0.0023474592606267924,3.3290723422933265e-06,0.0022260409932776345,2.2260409932776346,4.091484382286171,-0.010363574383380758,0.010363574383380758,0.010363574383380758,2.2260409932776346
0.002349459260626792,3.3451027935448173e-06,0.002232475919908367,2.2324759199083672,4.055046800579289,-0.010125393781505121,0.010125393781505121,0.010125393781505121,2.2324759199083672
0.002351459260626792,3.360641887947865e-06,0.0022386924598286405,2.2386924598286404,4.017968879974997,-0.00988486900081309,0.00988486900081309,0.00988486900081309,2.2386924598286404
0.002353459260626792,3.375685403581363e-06,0.002244691049847515,2.244691049847515,3.980256475506784,-0.009642030142551494,0.009642030142551494,0.009642030142551494,2.244691049847515
0.0023554592606267917,3.3902291787144616e-06,0.002250472080627137,2.2504720806271368,3.941915542400486,-0.009396908120963053,0.009396908120963055,0.009396908120963053,2.2504720806271368
0.0023574592606267915,3.4042691135107357e-06,0.0022560358974999246,2.2560358974999244,3.9029521351339196,-0.009149534653522196,0.009149534653522196,0.009149534653522196,2.2560358974999244
0.0023594592606267914,3.4178011717169014e-06,0.002261382801233869,2.2613828012338693,3.863372406480754,-0.008899942251371584,0.008899942251371584,0.008899942251371582,2.2613828012338693
0.002361459260626791,3.4308213823281813e-06,0.002266513048744122,2.266513048744122,3.823182606538971,-0.008648164209971386,0.008648164209971387,0.008648164209971386,2.266513048744122
0.002363459260626791,3.443325841235518e-06,0.0022714268537542153,2.2714268537542153,3.7823890817438826,-0.008394234599942594,0.008394234599942596,0.008394234599942596,2.2714268537542153
0.002365459260626791,3.455310712852253e-06,0.0022761243874071416,2.2761243874071413,3.7409982738659364,-0.008138188258104416,0.008138188258104417,0.008138188258104417,2.2761243874071413
0.0023674592606267907,3.466772231723081e-06,0.002280605778828485,2.2806057788284853,3.6990167189935184,-0.00788006077869463,0.00788006077869463,0.007880060778694629,2.2806057788284853
0.0023694592606267905,3.4777067041121234e-06,0.0022848711156413727,2.284871115641373,3.656451046500816,-0.007619888504774686,0.007619888504774686,0.007619888504774686,2.284871115641373
0.0023714592606267904,3.488110509576586e-06,0.0022889204444366995,2.2889204444366995,3.613307978000939,-0.00735770851980133,0.0073577085198013314,0.0073577085198013314,2.2889204444366995
0.00237345926062679,3.497980102520224e-06,0.002292753771197196,2.292753771197196,3.5695943262845358,-0.007093558639374109,0.007093558639374109,0.007093558639374109,2.292753771197196
0.00237545926062679,3.5073120137297e-06,0.002296371061677321,2.2963710616773207,3.5253169942439677,-0.0068274774031480395,0.006827477403148041,0.006827477403148039,2.2963710616773207
0.00237745926062679,3.516102851896484e-06,0.0022997722417406807,2.299772241740681,3.480482973783237,-0.006559504066903088,0.006559504066903088,0.006559504066903088,2.299772241740681
0.0023794592606267897,3.524349305118469e-06,0.0023029571976533308,2.3029571976533307,3.4350993447139144,-0.006289678594781021,0.006289678594781023,0.00628967859478102,2.3029571976533307
0.0023814592606267895,3.532048142390908e-06,0.002305925776337206,2.305925776337206,3.3891732736371205,-0.006018041651666193,0.006018041651666195,0.006018041651666192,2.305925776337206
0.0023834592606267893,3.5391962150766762e-06,0.0023086777855802873,2.3086777855802874,3.3427120128118757,-0.005744634595731046,0.005744634595731046,0.005744634595731046,2.3086777855802874
0.002385459260626789,3.5457904583637866e-06,0.0023112129942069563,2.311212994206956,3.295722899009869,-0.005469499471127293,0.005469499471127293,0.005469499471127293,2.311212994206956
0.002387459260626789,3.551827892709122e-06,0.0023135311322084514,2.3135311322084515,3.2482133523568684,-0.005192679000824539,0.0051926790008245405,0.005192679000824538,2.3135311322084515
0.002389459260626789,3.5573056252665513e-06,0.002315631890832981,2.315631890832981,3.2001908751610415,-0.004914216579600337,0.004914216579600339,0.004914216579600336,2.315631890832981
0.0023914592606267887,3.5622208512999266e-06,0.0023175149226358632,2.3175149226358633,3.1516630507282435,-0.00463415626717989,0.00463415626717989,0.00463415626717989,2.3175149226358633
0.0023934592606267885,3.5665708555843555e-06,0.002319179841491122,2.319179841491122,3.102637542164498,-0.004352542781518753,0.004352542781518753,0.004352542781518753,2.319179841491122
0.0023954592606267883,3.5703530137940335e-06,0.002320626222563918,2.320626222563918,3.0531220911659367,-0.0040694214922334365,0.004069421492233438,0.004069421492233438,2.320626222563918
0.002397459260626788,3.5735647938757953e-06,0.002321853602243484,2.321853602243484,3.00312451679626,-0.00378483841418209,0.00378483841418209,0.00378483841418209,2.321853602243484
0.002399459260626788,3.5762037574109454e-06,0.0023228614780374645,2.3228614780374643,2.952652714252056,-0.003498840201192177,0.003498840201192177,0.003498840201192177,2.3228614780374643
0.002401459260626788,3.578267560965521e-06,0.0023236493084275544,2.3236493084275542,2.901714653616044,-0.0032114741399360547,0.0032114741399360547,0.0032114741399360547,2.3236493084275542
0.0024034592606267877,3.5797539574282583e-06,0.0023242165126859614,2.3242165126859615,2.8503183785984754,-0.0029227881439584085,0.0029227881439584102,0.0029227881439584102,2.3242165126859615
0.0024054592606267875,3.5806607973369834e-06,0.0023245624706526693,2.324562470652669,2.7984720052669942,-0.002632830747857362,0.002632830747857362,0.002632830747857362,2.324562470652669
0.0024074592606267873,3.5809860301930113e-06,0.0023246865224730053,2.324686522473005,2.746183720764943,-0.0023416511016218777,0.0023416511016218777,0.0023416511016218777,2.324686522473005
0.002409459260626787,3.5807277057691816e-06,0.0023245879682972405,2.3245879682972403,2.6934617820186335,-0.002049298965118851,0.002049298965118851,0.002049298965118851,2.3245879682972403
0.002411459260626787,3.5798839754005956e-06,0.002324266067937569,2.324266067937569,2.640314514433336,-0.0017558247027542606,0.0017558247027542606,0.0017558247027542606,2.324266067937569
0.002413459260626787,3.57845309327336e-06,0.002323720040487755,2.323720040487755,2.5867503105787133,-0.0014612792782831008,0.0014612792782831008,0.0014612792782831008,2.323720040487755
0.0024154592606267867,3.5764334176971104e-06,0.0023229490638994065,2.3229490638994066,2.5327776288634962,-0.001165714249800498,0.001165714249800498,0.001165714249800498,2.3229490638994066
0.0024174592606267865,3.5738234123733817e-06,0.0023219522745187788,2.321952274518779,2.478404992199785,-0.0008691817648944777,0.0008691817648944777,0.0008691817648944777,2.321952274518779
0.0024194592606267863,3.5706216476531814e-06,0.002320728766580838,2.320728766580838,2.4236409866572233,-0.0005717345559799192,0.0005717345559799192,0.0005717345559799192,2.320728766580838
0.002421459260626786,3.566826801786652e-06,0.002319277591660832,2.3192775916608324,2.368494260107138,-0.00027342593581280994,0.00027342593581280994,0.00027342593581280994,2.3192775916608324
0.002423459260626786,3.562437662165934e-06,0.0023175977580829187,2.317597758082919,2.3129735208569024,2.5690206811201932e-05,-2.5690206811201932e-05,-2.5690206811201932e-05,2.317597758082919
0.002425459260626786,3.5574531265595714e-06,0.0023156882302842216,2.3156882302842217,2.2570875362749074,0.0003255594111628568,-0.0003255594111628568,-0.0003255594111628568,2.3156882302842217
0.0024274592606267856,3.5518722043414883e-06,0.0023135479281344456,2.3135479281344455,2.200845131405938,0.0006261266484917094,-0.0006261266484917094,-0.0006261266484917094,2.3135479281344455
0.0024294592606267855,3.5456940177127795e-06,0.0023111757262092433,2.3111757262092434,2.1442551875777136,0.000927336325730721,-0.000927336325730721,-0.000927336325730721,2.3111757262092434
0.0024314592606267853,3.5389178029190876e-06,0.002308570453017207,2.308570453017207,2.0873266409983837,0.001229132288993462,-0.001229132288993462,-0.001229132288993462,2.308570453017207
0.002433459260626785,3.531542911459823e-06,0.0023057308901777633,2.305730890177763,2.030068481345374,0.001531457826846605,-0.001531457826846605,-0.001531457826846605,2.305730890177763
0.002435459260626785,3.5235688112978266e-06,0.0023026557715519268,2.302655771551927,1.9724897503458603,0.0018342556733670374,-0.0018342556733670357,-0.001834255673367037,2.302655771551927
0.002437459260626785,3.514995088059881e-06,0.002299343782320796,2.299343782320796,1.914599540348948,0.002137468010954713,-0.002137468010954713,-0.0021374680109547115,2.299343782320796
0.0024394592606267846,3.505821446235346e-06,0.0022957935580130546,2.2957935580130546,1.8564069928898648,0.0024410364729066103,-0.0024410364729066103,-0.0024410364729066103,2.2957935580130546
0.0024414592606267845,3.496047710375441e-06,0.0022920036834808764,2.2920036834808766,1.7979212972464431,0.0027449021457468525,-0.0027449021457468525,-0.0027449021457468525,2.2920036834808766
0.0024434592606267843,3.485673826283014e-06,0.002287972691818623,2.2879726918186227,1.7391516889880299,0.0030490055712810715,-0.0030490055712810715,-0.0030490055712810715,2.2879726918186227
0.002445459260626784,3.474699862208278e-06,0.002283699063228542,2.283699063228542,1.6801074485170477,0.00335328674839719,-0.0033532867483971884,-0.0033532867483971897,2.283699063228542
0.002447459260626784,3.463126010038079e-06,0.0022791812238268302,2.2791812238268303,1.6207978996035133,0.003657685134573983,-0.0036576851345739847,-0.0036576851345739834,2.2791812238268303
0.002449459260626784,3.4509525864882665e-06,0.0022744175443918085,2.274417544391808,1.561232407912746,0.0039621396471059,-0.0039621396471059,-0.003962139647105902,2.274417544391808
0.0024514592606267836,3.438180034293926e-06,0.0022694063390501706,2.269406339050171,1.5014203795263974,0.004266588664020965,-0.004266588664020965,-0.004266588664020965,2.269406339050171
0.0024534592606267835,3.424808923402481e-06,0.0022641458639011524,2.2641458639011525,1.4413712594570962,0.004570970024689203,-0.004570970024689203,-0.004570970024689202,2.2641458639011525
0.0024554592606267833,3.4108399521676097e-06,0.002258634315575614,2.258634315575614,1.381094530157021,0.004875221030103293,-0.004875221030103294,-0.004875221030103294,2.258634315575614
0.002457459260626783,3.3962739485495574e-06,0.0022528698297299803,2.2528698297299803,1.3205997100204696,0.005179278442830615,-0.005179278442830615,-0.005179278442830615,2.2528698297299803
0.002459459260626783,3.3811118713111877e-06,0.00224685047946848,2.24685047946848,1.2598963518808373,0.005483078486598015,-0.005483078486598014,-0.005483078486598014,2.24685047946848
0.002461459260626783,3.365354811225702e-06,0.0022405742736975056,2.2405742736975056,1.1989940415020697,0.0057865568455302005,-0.0057865568455302,-0.0057865568455302,2.2405742736975056
0.0024634592606267826,3.349003992288226e-06,0.0022340391554065576,2.2340391554065575,1.1379023960649604,0.006089648663008873,-0.006089648663008873,-0.006089648663008873,2.2340391554065575
0.0024654592606267824,3.3320607729295596e-06,0.0022272429998724825,2.2272429998724825,1.0766310626485294,0.006392288540133074,-0.006392288540133073,-0.006392288540133073,2.2272429998724825
0.0024674592606267823,3.314526647243294e-06,0.002220183612788821,2.220183612788821,1.0151897167066117,0.006694410533790052,-0.006694410533790052,-0.006694410533790052,2.220183612788821
0.002469459260626782,3.296403246213944e-06,0.0022128587283126544,2.2128587283126544,0.9535880605399649,0.006995948154292719,-0.006995948154292719,-0.006995948154292719,2.2128587283126544
0.002471459260626782,3.2776923389618296e-06,0.0022052660070324714,2.2052660070324714,0.8918358217642154,0.007296834362601423,-0.007296834362601423,-0.007296834362601423,2.2052660070324714
0.0024734592606267818,3.2583958339908647e-06,0.0021974030338487464,2.1974030338487465,0.8299427517737292,0.00759700156708343,-0.007597001567083428,-0.00759700156708343,2.1974030338487465
0.0024754592606267816,3.2385157804546408e-06,0.0021892673157705746,2.1892673157705747,0.7679186242017189,0.007896381619826977,-0.007896381619826975,-0.007896381619826977,2.1892673157705747
0.0024774592606267814,3.2180543694266985e-06,0.002180856279619874,2.180856279619874,0.7057732333769607,0.008194905812460629,-0.008194905812460629,-0.008194905812460629,2.180856279619874
0.0024794592606267813,3.1970139351936752e-06,0.002172167269647888,2.172167269647888,0.6435163927770695,0.008492504871504547,-0.008492504871504547,-0.008492504871504547,2.172167269647888
0.002481459260626781,3.1753969565541362e-06,0.0021631975450542413,2.163197545054241,0.581157933478889,0.0087891089531964,-0.0087891089531964,-0.0087891089531964,2.163197545054241
0.002483459260626781,3.1532060581409974e-06,0.002153944277413111,2.153944277413111,0.5187077026060068,0.009084647637817245,-0.009084647637817245,-0.009084647637817245,2.153944277413111
0.0024854592606267808,3.1304440117541653e-06,0.0021444045479984022,2.144404547998402,0.4561755617738328,0.009379049923469829,-0.009379049923469829,-0.009379049923469829,2.144404547998402
0.0024874592606267806,3.107113737718221e-06,0.0021345753450115077,2.134575345011508,0.39357138553230864,0.009672244219328887,-0.009672244219328885,-0.009672244219328887,2.134575345011508
0.0024894592606267804,3.0832183062551328e-06,0.002124453560705192,2.124453560705192,0.3309050598065758,0.009964158338325646,-0.009964158338325646,-0.009964158338325646,2.124453560705192
0.0024914592606267803,3.058760938878235e-06,0.0021140359884039847,2.1140359884039848,0.2681864803359175,0.010254719489267039,-0.010254719489267039,-0.01025471948926704,2.1140359884039848
0.00249345926062678,3.0337450098124892e-06,0.0021033193194213862,2.103319319421386,0.20542555111110677,0.010543854268390442,-0.01054385426839044,-0.010543854268390442,2.103319319421386
0.00249545926062678,3.008174047434825e-06,0.0020923001398697296,2.0923001398697294,0.14263218281040702,0.01083148865032957,-0.010831488650329568,-0.010831488650329568,2.0923001398697294
0.0024974592606267798,2.9820517357385794e-06,0.0020809749273632385,2.0809749273632385,0.07981629123460571,0.011117547978492405,-0.011117547978492404,-0.011117547978492404,2.0809749273632385
0.0024994592606267796,2.955381915830464e-06,0.0020693400476173114,2.0693400476173114,0.016987795741149746,0.011401956954867565,-0.011401956954867565,-0.011401956954867565,2.0693400476173114
0.0025014592606267794,2.928168587447475e-06,0.0020573917509386277,2.0573917509386277,-0.04584338232218251,0.011684639629226723,-0.011684639629226723,-0.011684639629226723,2.0573917509386277
0.0025034592606267793,2.900415910511044e-06,0.00204512616861422,2.0451261686142197,-0.10866732118400388,0.011965519387767909,-0.011965519387767909,-0.011965519387767909,2.0451261686142197
0.002505459260626779,2.872128206704518e-06,0.0020325393091951242,2.032539309195124,-0.1714741002161076,0.012244518941173508,-0.01224451894117351,-0.01224451894117351,2.032539309195124
0.002507459260626779,2.843309961087226e-06,0.0020196270546829296,2.0196270546829296,-0.23425380149999642,0.012521560312127367,-0.012521560312127367,-0.012521560312127367,2.0196270546829296
0.0025094592606267787,2.8139658237415035e-06,0.0020063851566215316,2.0063851566215316,-0.296996511393081,0.012796564822303404,-0.012796564822303402,-0.012796564822303402,2.0063851566215316
0.0025114592606267786,2.7841006114518272e-06,0.0019928092320989233,1.9928092320989232,-0.359692322094115,0.013069453078850213,-0.013069453078850213,-0.013069453078850213,1.9928092320989232
0.0025134592606267784,2.7537193094205265e-06,0.0019788947596678878,1.9788947596678876,-0.42233133320779576,0.013340144960420464,-0.013340144960420464,-0.013340144960420464,1.9788947596678876
0.0025154592606267782,2.7228270730224454e-06,0.001964637075195558,1.964637075195558,-0.48490365330815177,0.013608559602798389,-0.013608559602798387,-0.013608559602798387,1.964637075195558
0.002517459260626778,2.691429229592609e-06,0.0019500313676502525,1.9500313676502525,-0.547399401500469,0.013874615384170676,-0.013874615384170674,-0.013874615384170674,1.9500313676502525
0.002519459260626778,2.659531280255867e-06,0.0019350726748433788,1.9350726748433789,-0.6098087089816252,0.014138229910138913,-0.01413822991013891,-0.01413822991013891,1.9350726748433789
0.0025214592606267777,2.627138901793137e-06,0.0019197558791407918,1.9197558791407918,-0.6721217205985154,0.014399319998551707,-0.014399319998551707,-0.014399319998551707,1.9197558791407918
0.0025234592606267776,2.594257948548058e-06,0.0019040757031656866,1.9040757031656865,-0.7343285964042321,0.014657801664277326,-0.014657801664277326,-0.014657801664277326,1.9040757031656865
0.0025254592606267774,2.560894454371195e-06,0.0018880267055161291,1.888026705516129,-0.7964195132119957,0.014913590104045138,-0.014913590104045138,-0.014913590104045138,1.888026705516129
0.0025274592606267772,2.527054634603351e-06,0.0018716032765271132,1.8716032765271131,-0.858384666146209,0.015166599681518456,-0.015166599681518456,-0.015166599681518456,1.8716032765271131
0.002529459260626777,2.4927448880984706e-06,0.0018547996341120076,1.8547996341120074,-0.9202142701909357,0.015416743912794129,-0.015416743912794129,-0.015416743912794129,1.8547996341120074
0.002531459260626777,2.4579717992793454e-06,0.0018376098197210376,1.8376098197210378,-0.9818985617349373,0.015663935452533195,-0.015663935452533195,-0.015663935452533195,1.8376098197210378
0.0025334592606267767,2.4227421402315476e-06,0.0018200276944674812,1.8200276944674811,-1.043427800113503,0.015908086081005468,-0.015908086081005468,-0.015908086081005468,1.8200276944674811
0.0025354592606267766,2.3870628728283525e-06,0.0018020469354745271,1.802046935474527,-1.1047922691466407,0.01614910669233982,-0.01614910669233982,-0.01614910669233982,1.802046935474527
0.0025374592606267764,2.350941150883514e-06,0.001783661032507099,1.7836610325070992,-1.1659822786733218,0.016386907284335672,-0.016386907284335672,-0.016386907284335672,1.7836610325070992
0.0025394592606267762,2.3143843223315206e-06,0.001764863284965262,1.7648632849652621,-1.2269881660816964,0.01662139695026088,-0.01662139695026088,-0.01662139695026088,1.7648632849652621
0.002541459260626776,2.277399931423873e-06,0.0017456467993227048,1.7456467993227047,-1.2878002978349574,0.016852483873098123,-0.016852483873098123,-0.016852483873098123,1.7456467993227047
0.002543459260626776,2.2399957209414804e-06,0.0017260044871137304,1.7260044871137303,-1.3484090709925443,0.017080075322812638,-0.017080075322812638,-0.017080075322812638,1.7260044871137303
0.0025454592606267757,2.202179634410736e-06,0.001705929063582069,1.705929063582069,-1.4088049147265589,0.017304077657270156,-0.017304077657270156,-0.017304077657270156,1.705929063582069
0.0025474592606267756,2.1639598183152403e-06,0.001685413047125333,1.6854130471253328,-1.4689782918331449,0.017524396327547098,-0.017524396327547098,-0.017524396327547098,1.6854130471253328
0.0025494592606267754,2.125344624292469e-06,0.0016644487596884612,1.6644487596884612,-1.5289197002385226,0.017740935888483245,-0.017740935888483245,-0.017740935888483245,1.6644487596884612
0.002551459260626775,2.0863426113005907e-06,0.0016430283282809451,1.643028328280945,-1.5886196744994332,0.017953600015446547,-0.017953600015446547,-0.017953600015446547,1.643028328280945
0.002553459260626775,2.046962547740574e-06,0.0016211436878192165,1.6211436878192165,-1.648068787297877,0.018162291528428298,-0.018162291528428298,-0.018162291528428298,1.6211436878192165
0.002555459260626775,2.0072134135140743e-06,0.0015987865855231493,1.5987865855231493,-1.7072576509297868,0.018366912424738535,-0.018366912424738535,-0.018366912424738535,1.5987865855231493
0.0025574592606267747,1.9671044019950384e-06,0.001575948587127892,1.575948587127892,-1.7661769187874399,0.018567363921751845,-0.018567363921751845,-0.018567363921751845,1.575948587127892
0.0025594592606267745,1.9266449218895736e-06,0.0015526210852080892,1.552621085208089,-1.824817286835477,0.018763546511353146,-0.018763546511353146,-0.018763546511353146,1.552621085208089
0.0025614592606267744,1.8858445989550673e-06,0.001528795309951557,1.5287953099515572,-1.8831694950799536,0.01895536002795284,-0.01895536002795284,-0.01895536002795284,1.5287953099515572
0.002563459260626774,1.8447132775421774e-06,0.0015044623427618103,1.5044623427618102,-1.9412243290307636,0.019142703732180966,-0.019142703732180966,-0.019142703732180966,1.5044623427618102
0.002565459260626774,1.803261021921543e-06,0.0014796131331189742,1.4796131331189741,-1.998972621156633,0.019325476412642262,-0.019325476412642262,-0.019325476412642262,1.4796131331189741
0.002567459260626774,1.7614981173481814e-06,0.0014542385191795317,1.454238519179532,-2.05640525233278,0.019503576508401732,-0.019503576508401732,-0.019503576508401732,1.454238519179532
0.0025694592606267737,1.719435070812756e-06,0.0014283292526537906,1.4283292526537905,-2.1135131532809943,0.01967690225519325,-0.01967690225519325,-0.01967690225519325,1.4283292526537905
0.0025714592606267735,1.6770826114176145e-06,0.001401876028558413,1.401876028558413,-2.1702873060016836,0.019845351858667204,-0.019845351858667204,-0.019845351858667204,1.401876028558413
0.0025734592606267734,1.63445169031159e-06,0.0013748695205079305,1.3748695205079304,-2.226718745197987,0.020008823698366207,-0.020008823698366207,-0.020008823698366207,1.3748695205079304
0.002575459260626773,1.5915534801039019e-06,0.0013473004222727442,1.347300422272744,-2.282798559691481,0.020167216566467916,-0.020167216566467916,-0.020167216566467916,1.347300422272744
0.002577459260626773,1.5483993736730683e-06,0.0013191594964016853,1.3191594964016855,-2.338517893829359,0.020320429945728025,-0.020320429945728025,-0.020320429945728025,1.3191594964016855
0.002579459260626773,1.5050009822686866e-06,0.001290437630768615,1.290437630768615,-2.393867948882842,0.020468364331396982,-0.020468364331396982,-0.020468364331396982,1.290437630768615
0.0025814592606267727,1.4613701328003644e-06,0.0012611259039692962,1.2611259039692961,-2.448839984436599,0.020610921602254972,-0.020610921602254972,-0.020610921602254972,1.2611259039692961
0.0025834592606267725,1.417518864187408e-06,0.0012312156605432695,1.2312156605432696,-2.5034253197689598,0.020748005446179052,-0.020748005446179052,-0.020748005446179052,1.2312156605432696
0.0025854592606267724,1.3734594226377729e-06,0.0012006985970411214,1.2006985970411215,-2.5576153352227022,0.02087952184591013,-0.02087952184591013,-0.02087952184591013,1.2006985970411215
0.002587459260626772,1.3292042557040085e-06,0.0011695668599739557,1.1695668599739557,-2.61140147356618,0.02100537963077853,-0.02100537963077853,-0.02100537963077853,1.1695668599739557
0.002589459260626772,1.2847660049564392e-06,0.0011378131566794805,1.1378131566794805,-2.664775241344671,0.021125491100134175,-0.021125491100134175,-0.021125491100134175,1.1378131566794805
0.002591459260626772,1.240157497095588e-06,0.001105430880092169,1.105430880092169,-2.717728210221499,0.021239772723964823,-0.021239772723964823,-0.021239772723964823,1.105430880092169
0.0025934592606267717,1.195391733317507e-06,0.0010724142483150585,1.0724142483150585,-2.7702520183090433,0.021348145925689455,-0.021348145925689455,-0.021348145925689455,1.0724142483150585
0.0025954592606267715,1.1504818767325039e-06,0.0010387584597339528,1.0387584597339528,-2.8223383714891015,0.02145053795123919,-0.02145053795123919,-0.02145053795123919,1.0387584597339528
0.0025974592606267713,1.105441237630124e-06,0.0010044598641820036,1.0044598641820035,-2.8739790447227027,0.02154688282724837,-0.02154688282724837,-0.02154688282724837,1.0044598641820035
0.002599459260626771,1.0602832563790562e-06,0.0009695161503350258,0.9695161503350258,-2.9251658833489347,0.021637122409355336,-0.021637122409355336,-0.021637122409355336,0.9695161503350258
0.002601459260626771,1.0150214837510687e-06,0.0009339265490779037,0.9339265490779036,-2.9758908043725874,0.021721207519169394,-0.021721207519169394,-0.021721207519169394,0.9339265490779036
0.002603459260626771,9.696695584655315e-07,0.0008976920520139076,0.8976920520139076,-3.026145797740609,0.02179909916530287,-0.02179909916530287,-0.02179909916530287,0.8976920520139076
0.0026054592606267707,9.24241181764724e-07,0.0008608156435752657,0.8608156435752656,-3.075922927606973,0.021870769839901327,-0.021870769839901327,-0.021870769839901327,0.8608156435752656
0.0026074592606267705,8.787500888595958e-07,0.0008233025443314944,0.8233025443314945,-3.1252143335858373,0.02193620487731851,-0.02193620487731851,-0.02193620487731851,0.8233025443314945
0.0026094592606267703,8.33210017119987e-07,0.0007851604620704058,0.7851604620704058,-3.174012231992781,0.021995403855906592,-0.021995403855906592,-0.021995403855906592,0.7851604620704058
0.00261145926062677,7.876346709384809e-07,0.0007463998460667493,0.7463998460667494,-3.222308917074004,0.02204838201744863,-0.02204838201744863,-0.02204838201744863,0.7463998460667494
0.00261345926062677,7.42037683264667e-07,0.0007070341386743198,0.7070341386743197,-3.270096762223017,0.02209517167165187,-0.02209517167165187,-0.02209517167165187,0.7070341386743197
0.00261545926062677,6.96432573891627e-07,0.0006670800170293956,0.6670800170293956,-3.3173682211851108,0.022135823545636146,-0.022135823545636146,-0.022135823545636146,0.6670800170293956
0.0026174592606267697,6.508327046817708e-07,0.0006265576163108442,0.6265576163108442,-3.364115829248914,0.022170408030887545,-0.022170408030887545,-0.022170408030887545,0.6265576163108442
0.0026194592606267695,6.052512320365891e-07,0.0005854907247576464,0.5854907247576464,-3.4103322044252242,0.02219901627323817,-0.02219901627323817,-0.02219901627323817,0.5854907247576464
0.0026214592606267693,5.597010570531689e-07,0.0005439069396322154,0.5439069396322154,-3.4560100486126304,0.0222217610458047,-0.0222217610458047,-0.0222217610458047,0.5439069396322154
0.002623459260626769,5.141947739537933e-07,0.0005018377726746404,0.5018377726746404,-3.5011421487500223,0.022238777341248128,-0.022238777341248128,-0.022238777341248128,0.5018377726746404
0.002625459260626769,4.687446175272742e-07,0.00045931869348574583,0.45931869348574583,-3.545721377955598,0.022250222619118576,-0.022250222619118576,-0.022250222619118576,0.45931869348574583
0.002627459260626769,4.233624104675387e-07,0.00041638909985534765,0.41638909985534767,-3.5897406966522896,0.02225627664726465,-0.02225627664726465,-0.022256276647264654,0.41638909985534767
0.0026294592606267687,3.7805951163091155e-07,0.00037309220545018643,0.3730922054501864,-3.6331931536793842,0.02225714088405317,-0.022257140884053173,-0.022257140884053173,0.3730922054501864
0.0026314592606267685,3.3284676634294843e-07,0.00032947483756957035,0.3294748375695704,-3.6760718873902025,0.02225303736088763,-0.02225303736088763,-0.02225303736088763,0.3294748375695704
0.0026334592606267683,2.877344599613477e-07,0.00028558714087339163,0.28558714087339165,-3.718370126735625,0.022244207042272313,-0.022244207042272313,-0.022244207042272316,0.28558714087339165
0.002635459260626768,2.427322759283221e-07,0.000241482186988609,0.24148218698860902,-3.7600811923333217,0.02223090766289962,-0.02223090766289962,-0.02223090766289962,0.24148218698860902
0.002637459260626768,1.9784925951712547e-07,0.00019721549450405274,0.19721549450405274,-3.801198497522505,0.02221341106681421,-0.02221341106681421,-0.02221341106681421,0.19721549450405274
0.002639459260626768,1.530937883861484e-07,0.00015284446875680357,0.15284446875680358,-3.8417155494040274,0.022192000100893505,-0.022192000100893505,-0.022192000100893505,0.15284446875680358
0.0026414592606267676,1.0847355089941745e-07,0.00010842777560084783,0.10842777560084782,-3.8816259498657306,0.02216696514148099,-0.02216696514148099,-0.022166965141480994,0.10842777560084782
0.0026434592606267675,6.39955329581751e-08,6.402466759009018e-05,0.06402466759009018,-3.9209233965927153,0.022138600356571142,-0.022138600356571142,-0.022138600356571142,0.06402466759009018
0.0026454592606267673,1.9666202900256627e-08,1.9665442384254824e-05,0.019665442384254828,-3.9596016840626023,0.022107039591371426,-0.02210703959137143,-0.02210703959137143,0.019665442384254828
0.002647459260626767,-2.4509053086060184e-08,-2.450468903747716e-05,-0.024504689037477156,-3.9976547045254067,0.02207305564159961,-0.02207305564159961,-0.022073055641599608,-0.024504689037477156
0.002649459260626767,-6.852553409727961e-08,-6.851613424529513e-05,-0.06851613424529512,-4.035076448968073,0.02203644619290432,-0.02203644619290432,-0.02203644619290432,-0.06851613424529512
0.002651459260626767,-1.1237882353038705e-07,-0.0001122850175106831,-0.1122850175106831,-4.071861008063366,0.02199764439195935,-0.02199764439195935,-0.02199764439195935,-0.1122850175106831
0.0026534592606267666,-1.5606533050621833e-07,-0.00015575932614764242,-0.15575932614764243,-4.108002573102977,0.021956906927529635,-0.021956906927529635,-0.021956906927529635,-0.15575932614764243
0.0026554592606267665,-1.9958206108890556e-07,-0.000198890254473659,-0.19889025447365904,-4.143495436914818,0.02191447323578422,-0.021914473235784215,-0.021914473235784215,-0.19889025447365904
0.0026574592606267663,-2.4292657486456857e-07,-0.0002416325862558324,-0.2416325862558324,-4.178333994764248,0.02187056338060231,-0.02187056338060231,-0.02187056338060231,-0.2416325862558324
0.002659459260626766,-2.860969370602727e-07,-0.0002839449940639387,-0.2839449940639387,-4.212512745239111,0.021825376395417623,-0.021825376395417623,-0.021825376395417623,-0.2839449940639387
0.002661459260626766,-3.2909166740190845e-07,-0.00032579023887022277,-0.32579023887022274,-4.246026291118512,0.021779089179157163,-0.021779089179157163,-0.021779089179157163,-0.32579023887022274
0.002663459260626766,-3.719096869968071e-07,-0.00036713527321675606,-0.3671352732167561,-4.278869340225057,0.021731855927823895,-0.021731855927823895,-0.021731855927823895,-0.3671352732167561
0.0026654592606267656,-4.1455026445864666e-07,-0.0004079512550499285,-0.40795125504992846,-4.311036706260546,0.021683808062281207,-0.021683808062281207,-0.021683808062281207,-0.40795125504992846
0.0026674592606267655,-4.570129623806496e-07,-0.00044821348217189707,-0.44821348217189705,-4.342523309624991,0.021635054596961637,-0.021635054596961634,-0.021635054596961637,-0.44821348217189705
0.0026694592606267653,-4.992975851202455e-07,-0.00048790125911489393,-0.4879012591148939,-4.373324178218713,0.021585682883910107,-0.021585682883910107,-0.021585682883910107,-0.4879012591148939
0.002671459260626765,-5.414041286974317e-07,-0.000526997709151752,-0.5269977091517521,-4.403434448227519,0.02153575966153204,-0.02153575966153204,-0.02153575966153204,-0.5269977091517521
0.002673459260626765,-5.833327334425411e-07,-0.000565489544234615,-0.5654895442346151,-4.4328493648907195,0.021485332336978358,-0.021485332336978358,-0.021485332336978358,-0.5654895442346151
0.002675459260626765,-6.250836398645882e-07,-0.0006033668050647254,-0.6033668050647254,-4.461564283251983,0.021434430434373652,-0.021434430434373652,-0.021434430434373652,-0.6033668050647254
0.0026774592606267646,-6.666571480585315e-07,-0.000640622582421976,-0.640622582421976,-4.4895746688928275,0.021383067147060286,-0.021383067147060286,-0.021383067147060286,-0.640622582421976
0.0026794592606267644,-7.080535808334248e-07,-0.0006772527294984645,-0.6772527294984645,-4.516876098648654,0.021331240939723273,-0.021331240939723273,-0.021331240939723273,-0.6772527294984645
0.0026814592606267643,-7.492732506249803e-07,-0.0007132555734394166,-0.7132555734394166,-4.543464261307214,0.021278937154821098,-0.021278937154821098,-0.021278937154821098,-0.7132555734394166
0.002683459260626764,-7.90316430160153e-07,-0.0007486316327271499,-0.7486316327271498,-4.569334958289406,0.021226129586456977,-0.021226129586456977,-0.021226129586456977,-0.7486316327271498
0.002685459260626764,-8.311833267614983e-07,-0.000783383345538461,-0.7833833455384611,-4.594484104312272,0.02117278199318784,-0.02117278199318784,-0.02117278199318784,-0.7833833455384611
0.0026874592606267638,-8.718740601252073e-07,-0.0008175148128374388,-0.8175148128374388,-4.618907728034118,0.021118849528870443,-0.021118849528870443,-0.021118849528870443,-0.8175148128374388
0.0026894592606267636,-9.123886433598011e-07,-0.0008510315587569214,-0.8510315587569215,-4.642601972681631,0.0210642800773595,-0.0210642800773595,-0.0210642800773595,-0.8510315587569215
0.0026914592606267634,-9.527269670511096e-07,-0.0008839403098077221,-0.8839403098077221,-4.665563096658902,0.021009015482506554,-0.021009015482506554,-0.021009015482506554,-0.8839403098077221
0.0026934592606267633,-9.928887860997835e-07,-0.0009162487936171204,-0.9162487936171204,-4.687787474138293,0.020952992669562073,-0.020952992669562076,-0.020952992669562073,-0.9162487936171204
0.002695459260626763,-1.0328737090761573e-06,-0.0009479655572424944,-0.9479655572424943,-4.709271595632963,0.020896144657724824,-0.020896144657724824,-0.020896144657724824,-0.9479655572424943
0.002697459260626763,-1.0726811898384595e-06,-0.000979099804603408,-0.9790998046034081,-4.730012068551078,0.020838401466375944,-0.020838401466375944,-0.020838401466375944,-0.9790998046034081
0.0026994592606267628,-1.1123105211675703e-06,-0.0010096612522100593,-1.0096612522100594,-4.750005617731519,0.020779690919563665,-0.020779690919563665,-0.020779690919563665,-1.0096612522100594
0.0027014592606267626,-1.1517608301874958e-06,-0.0010396600021190987,-1.0396600021190987,-4.769249085961114,0.020719939354677863,-0.020719939354677863,-0.020719939354677863,-1.0396600021190987
0.0027034592606267624,-1.1910310753512926e-06,-0.0010691064308881017,-1.0691064308881018,-4.787739434473147,0.020659072242139143,-0.020659072242139143,-0.020659072242139143,-1.0691064308881018
0.0027054592606267623,-1.230120044792773e-06,-0.0010980110932213103,-1.0980110932213103,-4.80547374342724,0.020597014723366277,-0.02059701472336628,-0.020597014723366277,-1.0980110932213103
0.002707459260626762,-1.2690263558582833e-06,-0.001126384638971846,-1.126384638971846,-4.822449212370427,0.02053369207443656,-0.02053369207443656,-0.02053369207443656,-1.126384638971846
0.002709459260626762,-1.3077484556542596e-06,-0.001154237742186469,-1.154237742186469,-4.838663160679376,0.020469030102738373,-0.020469030102738373,-0.020469030102738373,-1.154237742186469
0.0027114592606267618,-1.3462846224575664e-06,-0.0011815810409228488,-1.1815810409228487,-4.854113027983687,0.020402955483671326,-0.020402955483671326,-0.020402955483671326,-1.1815810409228487
0.0027134592606267616,-1.3846329678577878e-06,-0.0012084250866426253,-1.2084250866426256,-4.868796374570225,0.020335396044042223,-0.02033539604404222,-0.02033539604404222,-1.2084250866426256
0.0027154592606267614,-1.4227914395115117e-06,-0.0012347803020618918,-1.2347803020618917,-4.882710881768336,0.020266280998369135,-0.020266280998369135,-0.020266280998369135,-1.2347803020618917
0.0027174592606267613,-1.4607578244051665e-06,-0.0012606569464310837,-1.2606569464310837,-4.895854352316035,0.020195541143805285,-0.020195541143805285,-0.020195541143805285,-1.2606569464310837
0.002719459260626761,-1.4985297525340535e-06,-0.0012860650873059152,-1.2860650873059152,-4.90822471070696,0.02012310901889469,-0.02012310901889469,-0.02012310901889469,-1.2860650873059152
0.002721459260626761,-1.5361047009185512e-06,-0.001311014577962249,-1.3110145779622489,-4.919820003518114,0.02004891903086592,-0.02004891903086592,-0.02004891903086592,-1.3110145779622489
0.0027234592606267607,-1.5734799978875474e-06,-0.0013355150396937487,-1.3355150396937487,-4.9306383997183545,0.019972907555692254,-0.019972907555692254,-0.019972907555692254,-1.3355150396937487
0.0027254592606267606,-1.6106528275698958e-06,-0.0013595758483143862,-1.3595758483143863,-4.940678190957505,0.019895013014683993,-0.019895013014683993,-0.019895013014683993,-1.3595758483143863
0.0027274592606267604,-1.6476202345429964e-06,-0.0013832061242645174,-1.3832061242645173,-4.949937791836146,0.019815175930953496,-0.0198151759309535,-0.019815175930953496,-1.3832061242645173
0.0027294592606267602,-1.6843791285925993e-06,-0.0014064147257883172,-1.4064147257883173,-4.958415740155956,0.019733338968709102,-0.019733338968709102,-0.019733338968709102,-1.4064147257883173
0.00273145926062676,-1.7209262895486633e-06,-0.001429210244717576,-1.4292102447175763,-4.966110697150617,0.019649446957961336,-0.019649446957961336,-0.019649446957961336,-1.4292102447175763
0.00273345926062676,-1.7572583721644367e-06,-0.0014516010044527921,-1.451601004452792,-4.973021447697217,0.019563446906913473,-0.019563446906913473,-0.019563446906913473,-1.451601004452792
0.0027354592606267597,-1.7933719110111572e-06,-0.0014735950597850342,-1.4735950597850342,-4.979146900508131,0.01947528800401721,-0.01947528800401721,-0.019475288004017207,-1.4735950597850342
0.0027374592606267596,-1.8292633253684363e-06,-0.0014952001982507666,-1.4952001982507666,-4.9844860883033535,0.01938492161140326,-0.01938492161140326,-0.01938492161140326,-1.4952001982507666
0.0027394592606267594,-1.8649289240900627e-06,-0.0015164239427506222,-1.516423942750622,-4.989038167963238,0.0192923012511812,-0.0192923012511812,-0.0192923012511812,-1.516423942750622
0.0027414592606267592,-1.9003649104292151e-06,-0.0015372735552004765,-1.5372735552004766,-4.992802420661634,0.019197382585895317,-0.019197382585895317,-0.019197382585895317,-1.5372735552004766
0.002743459260626759,-1.9355673868129778e-06,-0.0015577560410172362,-1.5577560410172362,-4.995778251979407,0.01910012339423428,-0.01910012339423428,-0.01910012339423428,-1.5577560410172362
0.002745459260626759,-1.9705323595549618e-06,-0.0015778781542678884,-1.5778781542678884,-4.997965191998294,0.0190004835429467,-0.0190004835429467,-0.0190004835429467,-1.5778781542678884
0.0027474592606267587,-2.005255743496083e-06,-0.0015976464033347177,-1.5976464033347177,-4.999362895375114,0.01889842495577998,-0.01889842495577998,-0.01889842495577998,-1.5976464033347177
0.0027494592606267586,-2.039733366571562e-06,-0.0016170670569748413,-1.6170670569748413,-4.999971141396301,0.018793911580119223,-0.018793911580119227,-0.018793911580119223,-1.6170670569748413
0.0027514592606267584,-2.0739609742962363e-06,-0.0016361461506665248,-1.6361461506665247,-4.999789834012758,0.01868690935192352,-0.01868690935192352,-0.01868690935192352,-1.6361461506665247
0.0027534592606267582,-2.107934234163666e-06,-0.0016548894931524563,-1.6548894931524565,-4.998819001855022,0.018577386159458698,-0.018577386159458698,-0.018577386159458698,-1.6548894931524565
0.002755459260626758,-2.141648739963093e-06,-0.0016733026731084015,-1.6733026731084015,-4.997058798228744,0.018465311806224127,-0.018465311806224127,-0.018465311806224127,-1.6733026731084015
0.002757459260626758,-2.175100016003823e-06,-0.0016913910658691576,-1.6913910658691576,-4.994509501090484,0.01835065797345181,-0.01835065797345181,-0.01835065797345181,-1.6913910658691576
0.0027594592606267577,-2.20828352125365e-06,-0.0017091598401635171,-1.709159840163517,-4.99117151300381,0.01823339818244607,-0.01823339818244607,-0.01823339818244607,-1.709159840163517
0.0027614592606267576,-2.241194653388156e-06,-0.0017266139648130104,-1.7266139648130103,-4.987045361075737,0.018113507757015146,-0.018113507757015146,-0.018113507757015146,-1.7266139648130103
0.0027634592606267574,-2.273828752751148e-06,-0.001743758215358703,-1.743758215358703,-4.982131696873488,0.017990963786193248,-0.017990963786193248,-0.017990963786193248,-1.743758215358703
0.002765459260626757,-2.3061811062287136e-06,-0.0017605971805879142,-1.7605971805879141,-4.976431296321596,0.017865745087409346,-0.017865745087409346,-0.017865745087409346,-1.7605971805879141
0.002767459260626757,-2.338246951036823e-06,-0.0017771352689368058,-1.7771352689368056,-4.969945059579396,0.01773783217023661,-0.01773783217023661,-0.01773783217023661,-1.7771352689368056
0.002769459260626757,-2.370021478424255e-06,-0.0017933767147505397,-1.79337671475054,-4.962674010898857,0.017607207200823982,-0.017607207200823982,-0.017607207200823982,-1.79337671475054
0.0027714592606267567,-2.4014998372932893e-06,-0.0018093255843870165,-1.8093255843870164,-4.954619298462857,0.017473853967088004,-0.017473853967088004,-0.017473853967088004,-1.8093255843870164
0.0027734592606267565,-2.432677137738388e-06,-0.0018249857821524564,-1.8249857821524564,-4.94578219420386,0.017337757844730017,-0.017337757844730017,-0.017337757844730017,-1.8249857821524564
0.0027754592606267564,-2.463548454509012e-06,-0.0018403610560630349,-1.8403610560630348,-4.936164093603071,0.017198905764111313,-0.017198905764111316,-0.017198905764111313,-1.8403610560630348
0.002777459260626756,-2.4941088303916947e-06,-0.0018554550034235468,-1.8554550034235469,-4.925766515470073,0.017057286178036257,-0.017057286178036257,-0.017057286178036257,-1.8554550034235469
0.002779459260626756,-2.524353279520602e-06,-0.001870271076223392,-1.8702710762233918,-4.914591101702986,0.01691288903044219,-0.01691288903044219,-0.01691288903044219,-1.8702710762233918
0.002781459260626756,-2.554276790614321e-06,-0.0018848125863459551,-1.884812586345955,-4.902639617029193,0.016765705726017988,-0.016765705726017988,-0.016765705726017988,-1.884812586345955
0.0027834592606267557,-2.5838743301439615e-06,-0.0018990827105926603,-1.8990827105926602,-4.889913948726669,0.016615729100744492,-0.016615729100744492,-0.016615729100744492,-1.8990827105926602
0.0027854592606267555,-2.6131408454321603e-06,-0.001913084495521397,-1.9130844955213968,-4.8764161063259595,0.01646295339335868,-0.01646295339335868,-0.01646295339335868,-1.9130844955213968
0.0027874592606267554,-2.642071267685777e-06,-0.0019268208621016159,-1.926820862101616,-4.862148221292854,0.016307374217729098,-0.016307374217729098,-0.016307374217729098,-1.926820862101616
0.002789459260626755,-2.6706605149674372e-06,-0.0019402946101902928,-1.9402946101902927,-4.847112546691795,0.016148988536119457,-0.016148988536119457,-0.016148988536119457,-1.9402946101902927
0.002791459260626755,-2.6989034951035546e-06,-0.001953508422829943,-1.9535084228299429,-4.831311456830102,0.015987794633334218,-0.015987794633334218,-0.015987794633334218,-1.9535084228299429
0.002793459260626755,-2.7267951085355445e-06,-0.0019664648703748167,-1.9664648703748169,-4.814747446883042,0.015823792091712363,-0.015823792091712363,-0.015823792091712363,-1.9664648703748169
0.0027954592606267547,-2.7543302511092467e-06,-0.0019791664144461815,-1.9791664144461816,-4.797423132499793,0.015656981766964506,-0.015656981766964506,-0.015656981766964506,-1.9791664144461816
0.0027974592606267545,-2.7815038168148294e-06,-0.0019916154117261015,-1.9916154117261016,-4.779341249390427,0.01548736576480181,-0.015487365764801808,-0.015487365764801808,-1.9916154117261016
0.0027994592606267544,-2.808310700468863e-06,-0.0020038141175896095,-2.0038141175896094,-4.760504652893896,0.01531494741835715,-0.01531494741835715,-0.01531494741835715,-2.0038141175896094
0.002801459260626754,-2.834745800346299e-06,-0.0020157646895829313,-2.015764689582931,-4.740916317527158,0.015139731266356815,-0.015139731266356815,-0.015139731266356815,-2.015764689582931
0.002803459260626754,-2.8608040207642808e-06,-0.0020274691907527158,-2.027469190752716,-4.720579336515443,0.014961723032015152,-0.01496172303201515,-0.01496172303201515,-2.027469190752716
0.002805459260626754,-2.8864802746153826e-06,-0.002038929592829356,-2.038929592829356,-4.699496921303795,0.014780929602635775,-0.014780929602635773,-0.014780929602635773,-2.038929592829356
0.0028074592606267537,-2.9117694858556375e-06,-0.002050147779271053,-2.050147779271053,-4.677672401049976,0.014597359009882903,-0.014597359009882904,-0.014597359009882904,-2.050147779271053
0.0028094592606267535,-2.936666591948914e-06,-0.0020611255481734984,-2.0611255481734982,-4.655109222098734,0.014411020410695752,-0.014411020410695752,-0.014411020410695752,-2.0611255481734982
0.0028114592606267533,-2.9611665462653205e-06,-0.002071864615048274,-2.0718646150482742,-4.631810947437583,0.014221924068829495,-0.014221924068829495,-0.014221924068829495,-2.0718646150482742
0.002813459260626753,-2.9852643204405556e-06,-0.002082366615477172,-2.082366615477172,-4.607781256134176,0.014030081336983358,-0.014030081336983358,-0.014030081336983358,-2.082366615477172
0.002815459260626753,-3.008954906693882e-06,-0.00209263310764537,-2.09263310764537,-4.583023942755331,0.013835504639499785,-0.013835504639499785,-0.013835504639499785,-2.09263310764537
0.002817459260626753,-3.0322333201067237e-06,-0.0021026655747582953,-2.102665574758295,-4.557542916767827,0.013638207455608509,-0.013638207455608509,-0.013638207455608509,-2.102665574758295
0.0028194592606267527,-3.055094600863433e-06,-0.0021124654273466533,-2.1124654273466534,-4.53134220192105,0.013438204303191092,-0.013438204303191092,-0.013438204303191092,-2.1124654273466534
0.0028214592606267525,-3.07753381645662e-06,-0.002122034005464371,-2.1220340054643714,-4.504425935611605,0.01323551072304019,-0.01323551072304019,-0.01323551072304019,-2.1220340054643714
0.0028234592606267523,-3.0995460638571605e-06,-0.0021313725807830587,-2.131372580783059,-4.476798368229974,0.013030143263593972,-0.013030143263593974,-0.013030143263593974,-2.131372580783059
0.002825459260626752,-3.121126471647635e-06,-0.002140482358585941,-2.140482358585941,-4.448463862489299,0.012822119466129768,-0.012822119466129767,-0.012822119466129767,-2.140482358585941
0.002827459260626752,-3.14227020212593e-06,-0.0021493644796674706,-2.1493644796674705,-4.419426892736507,0.012611457850383536,-0.012611457850383534,-0.012611457850383534,-2.1493644796674705
0.002829459260626752,-3.1629724533750323e-06,-0.0021580200221400993,-2.158020022140099,-4.38969204424573,0.012398177900586838,-0.012398177900586838,-0.012398177900586838,-2.158020022140099
0.0028314592606267517,-3.183228461302012e-06,-0.0021664500031525788,-2.166450003152579,-4.359264012494243,0.012182300051898133,-0.012182300051898132,-0.012182300051898132,-2.166450003152579
0.0028334592606267515,-3.203033501647597e-06,-0.002174655380523314,-2.1746553805233138,-4.328147602420991,0.011963845677209315,-0.011963845677209317,-0.011963845677209317,-2.1746553805233138
0.0028354592606267513,-3.2223828919644797e-06,-0.002182637054290797,-2.1826370542907974,-4.296347727667838,0.011742837074316894,-0.011742837074316892,-0.011742837074316892,-2.1826370542907974
0.002837459260626751,-3.2412719935696764e-06,-0.0021903958681860542,-2.1903958681860543,-4.263869409803644,0.011519297453431056,-0.011519297453431054,-0.011519297453431054,-2.1903958681860543
0.002839459260626751,-3.2596962134687718e-06,-0.0021979326110287216,-2.1979326110287216,-4.230717777531299,0.01129325092501432,-0.01129325092501432,-0.01129325092501432,-2.1979326110287216
0.002841459260626751,-3.27765100625285e-06,-0.002205248018049547,-2.205248018049547,-4.196898065877846,0.011064722487934995,-0.011064722487934997,-0.011064722487934997,-2.205248018049547
0.0028434592606267507,-3.295131875968137e-06,-0.0022123427721416496,-2.2123427721416498,-4.162415615367806,0.01083373801792309,-0.010833738017923089,-0.010833738017923089,-2.2123427721416498
0.0028454592606267505,-3.3121343779653292e-06,-0.00221921750504558,-2.21921750504558,-4.127275871179855,0.01060032425630153,-0.01060032425630153,-0.01060032425630153,-2.21921750504558
0.0028474592606267503,-3.3286541207170164e-06,-0.002225872798465523,-2.225872798465523,-4.091484382286937,0.010364508799007854,-0.010364508799007854,-0.010364508799007854,-2.225872798465523
0.00284945926062675,-3.344686767618402e-06,-0.0022323091851248313,-2.232309185124832,-4.055046800580053,0.010126320085862337,-0.01012632008586234,-0.01012632008586234,-2.232309185124832
0.00285145926062675,-3.36022803875936e-06,-0.002238527149757866,-2.238527149757866,-4.017968879975774,0.009885787390099487,-0.009885787390099487,-0.009885787390099487,-2.238527149757866
0.00285345926062675,-3.375273712677795e-06,-0.002244527130043946,-2.244527130043946,-3.980256475507585,0.009642940808131328,-0.009642940808131328,-0.009642940808131328,-2.244527130043946
0.0028554592606267496,-3.3898196280880624e-06,-0.0022503095174825315,-2.2503095174825316,-3.9419155424013064,0.009397811249548749,-0.009397811249548749,-0.009397811249548749,-2.2503095174825316
0.0028574592606267495,-3.4038616855892765e-06,-0.002255874658213151,-2.2558746582131506,-3.9029521351347474,0.009150430427342203,-0.009150430427342204,-0.009150430427342204,-2.2558746582131506
0.0028594592606267493,-3.417395849352941e-06,-0.002261222853781267,-2.261222853781267,-3.863372406481594,0.00890083084833515,-0.00890083084833515,-0.00890083084833515,-2.261222853781267
0.002861459260626749,-3.4304181487894055e-06,-0.0022663543618512702,-2.26635436185127,-3.8231826065398247,0.008649045803825306,-0.008649045803825306,-0.008649045803825304,-2.26635436185127
0.002863459260626749,-3.4429246801952244e-06,-0.002271269396868667,-2.271269396868667,-3.782389081744743,0.008395109360422648,-0.008395109360422648,-0.008395109360422646,-2.271269396868667
0.002865459260626749,-3.454911608378913e-06,-0.0022759681306716755,-2.2759681306716755,-3.7409982738668206,0.00813905635108414,-0.00813905635108414,-0.00813905635108414,-2.2759681306716755
0.0028674592606267486,-3.466375168272447e-06,-0.002280450693056187,-2.2804506930561868,-3.6990167189944034,0.007880922366323427,-0.007880922366323428,-0.007880922366323427,-2.2804506930561868
0.0028694592606267485,-3.477311666519268e-06,-0.0022847171722914774,-2.284717172291477,-3.656451046501707,0.007620743745612389,-0.0076207437456123905,-0.007620743745612388,-2.284717172291477
0.0028714592606267483,-3.487717483045586e-06,-0.0022887676155902655,-2.288767615590266,-3.6133079780018424,0.007358557568953204,-0.007358557568953206,-0.007358557568953203,-2.288767615590266
0.002873459260626748,-3.497589072618406e-06,-0.0022926020295352817,-2.292602029535282,-3.5695943262854564,0.007094401648612081,-0.007094401648612081,-0.007094401648612081,-2.292602029535282
0.002875459260626748,-3.5069229663781154e-06,-0.0022962203804583635,-2.2962203804583634,-3.5253169942449123,0.006828314521036383,-0.006828314521036383,-0.006828314521036383,-2.2962203804583634
0.002877459260626748,-3.515715773362554e-06,-0.0022996225947793767,-2.2996225947793767,-3.480482973784194,0.0065603354389156526,-0.006560335438915654,-0.006560335438915652,-2.2996225947793767
0.0028794592606267476,-3.5239641820110592e-06,-0.0023028085593010676,-2.3028085593010674,-3.435099344714877,0.006290504363410053,-0.006290504363410054,-0.006290504363410054,-2.3028085593010674
0.0028814592606267475,-3.531664961649757e-06,-0.002305778121460894,-2.305778121460894,-3.3891732736380935,0.006018861956539999,-0.00601886195654,-0.006018861956539998,-2.305778121460894
0.0028834592606267473,-3.53881496396938e-06,-0.002308531089544674,-2.3085310895446742,-3.3427120128128607,0.005745449573712147,-0.005745449573712147,-0.005745449573712147,-2.3085310895446742
0.002885459260626747,-3.5454111244771244e-06,-0.0023110672328552767,-2.311067232855277,-3.2957228990108574,0.005470309256419892,-0.005470309256419892,-0.005470309256419892,-2.311067232855277
0.002887459260626747,-3.551450463944115e-06,-0.002313386281845028,-2.3133862818450277,-3.248213352357868,0.005193483725071333,-0.005193483725071335,-0.005193483725071335,-2.3133862818450277
0.002889459260626747,-3.556930089830944e-06,-0.002315487928205299,-2.3154879282052994,-3.2001908751620585,0.004915016371981995,-0.004915016371981995,-0.004915016371981995,-2.3154879282052994
0.0028914592606267466,-3.561847197704477e-06,-0.0023173718249185756,-2.3173718249185757,-3.1516630507292707,0.004634951254503861,-0.004634951254503861,-0.004634951254503861,-2.3173718249185757
0.0028934592606267464,-3.5661990726358184e-06,-0.0023190375862691998,-2.3190375862691996,-3.1026375421655366,0.004353333088312981,-0.004353333088312983,-0.004353333088312983,-2.3190375862691996
0.0028954592606267463,-3.5699830905905556e-06,-0.0023204847878171403,-2.3204847878171404,-3.0531220911669927,0.004070207240832511,-0.004070207240832513,-0.004070207240832513,-2.3204847878171404
0.002897459260626746,-3.5731967198027276e-06,-0.002321712966331474,-2.321712966331474,-3.0031245167973255,0.003785619724810285,-0.003785619724810285,-0.003785619724810285,-2.321712966331474
0.002899459260626746,-3.575837522133309e-06,-0.002322721619683803,-2.322721619683803,-2.9526527142531322,0.0034996171920518293,-0.0034996171920518293,-0.0034996171920518293,-2.322721619683803
0.0029014592606267458,-3.5779031544265165e-06,-0.002323510206706557,-2.3235102067065574,-2.901714653617108,0.0032122469272808374,-0.0032122469272808374,-0.0032122469272808374,-2.3235102067065574
0.0029034592606267456,-3.5793913698419727e-06,-0.0023240781470075605,-2.3240781470075604,-2.8503183785995483,0.0029235568421777085,-0.0029235568421777103,-0.0029235568421777103,-2.3240781470075604
0.0029054592606267454,-3.580300019186024e-06,-0.002324424820749484,-2.324424820749484,-2.798472005268084,0.002633595469547778,-0.002633595469547778,-0.002633595469547778,-2.324424820749484
0.0029074592606267453,-3.580627052224106e-06,-0.002324549568386928,-2.324549568386928,-2.746183720766057,0.0023424119576618274,-0.0023424119576618274,-0.0023424119576618274,-2.324549568386928
0.002909459260626745,-3.5803705189877307e-06,-0.0023244516903658963,-2.3244516903658967,-2.6934617820197486,0.0020500560647436217,-0.0020500560647436217,-0.0020500560647436217,-2.3244516903658967
0.002911459260626745,-3.5795285710689906e-06,-0.002324130446782468,-2.324130446782468,-2.6403145144344604,0.0017565781536221792,-0.0017565781536221792,-0.0017565781536221792,-2.324130446782468
0.0029134592606267448,-3.578099462905255e-06,-0.002323585057001141,-2.323585057001141,-2.586750310579846,0.001462029186548362,-0.0014620291865483637,-0.0014620291865483613,-2.323585057001141
0.0029154592606267446,-3.5760815530558286e-06,-0.002322814699232909,-2.3228146992329086,-2.5327776288646304,0.0011664607201762323,-0.0011664607201762323,-0.0011664607201762323,-2.3228146992329086
0.0029174592606267444,-3.5734733054673392e-06,-0.0023218185100711388,-2.321818510071139,-2.4784049922009426,0.0008699249007211307,-0.0008699249007211307,-0.0008699249007211307,-2.321818510071139
0.0029194592606267443,-3.570273290733422e-06,-0.002320595583986636,-2.320595583986636,-2.4236409866583735,0.0005724744592874309,-0.0005724744592874309,-0.0005724744592874309,-2.320595583986636
0.002921459260626744,-3.56648018734331e-06,-0.0023191449727789876,-2.3191449727789877,-2.368494260108289,0.00027416270738500614,-0.00027416270738500614,-0.00027416270738500614,-2.3191449727789877
0.002923459260626744,-3.562092782925417e-06,-0.0023174656849856354,-2.317465684985635,-2.3129735208580766,-2.495646737532553e-05,2.495646737532553e-05,2.495646737532553e-05,-2.317465684985635
0.0029254592606267438,-3.5571099754824925e-06,-0.0023155566852463734,-2.3155566852463734,-2.2570875362760807,-0.0003248286053905147,0.0003248286053905147,0.0003248286053905147,-2.3155566852463734
0.0029274592606267436,-3.551530774619379e-06,-0.0023134168936226425,-2.3134168936226422,-2.2008451314071347,-0.0006253986789750421,0.0006253986789750421,0.0006253986789750421,-2.3134168936226422
0.0029294592606267434,-3.545354302765859e-06,-0.0023110451848714288,-2.311045184871429,-2.1442551875789175,-0.0009266110960695073,0.0009266110960695073,0.0009266110960695073,-2.311045184871429
0.0029314592606267433,-3.5385797963932506e-06,-0.002308440387672077,-2.3084403876720767,-2.0873266409995868,-0.0012284097037360553,0.0012284097037360553,0.0012284097037360553,-2.3084403876720767
0.002933459260626743,-3.5312066072267796e-06,-0.0023056012838055004,-2.3056012838055002,-2.0300684813465844,-0.0015307377914384208,0.001530737791438419,0.0015307377914384216,-2.3056012838055002
0.002935459260626743,-3.5232342034501104e-06,-0.0023025266072830637,-2.3025266072830637,-1.9724897503470769,-0.0018335380940888157,0.0018335380940888157,0.0018335380940888157,-2.3025266072830637
0.0029374592606267427,-3.5146621709105174e-06,-0.002299215043426947,-2.2992150434269467,-1.9145995403501628,-0.002136752794871022,0.002136752794871022,0.002136752794871022,-2.2992150434269467
0.0029394592606267426,-3.50549021431652e-06,-0.002295665227897343,-2.295665227897343,-1.856406992891086,-0.002440323527812538,0.002440323527812538,0.002440323527812538,-2.295665227897343
0.0029414592606267424,-3.4957181584348526e-06,-0.0022918757456675295,-2.2918757456675296,-1.7979212972476788,-0.002744191380110282,0.0027441913801102835,0.0027441913801102822,-2.2918757456675296
0.0029434592606267422,-3.485345949284848e-06,-0.0022878451299444017,-2.287845129944402,-1.7391516889892713,-0.00304829689419517,0.0030482968941951682,0.0030482968941951696,-2.287845129944402
0.002945459260626742,-3.474373655330208e-06,-0.0022835718610326856,-2.2835718610326854,-1.6801074485182865,-0.0033525800695244374,0.0033525800695244357,0.0033525800695244383,-2.2835718610326854
0.002947459260626742,-3.462801468670525e-06,-0.002279054365141896,-2.2790543651418957,-1.6207978996047743,-0.0036569803640951193,0.0036569803640951193,0.0036569803640951193,-2.2790543651418957
0.0029494592606267417,-3.450629706232477e-06,-0.002274291013134084,-2.274291013134084,-1.5612324079140123,-0.003961436695667064,0.003961436695667064,0.003961436695667064,-2.274291013134084
0.0029514592606267416,-3.4378588109617924e-06,-0.0022692801192107748,-2.2692801192107748,-1.5014203795276604,-0.004265887442683969,0.004265887442683969,0.004265887442683969,-2.2692801192107748
0.0029534592606267414,-3.4244893530153565e-06,-0.0022640199395367487,-2.2640199395367486,-1.441371259458347,-0.004570270444880009,0.004570270444880009,0.004570270444880009,-2.2640199395367486
0.0029554592606267412,-3.410522030956663e-06,-0.0022585086707997267,-2.258508670799727,-1.3810945301582764,-0.004874523003563613,0.004874523003563613,0.004874523003563613,-2.258508670799727
0.002957459260626741,-3.3959576729519786e-06,-0.0022527444487026663,-2.2527444487026664,-1.3205997100217552,-0.005178581881560619,0.005178581881560618,0.005178581881560618,-2.2527444487026664
0.002959459260626741,-3.3807972379724556e-06,-0.002246725346388353,-2.246725346388353,-1.2598963518821271,-0.005482383302812367,0.005482383302812366,0.005482383302812368,-2.246725346388353
0.0029614592606267407,-3.3650418169989653e-06,-0.002240449372792613,-2.240449372792613,-1.1989940415033549,-0.005785862951606991,0.00578586295160699,0.00578586295160699,-2.240449372792613
0.0029634592606267406,-3.3486926342322234e-06,-0.0022339144709246288,-2.2339144709246286,-1.1379023960662495,-0.00608895597143544,0.006088955971435439,0.006088955971435439,-2.2339144709246286
0.0029654592606267404,-3.331751048310409e-06,-0.0022271185160726683,-2.227118516072668,-1.0766310626498223,-0.0063915969634602545,0.006391596963460255,0.0063915969634602545,-2.227118516072668
0.0029674592606267402,-3.3142185535324536e-06,-0.0022200593139318626,-2.2200593139318627,-1.0151897167078996,-0.006693719984577574,0.006693719984577573,0.006693719984577573,-2.2200593139318627
0.00296945926062674,-3.296096781089999e-06,-0.0022127345986525156,-2.2127345986525158,-0.953588060541256,-0.006995258545062554,0.006995258545062555,0.006995258545062555,-2.2127345986525158
0.00297145926062674,-3.2773875003098914e-06,-0.002205142030806961,-2.205142030806961,-0.8918358217655094,-0.007296145605785842,0.007296145605785842,0.007296145605785842,-2.205142030806961
0.0029734592606267397,-3.25809261990302e-06,-0.0021972791952704833,-2.1972791952704833,-0.8299427517750173,-0.00759631357497481,0.007596313574974811,0.007596313574974811,-2.1972791952704833
0.0029754592606267396,-3.2382141892292845e-06,-0.002189143599017433,-2.189143599017433,-0.7679186242030184,-0.007895694304524525,0.007895694304524525,0.007895694304524525,-2.189143599017433
0.0029774592606267394,-3.2177543995712375e-06,-0.0021807326688267135,-2.1807326688267135,-0.7057732333782802,-0.00819421908582463,0.008194219085824628,0.00819421908582463,-2.1807326688267135
0.002979459260626739,-3.196715585422358e-06,-0.0021720437488962244,-2.172043748896224,-0.6435163927783915,-0.00849181864509907,0.00849181864509907,0.00849181864509907,-2.172043748896224
0.002981459260626739,-3.1751002257915122e-06,-0.002163074098364127,-2.163074098364127,-0.5811579334802041,-0.008788423138244017,0.008788423138244017,0.008788423138244017,-2.163074098364127
0.002983459260626739,-3.152910945521403e-06,-0.0021538208887333147,-2.153820888733315,-0.5187077026073237,-0.009083962145144396,0.009083962145144397,0.009083962145144396,-2.153820888733315
0.0029854592606267387,-3.1301505166227134e-06,-0.0021442812011971085,-2.1442812011971086,-0.45617556177515123,-0.009378364663455319,0.009378364663455319,0.009378364663455319,-2.1442812011971086
0.0029874592606267385,-3.106821859632606e-06,-0.002134452023867284,-2.1344520238672837,-0.3935713855336197,-0.009671559101853688,0.009671559101853688,0.009671559101853688,-2.1344520238672837
0.0029894592606267384,-3.0829280449848446e-06,-0.002124330248896781,-2.124330248896781,-0.33090505980788804,-0.009963473272716072,0.009963473272716072,0.009963473272716072,-2.124330248896781
0.002991459260626738,-3.0584722944097366e-06,-0.0021139126695025375,-2.1139126695025374,-0.26818648033723963,-0.010254034384251653,0.010254034384251653,0.010254034384251655,-2.1139126695025374
0.002993459260626738,-3.0334579823469367e-06,-0.0021031959768794896,-2.1031959768794897,-0.20542555111242963,-0.010543169032039222,0.010543169032039224,0.010543169032039224,-2.1031959768794897
0.002995459260626738,-3.007888637390823e-06,-0.002092176757012483,-2.0921767570124827,-0.14263218281173048,-0.010830803190004179,0.010830803190004179,0.010830803190004179,-2.0921767570124827
0.0029974592606267377,-2.9817679437558e-06,-0.00208085148737968,-2.0808514873796797,-0.07981629123592064,-0.011116862200798662,0.01111686220079866,0.01111686220079866,-2.0808514873796797
0.0029994592606267375,-2.9550997427688272e-06,-0.0020692165335499113,-2.0692165335499113,-0.016987795742482617,-0.011401270765596827,0.011401270765596827,0.011401270765596827,-2.0692165335499113
0.0030014592606267374,-2.927888034390197e-06,-0.0020572681456744175,-2.0572681456744175,0.04584338232084969,-0.01168395293330704,0.01168395293330704,0.01168395293330704,-2.0572681456744175
0.003003459260626737,-2.900136978767131e-06,-0.0020450024548757132,-2.0450024548757133,0.10866732118269794,-0.011964832089213397,0.011964832089213395,0.011964832089213395,-2.0450024548757133
0.003005459260626737,-2.871850897810682e-06,-0.0020324154695310274,-2.0324154695310273,0.17147410021480214,-0.012243830943032387,0.012243830943032386,0.012243830943032386,-2.0324154695310273
0.003007459260626737,-2.843034276810093e-06,-0.0020195030714590455,-2.0195030714590456,0.23425380149867386,-0.012520871516431775,0.012520871516431775,0.012520871516431775,-2.0195030714590456
0.0030094592606267367,-2.8136917660801952e-06,-0.002006261012011951,-2.006261012011951,0.2969965113917505,-0.012795875130020564,0.012795875130020562,0.012795875130020562,-2.006261012011951
0.0030114592606267365,-2.783828182640288e-06,-0.0019926849080772564,-1.9926849080772562,0.35969232209278557,-0.013068762389833566,0.013068762389833566,0.013068762389833566,-1.9926849080772562
0.0030134592606267364,-2.753448511930908e-06,-0.001978770237999192,-1.9787702379991918,0.4223313332064765,-0.013339453173364824,0.013339453173364824,0.013339453173364824,-1.9787702379991918
0.003015459260626736,-2.722557909567022e-06,-0.0019645123374278815,-1.9645123374278817,0.484903653306834,-0.013607866615192865,0.013607866615192865,0.013607866615192865,-1.9645123374278817
0.003017459260626736,-2.6911617031269603e-06,-0.0019499063951070954,-1.9499063951070954,0.5473994014991529,-0.013873921092256936,0.013873921092256936,0.013873921092256936,-1.9499063951070954
0.003019459260626736,-2.659265393982224e-06,-0.0019349474486166744,-1.9349474486166744,0.6098087089803024,-0.014137534208872093,0.014137534208872093,0.014137534208872093,-1.9349474486166744
0.0030214592606267357,-2.6268746591629597e-06,-0.0019196303800840695,-1.9196303800840695,0.6721217205972121,-0.014398622781562675,0.014398622781562675,0.014398622781562675,-1.9196303800840695
0.0030234592606267355,-2.5939953532657037e-06,-0.0019039499118883852,-1.9039499118883851,0.73432859640294,-0.014657102823840695,0.014657102823840695,0.014657102823840695,-1.9039499118883851
0.0030254592606267353,-2.56063351039642e-06,-0.0018879006023781453,-1.8879006023781453,0.7964195132106886,-0.014912889531049078,0.014912889531049078,0.014912889531049078,-1.8879006023781453
0.003027459260626735,-2.5267953461561306e-06,-0.0018714768416353733,-1.8714768416353733,0.8583846661449134,-0.015165897265446038,0.015165897265446038,0.015165897265446038,-1.8714768416353733
0.003029459260626735,-2.4924872596597035e-06,-0.0018546728473161766,-1.8546728473161764,0.9202142701896256,-0.0154160395416989,0.0154160395416989,0.0154160395416989,-1.8546728473161764
0.003031459260626735,-2.4577158355972943e-06,-0.001837482660613262,-1.8374826606132624,0.9818985617336304,-0.015663229013038293,0.015663229013038293,0.015663229013038293,-1.8374826606132624
0.0030334592606267347,-2.4224878463229142e-06,-0.0018199001423810839,-1.8199001423810839,1.0434278001122081,-0.015907377458296068,0.015907377458296068,0.015907377458296068,-1.8199001423810839
0.0030354592606267345,-2.3868102539825938e-06,-0.0018019189694860138,-1.8019189694860138,1.1047922691453493,-0.01614839577017424,0.01614839577017424,0.01614839577017424,-1.8019189694860138
0.0030374592606267343,-2.3506902126666122e-06,-0.0017835326314399919,-1.7835326314399917,1.1659822786720515,-0.016386193945066907,0.016386193945066907,0.016386193945066907,-1.7835326314399917
0.003039459260626734,-2.3141350705877176e-06,-0.0017647344273952837,-1.7647344273952839,1.2269881660804214,-0.01662068107486503,0.01662068107486503,0.01662068107486503,-1.7647344273952839
0.003041459260626734,-2.2771523722805225e-06,-0.001745517463587295,-1.745517463587295,1.2878002978336867,-0.016851765341227676,0.016851765341227676,0.016851765341227676,-1.745517463587295
0.003043459260626734,-2.2397498608116824e-06,-0.0017258746513236474,-1.7258746513236476,1.348409070991269,-0.017079354012860648,0.017079354012860648,0.017079354012860648,-1.7258746513236476
0.0030454592606267337,-2.2019354799954785e-06,-0.0017057987056363828,-1.7057987056363828,1.4088049147252883,-0.01730335344645373,0.01730335344645373,0.01730335344645373,-1.7057987056363828
0.0030474592606267335,-2.1637173766065536e-06,-0.0016852821447311463,-1.6852821447311463,1.4689782918318879,-0.017523669092016858,0.017523669092016858,0.017523669092016858,-1.6852821447311463
0.0030494592606267333,-2.1251039025759186e-06,-0.0016643172903851274,-1.6643172903851273,1.5289197002372537,-0.017740205503457673,0.017740205503457673,0.017740205503457673,-1.6643172903851273
0.003051459260626733,-2.0861036171571146e-06,-0.0016428962694694437,-1.6428962694694438,1.5886196744981695,-0.01795286635537563,0.01795286635537563,0.01795286635537563,-1.6428962694694438
0.003053459260626733,-2.046725289048394e-06,-0.0016210110167978672,-1.6210110167978673,1.6480687872966184,-0.018161554467191587,0.018161554467191587,0.018161554467191587,-1.6210110167978673
0.003055459260626733,-2.0069778984489483e-06,-0.0015986532795295824,-1.5986532795295825,1.7072576509285509,-0.01836617183587852,0.01836617183587852,0.01836617183587852,-1.5986532795295825
0.0030574592606267327,-1.966870639031405e-06,-0.0015758146233896442,-1.5758146233896442,1.7661769187862262,-0.018566619678754837,0.018566619678754837,0.018566619678754837,-1.5758146233896442
0.0030594592606267325,-1.926412919800349e-06,-0.001552486441001707,-1.552486441001707,1.824817286834236,-0.01876279848797746,0.01876279848797746,0.01876279848797746,-1.552486441001707
0.0030614592606267323,-1.8856143668099948e-06,-0.0015286599626713297,-1.5286599626713298,1.8831694950787186,-0.01895460809861138,0.01895460809861138,0.01895460809861138,-1.5286599626713298
0.003063459260626732,-1.844484824706322e-06,-0.001504326270000381,-1.504326270000381,1.941224329029535,-0.019141947772388423,0.019141947772388423,0.019141947772388423,-1.504326270000381
0.003065459260626732,-1.8030343580517171e-06,-0.001479476312760074,-1.479476312760074,1.9989726211554113,-0.019324716299530476,0.019324716299530476,0.019324716299530476,-1.479476312760074
0.003067459260626732,-1.761273252388604e-06,-0.0014541009295051973,-1.4541009295051972,2.0564052523315817,-0.019502812121315438,0.019502812121315438,0.019502812121315438,-1.4541009295051972
0.0030694592606267316,-1.7192120149888542e-06,-0.0014281908724672343,-1.4281908724672343,2.1135131532798024,-0.019676133476372426,0.019676133476372426,0.019676133476372426,-1.4281908724672343
0.0030714592606267315,-1.6768613752287118e-06,-0.0014017368373249396,-1.4017368373249397,2.170287306000499,-0.019844578574030214,0.019844578574030214,0.019844578574030214,-1.4017368373249397
0.0030734592606267313,-1.6342322845204841e-06,-0.0013747294985147888,-1.3747294985147889,2.226718745196809,-0.020008045798397767,0.020008045798397767,0.020008045798397767,-1.3747294985147889
0.003075459260626731,-1.5913359157255153e-06,-0.0013471595508114992,-1.347159550811499,2.2827985596903106,-0.020166433947232276,0.020166433947232276,0.020166433947232276,-1.347159550811499
0.003077459260626731,-1.5481836619594293e-06,-0.0013190177579738146,-1.3190177579738145,2.3385178938281963,-0.02031964251001117,0.02031964251001117,0.02031964251001117,-1.3190177579738145
0.003079459260626731,-1.5047871346921975e-06,-0.0012902950093180406,-1.2902950093180405,2.3938679488816876,-0.02046757198999849,0.02046757198999849,0.02046757198999849,-1.2902950093180405
0.0030814592606267306,-1.4611581610322519e-06,-0.0012609823851424365,-1.2609823851424364,2.4488399844354367,-0.02061012427543263,0.02061012427543263,0.02061012427543263,-1.2609823851424364
0.0030834592606267305,-1.4173087800743617e-06,-0.0012310712319811145,-1.2310712319811143,2.503425319767806,-0.02074720306527178,0.02074720306527178,0.02074720306527178,-1.2310712319811143
0.0030854592606267303,-1.3732512381733756e-06,-0.0012005532487036617,-1.2005532487036619,2.557615335221557,-0.020878714355140104,0.020878714355140104,0.020878714355140104,-1.2005532487036619
0.00308745926062673,-1.328997982995804e-06,-0.0011694205844998246,-1.1694205844998247,2.6114014735650586,-0.02100456698924935,0.02100456698924935,0.02100456698924935,-1.1694205844998247
0.00308945926062673,-1.284561656188173e-06,-0.001137665949782562,-1.137665949782562,2.664775241343558,-0.021124673284034,0.021124673284034,0.021124673284034,-1.137665949782562
0.00309145926062673,-1.2399550844844026e-06,-0.0011052827409966431,-1.105282740996643,2.7177282102203955,-0.021238949728983547,0.021238949728983547,0.021238949728983547,-1.105282740996643
0.0030934592606267296,-1.1951912690645494e-06,-0.001072265180228734,-1.072265180228734,2.770252018307934,-0.021347317769648155,0.021347317769648155,0.021347317769648155,-1.072265180228734
0.0030954592606267295,-1.150283372967367e-06,-0.001038608470360192,-1.038608470360192,2.8223383714880015,-0.02144970467693441,0.02144970467693441,0.02144970467693441,-1.038608470360192
0.0030974592606267293,-1.1052447063483076e-06,-0.0010043089662684968,-1.0043089662684968,2.8739790447216262,-0.021546044505500683,0.021546044505500683,0.021546044505500683,-1.0043089662684968
0.003099459260626729,-1.0600887093720023e-06,-0.0009693643622563677,-0.9693643622563677,2.9251658833478675,-0.02163627914224575,0.02163627914224575,0.02163627914224575,-0.9693643622563677
0.003101459260626729,-1.0148289325285853e-06,-0.0009337738954472199,-0.9337738954472199,2.9758908043715158,-0.02172035944343742,0.02172035944343742,0.02172035944343742,-0.9337738954472199
0.003103459260626729,-9.694790141695835e-07,-0.0008975385643157985,-0.8975385643157985,3.026145797739548,-0.021798246455863035,0.021798246455863035,0.021798246455863035,-0.8975385643157985
0.0031054592606267286,-9.240526550751543e-07,-0.0008606613608107997,-0.8606613608107998,3.075922927605936,-0.02186991271342631,0.02186991271342631,0.02186991271342631,-0.8606613608107998
0.0031074592606267284,-8.785635898914447e-07,-0.0008231475136621799,-0.82314751366218,3.12521433358481,-0.021935343595816614,0.021935343595816614,0.021935343595816614,-0.82314751366218
0.0031094592606267283,-8.330255553122971e-07,-0.0007850047394447146,-0.7850047394447146,3.1740122319917785,-0.02199453873020274,0.02199453873020274,0.02199453873020274,-0.7850047394447146
0.003111459260626728,-7.874522549353897e-07,-0.0007462434968097682,-0.7462434968097682,3.2223089170729846,-0.02204751341045974,0.02204751341045974,0.02204751341045974,-0.7462434968097682
0.003113459260626728,-7.418573207887968e-07,-0.0007068772380166428,-0.7068772380166428,3.2700967622220083,-0.02209430000132584,0.02209430000132584,0.02209430000132584,-0.7068772380166428
0.0031154592606267278,-6.962542716114786e-07,-0.000666922650549107,-0.666922650549107,3.3173682211841133,-0.02213494928740678,0.02213494928740678,0.02213494928740678,-0.666922650549107
0.0031174592606267276,-6.506564680737823e-07,-0.0006263998802583979,-0.6263998802583979,3.3641158292479414,-0.022169531719479663,0.022169531719479663,0.022169531719479663,-0.6263998802583979
0.0031194592606267274,-6.050770652441684e-07,-0.0005853327262325059,-0.5853327262325059,3.4103322044242623,-0.022198138503648712,0.022198138503648712,0.022198138503648712,-0.5853327262325059
0.0031214592606267273,-5.595289627444185e-07,-0.0005437487965786043,-0.5437487965786043,3.45601004861168,-0.022220882473279358,0.022220882473279358,0.022220882473279358,-0.5437487965786043
0.003123459260626727,-5.140247531808417e-07,-0.0005016796136655213,-0.5016796136655213,3.501142148749083,-0.022237898680081136,0.022237898680081136,0.022237898680081136,-0.5016796136655213
0.003125459260626727,-4.685766695896818e-07,-0.000459160657266692,-0.459160657266692,3.545721377954671,-0.022249344640118685,0.022249344640118685,0.022249344640118685,-0.459160657266692
0.0031274592606267268,-4.231965327839181e-07,-0.00041623133462697303,-0.41623133462697304,3.589740696651374,-0.022255400173768595,0.02225540017376859,0.022255400173768595,-0.41623133462697304
0.0031294592606267266,-3.7789569962122786e-07,-0.0003729348678744833,-0.37293486787448327,3.633193153678481,-0.022256266786405358,0.022256266786405354,0.022256266786405358,-0.37293486787448327
0.0031314592606267264,-3.326850133260872e-07,-0.0003293180914983212,-0.32931809149832114,3.6760718873892992,-0.02225216654937567,0.022252166549375674,0.022252166549375674,-0.32931809149832114
0.0031334592606267263,-2.8757475707082283e-07,-0.0002854311558084039,-0.28543115580840395,3.7183701267347335,-0.022243340458572985,0.022243340458572985,0.022243340458572985,-0.28543115580840395
0.003135459260626726,-2.425746120499669e-07,-0.00024132713629916624,-0.24132713629916624,3.760081192332443,-0.022230046270175607,0.022230046270175607,0.022230046270175604,-0.24132713629916624
0.003137459260626726,-1.9769362125136666e-07,-0.00019706155344109268,-0.19706155344109266,3.801198497521639,-0.02221255583868184,0.02221255583868184,0.02221255583868184,-0.19706155344109266
0.0031394592606267258,-1.529401600373713e-07,-0.00015269181231781956,-0.1526918123178196,3.841715549403197,-0.022191152009561205,0.022191152009561205,0.022191152009561205,-0.1526918123178196
0.0031414592606267256,-1.0832191449375916e-07,-0.00010827657631083643,-0.10827657631083643,3.881625949864902,-0.022166125145420768,0.022166125145420768,0.02216612514542077,-0.10827657631083643
0.0031434592606267254,-6.384586829062092e-08,-6.387509327246075e-05,-0.06387509327246077,3.9209233965918995,-0.022137769388135338,0.022137769388135338,0.022137769388135334,-0.06387509327246077
0.0031454592606267253,-1.951848702360291e-08,-1.9517743515014452e-05,-0.019517743515014452,3.9596016840617887,-0.022106219042093353,0.022106219042093353,0.022106219042093353,-0.019517743515014452
0.003147459260626725,2.4654844577717443e-08,2.465054042069248e-05,0.02465054042069248,3.9976547045246056,-0.022072245356132853,0.022072245356132853,0.022072245356132853,0.02465054042069248
0.003149459260626725,6.866942694585554e-08,6.865990638182584e-05,0.06865990638182584,4.0350764489672954,-0.022035647458808167,0.022035647458808164,0.022035647458808167,0.06865990638182584
0.0031514592606267247,1.125208458448877e-07,0.00011242658107950687,0.11242658107950687,4.071861008062603,-0.02199685792768387,0.02199685792768387,0.02199685792768387,0.11242658107950687
0.0031534592606267246,1.5620551200191474e-07,0.00015589856544651816,0.15589856544651814,4.108002573102217,-0.021956133375864995,0.021956133375864995,0.021956133375864995,0.15589856544651814
0.0031554592606267244,1.997204329040203e-07,0.00019902706814420014,0.19902706814420013,4.143495436914072,-0.02191371315983262,0.02191371315983262,0.02191371315983262,0.19902706814420013
0.0031574592606267242,2.4306316936864204e-07,0.0002417668878256891,0.24176688782568911,4.178333994763525,-0.021869817260765756,0.021869817260765756,0.021869817260765756,0.24176688782568911
0.003159459260626724,2.8623178765769e-07,0.00028407671215108633,0.2840767121510863,4.212512745238412,-0.021824644628262918,0.021824644628262918,0.021824644628262918,0.2840767121510863
0.003161459260626724,3.292248083347636e-07,0.0003259193170720449,0.3259193170720449,4.2460262911178175,-0.02177837207803207,0.02177837207803207,0.02177837207803207,0.3259193170720449
0.0031634592606267237,3.7204115315105264e-07,0.00036726166971810147,0.3672616697181015,4.278869340224368,-0.021731153725034813,0.021731153725034813,0.021731153725034816,0.3672616697181015
0.0031654592606267236,4.146800911769782e-07,0.0004080749419922114,0.4080749419922114,4.311036706259871,-0.02168312091259811,0.02168312091259811,0.02168312091259811,0.4080749419922114
0.0031674592606267234,4.5714118528494817e-07,0.0004483344448296274,0.44833444482962737,4.342523309624331,-0.0216343825821928,0.0216343825821928,0.0216343825821928,0.44833444482962737
0.0031694592606267232,4.99424239945667e-07,0.00048801949492701627,0.48801949492701624,4.373324178218075,-0.021585026018283663,0.02158502601828366,0.021585026018283663,0.48801949492701624
0.003171459260626723,5.415292511400039e-07,0.0005271132266539227,0.5271132266539227,4.403434448226896,-0.02153511789762763,0.02153511789762763,0.02153511789762763,0.5271132266539227
0.003173459260626723,5.834563590210048e-07,0.0005656023619343102,0.5656023619343102,4.432849364890103,-0.02148470557197663,0.021484705571976626,0.02148470557197663,0.5656023619343102
0.0031754592606267227,6.252058037971548e-07,0.000603476950296407,0.603476950296407,4.4615642832513895,-0.02143381851641657,0.02143381851641657,0.02143381851641657,0.603476950296407
0.0031774592606267226,6.667778851546249e-07,0.0006407300902134865,0.6407300902134865,4.489574668892249,-0.021382469881548682,0.021382469881548682,0.021382469881548682,0.6407300902134865
0.0031794592606267224,7.081729253998924e-07,0.0006773576414735074,0.6773576414735074,4.51687609864809,-0.021330658095414345,0.021330658095414345,0.021330658095414345,0.6773576414735074
0.0031814592606267222,7.493912363866682e-07,0.0007133579367756546,0.7133579367756546,4.543464261306665,-0.021278368469616726,0.021278368469616726,0.021278368469616726,0.7133579367756546
0.003183459260626722,7.90433090193171e-07,0.0007487314991827545,0.7487314991827545,4.569334958288865,-0.021225574772811725,0.02122557477281173,0.021225574772811725,0.7487314991827545
0.003185459260626722,8.312986934393165e-07,0.0007834807705568876,0.7834807705568876,4.594484104311746,-0.02117224074308255,0.02117224074308255,0.02117224074308255,0.7834807705568876
0.0031874592606267217,8.719881650753925e-07,0.0008176098547341213,0.8176098547341213,4.618907728033609,-0.021118321518330485,0.021118321518330485,0.021118321518330485,0.8176098547341213
0.0031894592606267216,9.125015174315091e-07,0.0008511242779903374,0.8511242779903374,4.6426019726811365,-0.02106376497050444,0.02106376497050444,0.02106376497050444,0.8511242779903374
0.0031914592606267214,9.528386402908624e-07,0.0008840307683324462,0.8840307683324462,4.665563096658436,-0.021008512935144386,0.021008512935144386,0.021008512935144386,0.8840307683324462
0.003193459260626721,9.929992877356796e-07,0.0009163370543167906,0.9163370543167906,4.687787474137836,-0.02095250233233914,0.02095250233233914,0.02095250233233914,0.9163370543167906
0.003195459260626721,1.0329830675091362e-06,0.0009480516834378672,0.9480516834378672,4.70927159563252,-0.020895666178859185,0.020895666178859185,0.020895666178859185,0.9480516834378672
0.003197459260626721,1.072789432638934e-06,0.0009791838596295555,0.9791838596295555,4.730012068550646,-0.02083793449400606,0.02083793449400606,0.02083793449400606,0.9791838596295555
0.0031994592606267207,1.1124176750779889e-06,0.0010097432990580045,1.0097432990580044,4.750005617731109,-0.02077923510373947,0.02077923510373947,0.02077923510373947,1.0097432990580044
0.0032014592606267205,1.1518669211285763e-06,0.0010397401031346444,1.0397401031346445,4.76924908596072,-0.02071949434903375,0.02071949434903375,0.02071949434903375,1.0397401031346445
0.0032034592606267204,1.1911361284322304e-06,0.0010691846475226515,1.0691846475226514,4.787739434472768,-0.020658637705278426,0.020658637705278426,0.020658637705278426,1.0691846475226514
0.00320545926062672,1.230224084324145e-06,0.0010980874858283413,1.0980874858283416,4.805473743426872,-0.020596590319991837,0.020596590319991837,0.020596590319991837,1.0980874858283416
0.00320745926062672,1.2691294053679432e-06,0.0011264592666441757,1.1264592666441757,4.822449212370075,-0.020533277476254996,0.020533277476254996,0.020533277476254996,1.1264592666441757
0.00320945926062672,1.3078505379040394e-06,0.0011543106626279026,1.1543106626279025,4.838663160679045,-0.020468624989173012,0.020468624989173012,0.020468624989173012,1.1543106626279025
0.0032114592606267197,1.3463857594626882e-06,0.0011816523103512562,1.1816523103512564,4.854113027983376,-0.020402559542400667,0.020402559542400667,0.020402559542400667,1.1816523103512564
0.0032134592606267195,1.3847331809064514e-06,0.0012084947597185503,1.2084947597185502,4.868796374569921,-0.020335008971396507,0.020335008971396507,0.020335008971396507,1.2084947597185502
0.0032154592606267194,1.4228907491859188e-06,0.001234848431840023,1.2348484318400228,4.882710881768048,-0.02026590249960014,0.02026590249960014,0.02026590249960014,1.2348484318400228
0.003217459260626719,1.4608562506024884e-06,0.001260723584330291,1.2607235843302913,4.895854352315764,-0.020195170933252626,0.020195170933252626,0.020195170933252626,1.2607235843302913
0.003219459260626719,1.4986273144883504e-06,0.001286130283095707,1.2861302830957069,4.908224710706705,-0.0201227468200611,0.0201227468200611,0.0201227468200611,1.2861302830957069
0.003221459260626719,1.5362014172219956e-06,0.0013110783797619775,1.3110783797619776,4.91982000351788,-0.02004856457642168,0.02004856457642168,0.02004856457642168,1.3110783797619776
0.0032234592606267187,1.5735758865121778e-06,0.00133557749398323,1.3355774939832301,4.930638399718136,-0.019972560587416144,0.019972560587416144,0.019972560587416144,1.3355774939832301
0.0032254592606267185,1.6107479058889358e-06,0.0013596369999533372,1.359636999953337,4.940678190957303,-0.01989467328335537,0.01989467328335537,0.01989467328335537,1.359636999953337
0.0032274592606267184,1.6477145193520463e-06,0.0013832660165193653,1.3832660165193653,4.94993779183596,-0.019814843196203302,0.019814843196203302,0.019814843196203302,1.3832660165193653
0.003229459260626718,1.6844726361301976e-06,0.001406473400364626,1.406473400364626,4.958415740155787,-0.019733012998839783,0.019733012998839783,0.019733012998839783,1.406473400364626
0.003231459260626718,1.721019035516615e-06,0.0014292677417971208,1.429267741797121,4.966110697150464,-0.019649127529740795,0.019649127529740795,0.019649127529740795,1.429267741797121
0.003233459260626718,1.7573503717472465e-06,0.001451657362733817,1.4516573627338172,4.97302144769708,-0.019563133805351463,0.019563133805351463,0.019563133805351463,1.4516573627338172
0.0032354592606267177,1.7934631788954634e-06,0.0014736503165253749,1.473650316525375,4.97914690050801,-0.019474981022125748,0.019474981022125748,0.019474981022125748,1.473650316525375
0.0032374592606267175,1.8293538757615964e-06,0.0014952543893125404,1.4952543893125405,4.984486088303249,-0.01938462054994838,0.019384620549948384,0.01938462054994838,1.4952543893125405
0.0032394592606267173,1.8650187707380563e-06,0.0015164771026459798,1.5164771026459798,4.98903816796315,-0.019292005918428723,0.019292005918428723,0.019292005918428723,1.5164771026459798
0.003241459260626717,1.9004540666339515e-06,0.0015373257171379358,1.5373257171379358,4.9928024206615635,-0.019197092797353488,0.019197092797353488,0.019197092797353488,1.5373257171379358
0.003243459260626717,1.9356558654496803e-06,0.0015578072369485572,1.5578072369485572,4.995778251979353,-0.019099838972393313,0.019099838972393313,0.019099838972393313,1.5578072369485572
0.003245459260626717,1.970620173087177e-06,0.0015779284149336794,1.5779284149336794,4.997965191998256,-0.019000204317025426,0.019000204317025426,0.019000204317025426,1.5779284149336794
0.0032474592606267167,2.0053429039925074e-06,0.0015976957583109632,1.5976957583109632,4.999362895375094,-0.01889815076146739,0.01889815076146739,0.01889815076146739,1.5976957583109632
0.0032494592606267165,2.0398198857203574e-06,0.0016171155347175362,1.617115534717536,4.999971141396297,-0.01879364225932645,0.01879364225932645,0.01879364225932645,1.617115534717536
0.0032514592606267163,2.074046863418826e-06,0.0016361937785554488,1.636193778555449,4.99978983401277,-0.01868664475254067,0.01868664475254067,0.01868664475254067,1.636193778555449
0.003253459260626716,2.1080195042304933e-06,0.0016549362975352944,1.6549362975352944,4.9988190018550505,-0.018577126135109756,0.018577126135109756,0.018577126135109756,1.6549362975352944
0.003255459260626716,2.1417334016047173e-06,0.0016733486793413502,1.6733486793413501,4.99705879822879,-0.01846505621604133,0.01846505621604133,0.01846505621604133,1.6733486793413501
0.003257459260626716,2.1751840795249613e-06,0.001691436298358254,1.691436298358254,4.994509501090546,-0.018350406681846065,0.018350406681846065,0.018350406681846065,1.691436298358254
0.0032594592606267157,2.2083669966449402e-06,0.0017092043224036467,1.7092043224036466,4.991171513003888,-0.01823315105889023,0.01823315105889023,0.01823315105889023,1.7092043224036466
0.0032614592606267155,2.2412775503378163e-06,0.0017266577194257973,1.7266577194257975,4.987045361075831,-0.018113264675833518,0.018113264675833518,0.018113264675833518,1.7266577194257975
0.0032634592606267153,2.273911080656386e-06,0.0017438012641291607,1.7438012641291607,4.982131696873597,-0.01799072462635798,0.01799072462635798,0.01799072462635798,1.7438012641291607
0.003265459260626715,2.3062628742065702e-06,0.0017606395444996618,1.7606395444996616,4.976431296321725,-0.017865509732344798,0.017865509732344798,0.017865509732344798,1.7606395444996616
0.003267459260626715,2.3383281679337745e-06,0.0017771769682055102,1.7771769682055103,4.969945059579542,-0.01773760050763351,0.01773760050763351,0.01773760050763351,1.7771769682055103
0.003269459260626715,2.370102152826835e-06,0.0017934177688567778,1.793417768856778,4.96267401089902,-0.0176069791224569,0.0176069791224569,0.0176069791224569,1.793417768856778
0.0032714592606267147,2.4015799775369246e-06,0.0018093660121070868,1.8093660121070867,4.954619298463035,-0.017473629368644158,0.01747362936864416,0.017473629368644158,1.8093660121070867
0.0032734592606267145,2.4327567519174245e-06,0.0018250256015887186,1.8250256015887185,4.945782194204053,-0.017337536625640748,0.017337536625640748,0.017337536625640748,1.8250256015887185
0.0032754592606267143,2.4636275504842955e-06,0.001840400284671925,1.840400284671925,4.9361640936032805,-0.01719868782739642,0.01719868782739642,0.01719868782739642,1.840400284671925
0.003277459260626714,2.4941874157990684e-06,0.0018554936580430388,1.8554936580430388,4.925766515470299,-0.01705707143015145,0.01705707143015145,0.017057071430151446,1.8554936580430388
0.003279459260626714,2.5244313617792738e-06,0.0018703091730993676,1.8703091730993675,4.914591101703228,-0.016912677381132557,0.016912677381132557,0.016912677381132557,1.8703091730993675
0.003281459260626714,2.5543543769341877e-06,0.0018848501411570736,1.8848501411570737,4.90263961702945,-0.01676549708817987,0.01676549708817987,0.01676549708817987,1.8848501411570737
0.0032834592606267136,2.583951427533193e-06,0.0018991197384744145,1.8991197384744147,4.889913948726942,-0.01661552339029182,0.01661552339029182,0.01661552339029182,1.8991197384744147
0.0032854592606267135,2.613217460702739e-06,0.0019131210110882623,1.9131210110882622,4.876416106326254,-0.016462750529099957,0.016462750529099957,0.016462750529099957,1.9131210110882622
0.0032874592606267133,2.6421474074627724e-06,0.0019268568794701348,1.9268568794701348,4.862148221293165,-0.016307174121239054,0.016307174121239054,0.016307174121239054,1.9268568794701348
0.003289459260626713,2.670736185693015e-06,0.0019403301429987553,1.9403301429987554,4.847112546692122,-0.016148791131629814,0.016148791131629814,0.016148791131629814,1.9403301429987554
0.003291459260626713,2.6989787030454233e-06,0.0019535434842594063,1.9535434842594066,4.831311456830446,-0.015987599847616885,0.015987599847616885,0.015987599847616885,1.9535434842594066
0.003293459260626713,2.726869859789298e-06,0.00196649947316644,1.96649947316644,4.814747446883392,-0.01582359985398307,0.015823599853983072,0.01582359985398307,1.96649947316644
0.0032954592606267126,2.7544045516079324e-06,0.00197920057092124,1.9792005709212397,4.797423132500162,-0.01565679200877179,0.01565679200877179,0.01565679200877179,1.9792005709212397
0.0032974592606267125,2.7815776723319434e-06,0.0019916491338021793,1.9916491338021798,4.779341249390813,-0.015487178419936852,0.015487178419936853,0.015487178419936853,1.9916491338021798
0.0032994592606267123,2.8083841166240524e-06,0.002003847416797408,2.0038474167974076,4.760504652894303,-0.015314762422760529,0.01531476242276053,0.01531476242276053,2.0038474167974076
0.003301459260626712,2.834818782611055e-06,0.0020157975770824,2.0157975770823997,4.7409163175275815,-0.015139548558028789,0.015139548558028793,0.015139548558028787,2.0157975770823997
0.003303459260626712,2.8608765744655098e-06,0.002027501677347604,2.027501677347604,4.720579336515876,-0.014961542550934848,0.014961542550934848,0.014961542550934848,2.027501677347604
0.003305459260626712,2.8865524049408386e-06,0.0020389616889820205,2.0389616889820203,4.6994969213042435,-0.014780751290679017,0.014780751290679017,0.014780751290679017,2.0389616889820203
0.0033074592606267116,2.911841197858234e-06,0.002050179495116195,2.050179495116195,4.677672401050447,-0.014597182810745847,0.014597182810745846,0.014597182810745846,2.050179495116195
0.0033094592606267115,2.936737890549902e-06,0.002061156893530854,2.061156893530854,4.655109222099219,-0.014410846269824251,0.014410846269824251,0.014410846269824251,2.061156893530854
0.0033114592606267113,2.9612374362601217e-06,0.002071895599435985,2.071895599435985,4.631810947438078,-0.014221751933344962,0.014221751933344962,0.014221751933344962,2.071895599435985
0.003313459260626711,2.985334806501553e-06,0.002082397248123303,2.0823972481233026,4.607781256134687,-0.014029911155618803,0.014029911155618802,0.014029911155618802,2.0823972481233026
0.003315459260626711,3.009024993374168e-06,0.002092663397499401,2.0926633974994013,4.583023942755857,-0.013835336362535866,0.013835336362535866,0.013835336362535866,2.0926633974994013
0.003317459260626711,3.0323030118436586e-06,0.0021026955305020892,2.102695530502089,4.557542916768375,-0.0136380410348127,0.013638041034812698,0.013638041034812698,2.102695530502089
0.0033194592606267106,3.055163901982172e-06,0.0021124950574049847,2.1124950574049848,4.531342201921614,-0.013438039691759052,0.013438039691759052,0.013438039691759052,2.1124950574049848
0.0033214592606267104,3.077602731173923e-06,0.0021220633180151775,2.1220633180151776,4.5044259356121845,-0.013235347875538928,0.013235347875538928,0.013235347875538928,2.1220633180151776
0.0033234592606267103,3.099614596283788e-06,0.0021314015837667,2.1314015837667,4.47679836823056,-0.013029982135910334,0.013029982135910334,0.013029982135910334,2.1314015837667
0.00332545926062671,3.1211946257914576e-06,0.0021405110597144147,2.140511059714415,4.4484638624898984,-0.012821960015419355,0.012821960015419354,0.012821960015419354,2.140511059714415
0.00332745926062671,3.1423379818959665e-06,0.0021493928864336647,2.149392886433665,4.419426892737121,-0.012611300035019203,0.012611300035019202,0.012611300035019202,2.149392886433665
0.0033294592606267098,3.1630398625827273e-06,0.0021580481418255497,2.1580481418255495,4.38969204424636,-0.012398021680115614,0.012398021680115612,0.012398021680115612,2.1580481418255495
0.0033314592606267096,3.183295503665118e-06,0.002166477842836022,2.166477842836022,4.3592640124948865,-0.012182145386993694,0.012182145386993692,0.012182145386993692,2.166477842836022
0.0033334592606267094,3.203100180791941e-06,0.0021746829470880432,2.1746829470880433,4.328147602421649,-0.011963692529631142,0.011963692529631142,0.011963692529631142,2.1746829470880433
0.0033354592606267093,3.222449211426752e-06,0.002182664354432179,2.1826643544321787,4.296347727668511,-0.011742685406868516,0.011742685406868514,0.011742685406868514,2.1826643544321787
0.003337459260626709,3.241337956800905e-06,0.0021904229084190436,2.190422908419044,4.26386940980434,-0.011519147229918316,0.011519147229918314,0.011519147229918314,2.190422908419044
0.003339459260626709,3.259761823834871e-06,0.002197959397693918,2.197959397693918,4.230717777532009,-0.011293102110211619,0.011293102110211617,0.011293102110211617,2.197959397693918
0.0033414592606267088,3.277716267037593e-06,0.0022052745573200136,2.2052745573200134,4.196898065878571,-0.011064575047547542,0.011064575047547542,0.011064575047547542,2.2052745573200134
0.0033434592606267086,3.295196790376234e-06,0.0022123690700295356,2.2123690700295358,4.162415615368544,-0.010833591918550043,0.010833591918550045,0.010833591918550045,2.2123690700295358
0.0033454592606267084,3.312198949122716e-06,0.002219243567407382,2.219243567407382,4.127275871180588,-0.010600179465406702,0.0106001794654067,0.0106001794654067,2.219243567407382
0.0033474592606267083,3.3287183516745785e-06,0.002225898631008544,2.225898631008544,4.0914843822876925,-0.01036436528488416,0.010364365284884158,0.010364365284884158,2.225898631008544
0.003349459260626708,3.3447506613527217e-06,0.002232334793412223,2.232334793412223,4.055046800580833,-0.010126177817603388,0.010126177817603388,0.010126177817603388,2.232334793412223
0.003351459260626708,3.3602915981753227e-06,0.002238552539214238,2.238552539214238,4.017968879976568,-0.0098856463375685,0.009885646337568499,0.009885646337568499,2.238552539214238
0.0033534592606267078,3.3753369406092575e-06,0.0022445523059600146,2.2445523059600148,3.9802564755083814,-0.00964280094193537,0.00964280094193537,0.00964280094193537,2.2445523059600148
0.0033554592606267076,3.38988252730156e-06,0.002250334485020818,2.250334485020818,3.941915542402115,-0.009397672541007207,0.009397672541007207,0.009397672541007207,2.250334485020818
0.0033574592606267074,3.4039242587838352e-06,0.0022558994224119453,2.2558994224119453,3.9029521351355694,-0.009150292848464579,0.00915029284846458,0.009150292848464579,2.2558994224119453
0.0033594592606267073,3.4174580991619667e-06,0.002261247419559286,2.261247419559286,3.8633724064824406,-0.008900694371795302,0.008900694371795304,0.008900694371795304,2.261247419559286
0.003361459260626707,3.4304800777832243e-06,0.0022663787340124067,2.266378734012407,3.823182606540672,-0.008648910402934805,0.008648910402934806,0.008648910402934806,2.266378734012407
0.003363459260626707,3.4429862908808168e-06,0.0022712935801055003,2.2712935801055,3.782389081745603,-0.008394975009111683,0.008394975009111683,0.008394975009111683,2.2712935801055
0.0033654592606267067,3.454972903204331e-06,0.002275992129570685,2.275992129570685,3.7409982738676812,-0.008138923023872202,0.008138923023872202,0.008138923023872202,2.275992129570685
0.0033674592606267066,3.46643614962457e-06,0.0022804745121002214,2.2804745121002212,3.6990167189953,-0.007880790038305996,0.007880790038305996,0.007880790038305994,2.2804745121002212
0.0033694592606267064,3.4773723367277194e-06,0.002284740815864526,2.284740815864526,3.6564510465026157,-0.0076206123924338325,0.007620612392433834,0.007620612392433832,2.284740815864526
0.0033714592606267062,3.4877778443829554e-06,0.002288791087980659,2.288791087980659,3.613307978002764,-0.00735842716678947,0.007358427166789472,0.007358427166789472,2.288791087980659
0.003373459260626706,3.4976491273008697e-06,0.002292625334938943,2.292625334938943,3.56959432628639,-0.007094272174152483,0.007094272174152483,0.007094272174152483,2.292625334938943
0.003375459260626706,3.5069827165688292e-06,0.002296243522983034,2.296243522983034,3.525316994245845,-0.006828185951460062,0.006828185951460064,0.006828185951460061,2.296243522983034
0.0033774592606267057,3.5157752211704943e-06,0.0022996455784469708,2.2996455784469707,3.480482973785138,-0.0065602077518787105,0.0065602077518787105,0.006560207751878708,2.2996455784469707
0.0033794592606267056,3.5240233294932145e-06,0.002302831388051234,2.3028313880512337,3.4350993447158324,-0.006290377537025549,0.006290377537025549,0.006290377537025549,2.3028313880512337
0.0033814592606267054,3.531723810812221e-06,0.0023058007991540647,2.305800799154065,3.3891732736390607,-0.006018735969361087,0.006018735969361089,0.006018735969361086,2.305800799154065
0.0033834592606267052,3.5388735167669923e-06,0.0023085536199644627,2.3085536199644627,3.3427120128138386,-0.005745324404718755,0.005745324404718755,0.005745324404718755,2.3085536199644627
0.003385459260626705,3.545469382817043e-06,0.0023110896197123154,2.311089619712315,3.2957228990118463,-0.005470184884997396,0.005470184884997398,0.005470184884997395,2.311089619712315
0.003387459260626705,3.5515084296848335e-06,0.002313408528778964,2.3134085287789645,3.2482133523588685,-0.005193360130999469,0.005193360130999469,0.005193360130999467,2.3134085287789645
0.0033894592606267047,3.5569877647835818e-06,0.002315510038787609,2.3155100387876093,3.2001908751630825,-0.004914893535419296,0.004914893535419296,0.004914893535419296,2.3155100387876093
0.0033914592606267046,3.5619045836335234e-06,0.002317393802655083,2.317393802655083,3.1516630507303063,-0.004634829155973463,0.004634829155973463,0.004634829155973463,2.317393802655083
0.0033934592606267044,3.5662561712608442e-06,0.002319059434602908,2.319059434602908,3.102637542166582,-0.004353211708687075,0.004353211708687077,0.004353211708687077,2.319059434602908
0.0033954592606267042,3.5700399035864874e-06,0.002320506510130451,2.3205065101304507,3.053122091168034,-0.004070086561319908,0.004070086561319908,0.004070086561319908,2.3205065101304507
0.003397459260626704,3.5732532487983493e-06,0.0023217345659476626,2.3217345659476627,3.003124516798377,-0.003785499726948414,0.003785499726948416,0.0037854997269484137,2.3217345659476627
0.003399459260626704,3.575893768716997e-06,0.0023227430998712145,2.3227430998712144,2.9526527142541936,-0.0034994978576832203,0.0034994978576832203,0.003499497857683218,2.3227430998712144
0.0034014592606267037,3.577959120142915e-06,0.0023235315706792744,2.3235315706792745,2.9017146536181935,-0.0032121282385495498,0.0032121282385495498,0.0032121282385495498,2.3235315706792745
0.0034034592606267036,3.579447056194243e-06,0.0023240993979281605,2.3240993979281606,2.850318378600644,-0.002923438781513797,0.0029234387815137985,0.0029234387815137964,2.3240993979281606
0.0034054592606267034,3.580355427635886e-06,0.0023244459617309007,2.3244459617309006,2.7984720052691743,-0.002633478019657076,0.002633478019657076,0.002633478019657076,2.3244459617309006
0.003407459260626703,3.5806821841926475e-06,0.002324570602494563,2.324570602494563,2.7461837207671556,-0.0023422951015144022,0.0023422951015144022,0.0023422951015144022,2.324570602494563
0.003409459260626703,3.580425375856588e-06,0.002324472620619831,2.3244726206198307,2.6934617820208717,-0.002049939785561339,0.002049939785561339,0.002049939785561339,2.3244726206198307
0.003411459260626703,3.5795831541803537e-06,0.0023241512761591845,2.3241512761591845,2.640314514435592,-0.001756462434868931,0.0017564624348689328,0.0017564624348689304,2.3241512761591845
0.0034134592606267027,3.5781537735623556e-06,0.0023236057884353963,2.3236057884353962,2.5867503105809715,-0.0014619140119198626,0.0014619140119198626,0.0014619140119198626,2.3236057884353962
0.0034154592606267025,3.576135592524148e-06,0.0023228353356198428,2.3228353356198426,2.532777628865764,-0.0011663460735884534,0.0011663460735884534,0.0011663460735884534,2.3228353356198426
0.0034174592606267024,3.5735270749739747e-06,0.0023218390542676507,2.3218390542676506,2.4784049922020692,-0.0008698107663023258,0.0008698107663023258,0.0008698107663023258,2.3218390542676506
0.003419459260626702,3.570326791468409e-06,0.0023206160388134747,2.320616038813475,2.423640986659539,-0.0005723608213670239,0.0005723608213670239,0.0005723608213670239,2.320616038813475
0.003421459260626702,3.5665334204608268e-06,0.002319165341022774,2.319165341022774,2.3684942601094625,-0.0002740495504816032,0.0002740495504816032,0.0002740495504816032,2.319165341022774
0.003423459260626702,3.562145749541942e-06,0.002317485969399686,2.3174859693996863,2.312973520859258,2.506915855793497e-05,-2.5069158557933235e-05,-2.5069158557935702e-05,2.3174859693996863
0.0034254592606267017,3.5571626766794663e-06,0.0023155768885532316,2.3155768885532315,2.2570875362772704,0.00032494084597756157,-0.00032494084597756157,-0.00032494084597756157,2.3155768885532315
0.0034274592606267015,3.551583211442617e-06,0.0023134370185153366,2.313437018515337,2.200845131408316,0.0006255104839278935,-0.0006255104839278935,-0.0006255104839278935,2.313437018515337
0.0034294592606267014,3.5454064762260224e-06,0.0023110652340151234,2.3110652340151234,2.1442551875801055,0.0009267224801945435,-0.0009267224801945417,-0.0009267224801945442,2.3110652340151234
0.003431459260626701,3.5386317074663266e-06,0.0023084603637057,2.3084603637057,2.087326641000782,0.0012285206816939898,-0.0012285206816939898,-0.0012285206816939898,2.3084603637057
0.003433459260626701,3.5312582568541406e-06,0.0023056211893432007,2.3056211893432006,2.030068481347786,0.001530848377752303,-0.001530848377752303,-0.001530848377752303,2.3056211893432006
0.003435459260626701,3.5232855925387833e-06,0.0023025464449157296,2.3025464449157296,1.9724897503482852,0.0018336483031524686,-0.0018336483031524686,-0.0018336483031524686,2.3025464449157296
0.0034374592606267007,3.514713300334102e-06,0.0022992348157239626,2.2992348157239624,1.9145995403513778,0.002136862640958803,-0.002136862640958803,-0.002136862640958803,2.2992348157239624
0.0034394592606267005,3.505541084914942e-06,0.002295684937407885,2.295684937407885,1.8564069928923235,0.0024404330250864543,-0.0024404330250864525,-0.002440433025086454,2.295684937407885
0.0034414592606267004,3.4957687710147964e-06,0.002291895394922118,2.291895394922118,1.7979212972489225,0.0027443005426288636,-0.0027443005426288636,-0.0027443005426288636,2.291895394922118
0.0034434592606267,3.4853963046198416e-06,0.0022878647214563054,2.2878647214563053,1.739151688990521,0.0030484057359210243,-0.0030484057359210226,-0.003048405735921024,2.2878647214563053
0.0034454592606267,3.47442375416098e-06,0.0022835913972994257,2.2835913972994257,1.680107448519542,0.0033526886043326876,-0.0033526886043326876,-0.0033526886043326876,2.2835913972994257
0.0034474592606267,3.462851311704703e-06,0.0022790738486464937,2.279073848646494,1.6207978996060015,0.003657088605780512,-0.003657088605780512,-0.003657088605780513,2.279073848646494
0.0034494592606266997,3.450679294145914e-06,0.0022743104463469337,2.2743104463469335,1.5612324079152615,0.003961544657953732,-0.0039615446579537306,-0.003961544657953733,2.2743104463469335
0.0034514592606266995,3.437908144397985e-06,0.002269299504590772,2.269299504590772,1.501420379528915,0.0042659951392325385,-0.004265995139232537,-0.004265995139232539,2.269299504590772
0.0034534592606266993,3.424538432585504e-06,0.002264039279532671,2.264039279532671,1.4413712594596233,0.0045703778892947095,-0.004570377889294708,-0.00457037788929471,2.264039279532671
0.003455459260626699,3.410570857239102e-06,0.002258527967851365,2.2585279678513652,1.3810945301595572,0.004874630209398934,-0.0048746302093989335,-0.0048746302093989335,2.2585279678513652
0.003457459260626699,3.3960062464947157e-06,0.0022527637052431786,2.2527637052431784,1.3205997100230238,0.005178688862334193,-0.005178688862334191,-0.005178688862334193,2.2527637052431784
0.003459459260626699,3.3808455592899894e-06,0.0022467445648443733,2.2467445648443736,1.2598963518833997,0.00548249007200541,-0.005482490072005408,-0.005482490072005411,2.2467445648443736
0.0034614592606266987,3.365089886574833e-06,0.0022404685555866216,2.2404685555866215,1.198994041504649,0.005785969522677625,-0.005785969522677625,-0.005785969522677625,2.2404685555866215
0.0034634592606266985,3.348740452518266e-06,0.0022339336204760317,2.233933620476032,1.1379023960675474,0.006089062357824913,-0.006089062357824915,-0.006089062357824914,2.233933620476032
0.0034654592606266983,3.331798615726614e-06,0.0022271376347991153,2.2271376347991154,1.0766310626511066,0.006391703178600049,-0.00639170317860005,-0.006391703178600049,2.2271376347991154
0.003467459260626698,3.3142658704669733e-06,0.0022200784042506376,2.2200784042506374,1.0151897167091872,0.006693826041896946,-0.006693826041896944,-0.006693826041896946,2.2200784042506374
0.003469459260626698,3.2961438478997303e-06,0.0022127536629821623,2.2127536629821627,0.9535880605425469,0.006995364457997867,-0.006995364457997866,-0.006995364457997866,2.2127536629821627
0.003471459260626698,3.2774343173196546e-06,0.0022051610715683612,2.2051610715683614,0.891835821766821,0.007296251387786337,-0.007296251387786334,-0.007296251387786336,2.2051610715683614
0.0034734592606266977,3.2581391874060805e-06,0.0021972982148884793,2.1972982148884794,0.8299427517763318,0.007596419239511931,-0.007596419239511931,-0.007596419239511931,2.1972982148884794
0.0034754592606266975,3.2382605074863383e-06,0.002189162599921841,2.189162599921841,0.7679186242043355,0.007895799865097253,-0.007895799865097253,-0.007895799865097253,2.189162599921841
0.0034774592606266973,3.2178004688120902e-06,0.0021807516534544462,2.180751653454446,0.7057732333795823,0.008194324555971466,-0.008194324555971466,-0.008194324555971464,2.180751653454446
0.003479459260626697,3.1967614058442578e-06,0.0021720627196920627,2.172062719692063,0.6435163927796955,0.008491924038402043,-0.008491924038402043,-0.008491924038402043,2.172062719692063
0.003481459260626697,3.1751457975601326e-06,0.00216309305778259,2.1630930577825898,0.5811579334815102,0.00878852846833933,-0.00878852846833933,-0.008788528468339331,2.1630930577825898
0.003483459260626697,3.1529562687692367e-06,0.0021538398392394686,2.1538398392394686,0.5187077026086317,0.009084067425726872,-0.009084067425726872,-0.009084067425726872,2.1538398392394686
0.0034854592606266967,3.1301955914506943e-06,0.0021443001452687307,2.1443001452687307,0.4561755617764609,0.009378469908290388,-0.009378469908290388,-0.009378469908290388,2.1443001452687307
0.0034874592606266965,3.1068666861080318e-06,0.0021344709639955018,2.1344709639955015,0.3935713855349307,0.009671664324780949,-0.009671664324780949,-0.009671664324780949,2.1344709639955015
0.0034894592606266963,3.0829726231442466e-06,0.0021243491875887885,2.124349187588789,0.33090505980920026,0.009963578487664382,-0.009963578487664382,-0.009963578487664382,2.124349187588789
0.003491459260626696,3.058516624254512e-06,0.002113931609281295,2.1139316092812948,0.26818648033857057,0.010254139605237357,-0.010254139605237356,-0.010254139605237357,2.1139316092812948
0.003493459260626696,3.033502063846238e-06,0.002103214920286465,2.1032149202864656,0.20542555111376143,0.01054327427318169,-0.01054327427318169,-0.01054327427318169,2.1032149202864656
0.003495459260626696,3.007932470480831e-06,0.002092195706608908,2.092195706608908,0.14263218281306284,0.010830908465532474,-0.010830908465532474,-0.010830908465532474,2.092195706608908
0.0034974592606266956,2.9818115283379194e-06,0.002080870445747329,2.0808704457473293,0.07981629123725337,0.011116967525055978,-0.011116967525055976,-0.011116967525055976,2.0808704457473293
0.0034994592606266955,2.95514307871083e-06,0.0020692355032931463,2.069235503293146,0.01698779574377996,0.011401376153052036,-0.011401376153052034,-0.011401376153052034,2.069235503293146
0.0035014592606266953,2.9279311215263802e-06,0.0020572871294218275,2.0572871294218276,-0.04584338231953463,0.011684058398563122,-0.011684058398563124,-0.011684058398563124,2.0572871294218276
0.003503459260626695,2.9001798168960586e-06,0.002045021455280696,2.045021455280696,-0.10866732118136538,0.011964937647011452,-0.011964937647011453,-0.011964937647011453,2.045021455280696
0.003505459260626695,2.8718934866964795e-06,0.0020324344892739014,2.0324344892739012,-0.17147410021347007,0.012243936608263173,-0.012243936608263173,-0.012243936608263173,2.0324344892739012
0.003507459260626695,2.8430766161811374e-06,0.002019522113248026,2.019522113248026,-0.2342538014973602,0.012520977304141034,-0.012520977304141034,-0.012520977304141034,2.019522113248026
0.0035094592606266946,2.8137338556297253e-06,0.0020062800785849446,2.006280078584945,-0.29699651139043765,0.012795981055418792,-0.012795981055418792,-0.012795981055418792,2.006280078584945
0.0035114592606266945,2.7838700220255817e-06,0.0019927040022030096,1.9927040022030096,-0.35969232209147384,0.013068868468302686,-0.013068868468302686,-0.013068868468302686,1.9927040022030096
0.0035134592606266943,2.7534901007722193e-06,0.0019787893624782812,1.9787893624782813,-0.4223313332051484,0.013339559420463498,-0.013339559420463498,-0.013339559420463498,1.9787893624782813
0.003515459260626694,2.7225992474472837e-06,0.001964531495094005,1.9645314950940052,-0.4849036533055251,0.013607973046664057,-0.013607973046664057,-0.013607973046664057,1.9645314950940052
0.003517459260626694,2.6912027895926647e-06,0.0019499255888288558,1.9499255888288558,-0.5473994014978457,0.013874027724037232,-0.01387402772403723,-0.01387402772403723,1.9499255888288558
0.003519459260626694,2.6593062285413983e-06,0.0019349666812979707,1.9349666812979707,-0.6098087089790147,0.014137641057094365,-0.014137641057094363,-0.014137641057094363,1.9349666812979707
0.0035214592606266936,2.6269152412856817e-06,0.0019196496546655623,1.9196496546655621,-0.6721217205958914,0.01439872986256363,-0.01439872986256363,-0.01439872986256363,1.9196496546655621
0.0035234592606266935,2.594035682383033e-06,0.0019039692313481365,1.9039692313481367,-0.7343285964016215,0.014657210154165323,-0.014657210154165323,-0.014657210154165323,1.9039692313481367
0.0035254592606266933,2.560673585900365e-06,0.0018879199697326224,1.8879199697326223,-0.7964195132093728,0.01491299712745553,-0.01491299712745553,-0.01491299712745553,1.8879199697326223
0.003527459260626693,2.5268351673984044e-06,0.0018714962599397321,1.871496259939732,-0.8583846661436002,0.015166005144907402,-0.015166005144907402,-0.015166005144907402,1.871496259939732
0.003529459260626693,2.492526825952375e-06,0.001854692319665283,1.8546923196652831,-0.9202142701883331,0.01541614772140898,-0.01541614772140898,-0.01541614772140898,1.8546923196652831
0.003531459260626693,2.4577551462106657e-06,0.001837502190141188,1.8375021901411879,-0.9818985617323408,0.015663337510408493,-0.015663337510408493,-0.015663337510408493,1.8375021901411879
0.0035334592606266926,2.422526900486979e-06,0.0018199197322620888,1.8199197322620888,-1.0434278001109218,0.01590748629096117,-0.01590748629096117,-0.01590748629096117,1.8199197322620888
0.0035354592606266924,2.386849050884897e-06,0.001801938622933527,1.8019386229335268,-1.1047922691440668,0.01614850495598663,-0.01614850495598663,-0.01614850495598663,1.8019386229335268
0.0035374592606266923,2.3507287514522813e-06,0.0017835523517063085,1.7835523517063088,-1.1659822786707554,0.0163863035020948,-0.0163863035020948,-0.0163863035020948,1.7835523517063088
0.003539459260626692,2.3141733503591224e-06,0.0017647542177707382,1.764754217770738,-1.2269881660791466,0.016620791021388248,-0.016620791021388248,-0.016620791021388248,1.764754217770738
0.003541459260626692,2.2771903920967776e-06,0.0017455373273989221,1.7455373273989223,-1.287800297832416,0.016851875695729657,-0.016851875695729657,-0.016851875695729657,1.7455373273989223
0.0035434592606266918,2.239787619687719e-06,0.0017258945919331357,1.7258945919331357,-1.3484090709899856,0.01707946479401734,-0.01707946479401734,-0.01707946479401734,1.7258945919331357
0.0035454592606266916,2.201972976902325e-06,0.0017058187264380794,1.7058187264380793,-1.4088049147240094,0.017303464673122715,-0.017303464673122715,-0.017303464673122715,1.7058187264380793
0.0035474592606266914,2.163754610470387e-06,0.0016853022491487924,1.6853022491487923,-1.4689782918306138,0.017523780783218923,-0.017523780783218923,-0.017523780783218923,1.6853022491487923
0.0035494592606266913,2.1251408722777538e-06,0.0016643374818681696,1.6643374818681695,-1.5289197002360182,0.0177403176783566,-0.0177403176783566,-0.0177403176783566,1.6643374818681695
0.003551459260626691,2.086140321532884e-06,0.001642916551488716,1.6429165514887158,-1.5886196744969225,0.017952979033253547,-0.017952979033253547,-0.017952979033253547,1.6429165514887158
0.003553459260626691,2.0467617268878027e-06,0.0016210313928396436,1.6210313928396436,-1.648068787295377,0.01816166766741678,-0.01816166766741678,-0.01816166766741678,1.6210313928396436
0.0035554592606266908,2.007014068496677e-06,0.0015986737530898037,1.5986737530898036,-1.707257650927298,0.018366285577872787,-0.018366285577872787,-0.018366285577872787,1.5986737530898036
0.0035574592606266906,1.9669065399856718e-06,0.0015758351979654555,1.5758351979654555,-1.766176918784979,0.01856673398194686,-0.01856673398194686,-0.01856673398194686,1.5758351979654555
0.0035594592606266904,1.926448550313893e-06,0.0015525071200828996,1.5525071200828997,-1.8248172868330117,0.018762913371755063,-0.018762913371755063,-0.018762913371755063,1.5525071200828997
0.0035614592606266903,1.885649725490165e-06,0.0015286807497297038,1.5286807497297037,-1.8831694950775004,0.018954723582262245,-0.018954723582262245,-0.018954723582262245,1.5286807497297037
0.00356345926062669,1.844519910114616e-06,0.0015043471684769594,1.5043471684769596,-1.9412243290283069,0.019142063875029258,-0.019142063875029258,-0.019142063875029258,1.5043471684769596
0.00356545926062669,1.8030691687050792e-06,0.001479497326051284,1.479497326051284,-1.9989726211541894,0.01932483304003041,-0.01932483304003041,-0.01932483304003041,1.479497326051284
0.0035674592606266898,1.7613077867598638e-06,0.0014541220609462743,1.4541220609462742,-2.0564052523303826,0.01950292951820365,-0.01950292951820365,-0.01950292951820365,1.4541220609462742
0.0035694592606266896,1.719246271507553e-06,0.0014282121253132703,1.4282121253132702,-2.1135131532786104,0.01967625154773267,-0.01967625154773267,-0.01967625154773267,1.4282121253132702
0.0035714592606266894,1.676895352282451e-06,0.0014017582147293722,1.4017582147293721,-2.170287305999314,0.01984469733738159,-0.01984469733738159,-0.01984469733738159,1.4017582147293721
0.0035734592606266893,1.6342659804563344e-06,0.0013747510035047319,1.374751003504732,-2.226718745195616,0.020008165270557488,-0.020008165270557488,-0.020008165270557488,1.374751003504732
0.003575459260626689,1.591369328851814e-06,0.0013471811862597587,1.3471811862597587,-2.282798559689125,0.020166554144160465,-0.020166554144160465,-0.020166554144160465,1.3471811862597587
0.003577459260626689,1.548216790548291e-06,0.0013190395265674413,1.3190395265674413,-2.338517893827018,0.020319763446635886,-0.020319763446635886,-0.020319763446635886,1.3190395265674413
0.0035794592606266887,1.5048199769814198e-06,0.001290316913522182,1.2903169135221821,-2.3938679488805175,0.020467693680014998,-0.020467693680014998,-0.020467693680014998,1.2903169135221821
0.0035814592606266886,1.461190715229743e-06,0.0012610044271611138,1.2610044271611138,-2.4488399844342905,0.02061024673108558,-0.02061024673108558,-0.02061024673108558,1.2610044271611138
0.0035834592606266884,1.417341044360594e-06,0.0012310934137116263,1.2310934137116263,-2.5034253197666674,0.02074732629710163,-0.02074732629710163,-0.02074732629710163,1.2310934137116263
0.0035854592606266882,1.3732832107063748e-06,0.0012005755716871342,1.2005755716871342,-2.5576153352204267,0.020878838371708675,-0.020878838371708675,-0.020878838371708675,1.2005755716871342
0.003587459260626688,1.329029661916343e-06,0.0011694430498660742,1.1694430498660742,-2.611401473563937,0.021004691796833397,-0.021004691796833397,-0.021004691796833397,1.1694430498660742
0.003589459260626688,1.2845930396251095e-06,0.001137688558188863,1.137688558188863,-2.6647752413424453,0.021124798886285046,-0.021124798886285046,-0.021124798886285046,1.137688558188863
0.0035914592606266877,1.239986170561544e-06,0.0011053054925611009,1.1053054925611008,-2.717728210219291,0.021239076126557732,-0.021239076126557732,-0.021239076126557732,1.1053054925611008
0.0035934592606266876,1.19522205590812e-06,0.0010722880744575027,1.0722880744575027,-2.770252018306839,0.021347444959801898,-0.021347444959801898,-0.021347444959801898,1.0722880744575027
0.0035954592606266874,1.150313858714797e-06,0.0010386315060690343,1.0386315060690343,-2.822338371486901,0.02144983265308853,-0.02144983265308853,-0.02144983265308853,1.0386315060690343
0.0035974592606266872,1.1052748891573259e-06,0.0010043321414981233,1.0043321414981232,-2.8739790447205356,0.02154617325677033,-0.02154617325677033,-0.02154617325677033,1.0043321414981232
0.003599459260626687,1.060118587431925e-06,0.0009693876741833578,0.9693876741833578,-2.925165883346787,0.02163640865294525,-0.02163640865294525,-0.02163640865294525,0.9693876741833578
0.003601459260626687,1.0148585040719818e-06,0.0009337973402899103,0.9337973402899102,-2.9758908043704735,0.021720489692557687,-0.021720489692557687,-0.021720489692557687,0.9337973402899102
0.0036034592606266867,9.695082774853017e-07,0.0008975621372369016,0.8975621372369016,-3.0261457977385007,0.021798377416530013,-0.021798377416530013,-0.021798377416530013,0.8975621372369016
0.0036054592606266866,9.240816085234098e-07,0.0008606850558188275,0.8606850558188275,-3.0759229276048847,0.021870044352353957,-0.021870044352353957,-0.021870044352353957,0.8606850558188275
0.0036074592606266864,8.785922319189516e-07,0.000823171323512053,0.823171323512053,-3.12521433358377,0.021935475872754573,-0.021935475872754573,-0.021935475872754573,0.823171323512053
0.0036094592606266862,8.330538844697264e-07,0.000785028655541848,0.785028655541848,-3.1740122319907487,0.021994671597403315,-0.021994671597403315,-0.021994671597403315,0.785028655541848
0.003611459260626686,7.874802698955058e-07,0.0007462675091194351,0.7462675091194351,-3.222308917071979,0.022047646812174526,-0.022047646812174526,-0.022047646812174526,0.7462675091194351
0.003613459260626686,7.418850203658709e-07,0.0007069013349827409,0.7069013349827409,-3.2700967622210135,0.02209443387335419,-0.02209443387335419,-0.02209443387335419,0.7069013349827409
0.0036154592606266857,6.962816547817902e-07,0.0006669468190264238,0.6669468190264238,-3.3173682211831164,0.02213508355671967,-0.02213508355671967,-0.02213508355671967,0.6669468190264238
0.0036174592606266856,6.506835339966419e-07,0.0006264241054626148,0.6264241054626147,-3.364115829246968,0.022169666303942126,-0.022169666303942126,-0.022169666303942126,0.6264241054626147
0.0036194592606266854,6.051038132836637e-07,0.0005853569917131925,0.5853569917131924,-3.410332204423301,0.02219827331186941,-0.02219827331186941,-0.02219827331186941,0.5853569917131924
0.003621459260626685,5.595553924912549e-07,0.0005437730842199132,0.5437730842199131,-3.4560100486107297,0.022221017404614685,-0.022221017404614685,-0.022221017404614685,0.5437730842199131
0.003623459260626685,5.140508644738593e-07,0.0005017039037193389,0.5017039037193389,-3.5011421487481442,0.022238033624819353,-0.022238033624819353,-0.02223803362481935,0.5017039037193389
0.003625459260626685,4.6860246253702967e-07,0.0004591849284229278,0.4591849284229279,-3.545721377953731,0.02224947947987033,-0.022249479479870327,-0.02224947947987033,0.4591849284229279
0.0036274592606266847,4.2322200778253703e-07,0.00041625556412361054,0.41625556412361053,-3.5897406966504457,0.02225553478207809,-0.02225553478207809,-0.02225553478207809,0.41625556412361053
0.0036294592606266845,3.779208573750738e-07,0.0003729590316503795,0.37295903165037947,-3.6331931536775652,0.022256401029599696,-0.022256401029599693,-0.022256401029599696,0.37295903165037947
0.0036314592606266844,3.3270985486179844e-07,0.00032934216438849483,0.32934216438849484,-3.676071887388408,0.02225230028764946,-0.022252300287649462,-0.022252300287649462,0.32934216438849484
0.003633459260626684,2.8759928375067813e-07,0.0002854551117805735,0.2854551117805735,-3.7183701267338547,0.02224347354730238,-0.022243473547302384,-0.022243473547302384,0.2854551117805735
0.003635459260626684,2.4259882558141833e-07,0.000241350948727518,0.24135094872751806,-3.7600811923315764,0.022230178561439416,-0.022230178561439412,-0.022230178561439416,0.24135094872751806
0.003637459260626684,1.977175236928875e-07,0.00019708519541134352,0.1970851954113435,-3.801198497520785,0.02221268718295627,-0.02221268718295627,-0.02221268718295627,0.1970851954113435
0.0036394592606266837,1.529637538000242e-07,0.0001527152569550747,0.1527152569550747,-3.841715549402344,0.022191282257541217,-0.022191282257541217,-0.022191282257541214,0.1527152569550747
0.0036414592606266835,1.0834520233849955e-07,0.00010829979712042312,0.10829979712042315,-3.8816259498640733,0.02216625414991387,-0.02216625414991387,-0.02216625414991387,0.10829979712042315
0.0036434592606266834,6.386885332101581e-08,6.389806448220448e-05,0.06389806448220448,-3.9209233965910832,0.022137897005962713,-0.022137897005962713,-0.02213789700596271,0.06389806448220448
0.003645459260626683,1.954117276434699e-08,1.954042666046396e-05,0.01954042666046396,-3.959601684060975,0.02210634505956355,-0.02210634505956355,-0.02210634505956355,0.01954042666046396
0.003647459260626683,-2.463245437794064e-08,-2.462814104428679e-05,-0.02462814104428679,-3.9976547045238053,0.022072369797108436,-0.022072369797108436,-0.022072369797108436,-0.02462814104428679
0.003649459260626683,-6.864732833321113e-08,-6.863782636406546e-05,-0.06863782636406546,-4.0350764489665085,0.02203577012556913,-0.022035770125569128,-0.022035770125569128,-0.06863782636406546
0.0036514592606266827,-1.1249903450204602e-07,-0.00011240484027804599,-0.11240484027804598,-4.071861008061839,0.021996978709909965,-0.021996978709909965,-0.021996978709909965,-0.11240484027804598
0.0036534592606266825,-1.561839833649122e-07,-0.00015587718162736496,-0.15587718162736497,-4.108002573101477,0.02195625217485618,-0.02195625217485618,-0.02195625217485618,-0.15587718162736497
0.0036554592606266824,-1.9969918219039013e-07,-0.00019900605687036733,-0.19900605687036732,-4.143495436913335,0.0219138298891276,-0.0219138298891276,-0.0219138298891276,-0.19900605687036732
0.003657459260626682,-2.4304219160688565e-07,-0.00024174626237403985,-0.24174626237403984,-4.178333994762793,0.021869931846604185,-0.021869931846604185,-0.021869931846604188,-0.24174626237403984
0.003659459260626682,-2.8621107771739107e-07,-0.00028405648348096824,-0.28405648348096824,-4.212512745237693,0.021824757009759582,-0.021824757009759582,-0.021824757009759582,-0.28405648348096824
0.003661459260626682,-3.292043609569105e-07,-0.00032589949384243157,-0.32589949384243155,-4.246026291117123,0.02177848220708162,-0.021778482207081618,-0.02177848220708162,-0.32589949384243155
0.0036634592606266817,-3.7202096297777176e-07,-0.0003672422583477997,-0.36724225834779967,-4.278869340223688,0.021731261565977156,-0.021731261565977156,-0.021731261565977156,-0.36724225834779967
0.0036654592606266815,-4.1466015278033827e-07,-0.00040805594675685965,-0.40805594675685963,-4.3110367062592045,0.021683226441679693,-0.021683226441679693,-0.021683226441679696,-0.40805594675685963
0.0036674592606266813,-4.57121493194145e-07,-0.00044831586798811077,-0.44831586798811074,-4.342523309623671,0.02163448578686422,-0.02163448578686422,-0.02163448578686422,-0.44831586798811074
0.003669459260626681,-4.994047886725e-07,-0.00048800133687025,-0.48800133687025005,-4.3733241782174375,0.021585126896373263,-0.021585126896373263,-0.021585126896373263,-0.48800133687025005
0.003671459260626681,-5.415100352023613e-07,-0.0005270954860689176,-0.5270954860689177,-4.403434448226273,0.02153521645642975,-0.02153521645642975,-0.02153521645642975,-0.5270954860689177
0.003673459260626681,-5.834373729640478e-07,-0.000565585035976901,-0.565585035976901,-4.432849364889503,0.021484801827292233,-0.021484801827292233,-0.021484801827292233,-0.565585035976901
0.0036754592606266807,-6.251870422121784e-07,-0.0006034600347670081,-0.603460034767008,-4.461564283250788,0.021433912491576557,-0.021433912491576557,-0.021433912491576557,-0.603460034767008
0.0036774592606266805,-6.667593426956992e-07,-0.0006407135797311976,-0.6407135797311976,-4.489574668891662,0.021382561606447026,-0.021382561606447026,-0.021382561606447026,-0.6407135797311976
0.0036794592606266803,-7.081545967983429e-07,-0.0006773415296447247,-0.6773415296447247,-4.5168760986475185,0.021330747605571077,-0.021330747605571077,-0.021330747605571077,-0.6773415296447247
0.00368145926062668,-7.493731164632139e-07,-0.0007133422163540129,-0.7133422163540128,-4.5434642613061085,0.02127845580528942,-0.02127845580528942,-0.02127845580528942,-0.7133422163540128
0.00368345926062668,-7.904151738680916e-07,-0.0007487161622185408,-0.7487161622185408,-4.569334958288331,0.0212256599781655,-0.0212256599781655,-0.0212256599781655,-0.7487161622185408
0.00368545926062668,-8.312809757409078e-07,-0.0007834658085346673,-0.7834658085346673,-4.594484104311228,0.021172323865425335,-0.021172323865425335,-0.021172323865425335,-0.7834658085346673
0.0036874592606266797,-8.719706411465139e-07,-0.0008175952586975371,-0.817595258697537,-4.618907728033104,0.021118402607419817,-0.021118402607419817,-0.021118402607419817,-0.817595258697537
0.0036894592606266795,-9.124841825345236e-07,-0.0008511100386539984,-0.8511100386539985,-4.642601972680648,0.02106384407792583,-0.02106384407792583,-0.02106384407792583,-0.8511100386539985
0.0036914592606266793,-9.528214898113886e-07,-0.0008840168761812967,-0.8840168761812968,-4.665563096657956,0.021008590113759218,-0.021008590113759218,-0.021008590113759218,-0.8840168761812968
0.003693459260626679,-9.929823171850532e-07,-0.0009163234996932093,-0.9163234996932093,-4.687787474137378,0.02095257763580094,-0.02095257763580094,-0.02095257763580094,-0.9163234996932093
0.003695459260626679,-1.0329662725257304e-06,-0.0009480384566171858,-0.9480384566171858,-4.709271595632078,0.02089573966119385,-0.020895739661193846,-0.020895739661193846,-0.9480384566171858
0.003697459260626679,-1.0727728089887153e-06,-0.0009791709508850102,-0.9791709508850102,-4.730012068550214,0.020838006209251133,-0.020838006209251136,-0.020838006209251133,-0.9791709508850102
0.0036994592606266787,-1.1124012186539947e-06,-0.001009730698715659,-1.009730698715659,-4.750005617730693,0.02077930510563908,-0.02077930510563908,-0.02077930510563908,-1.009730698715659
0.0037014592606266785,-1.151850627950062e-06,-0.0010397278016197166,-1.039727801619717,-4.769249085960319,0.020719562690781124,-0.020719562690781124,-0.020719562690781124,-1.039727801619717
0.0037034592606266783,-1.1911199946431068e-06,-0.001069172635397777,-1.069172635397777,-4.787739434472389,0.0206587044393034,-0.0206587044393034,-0.0206587044393034,-1.069172635397777
0.003705459260626678,-1.2302081061909895e-06,-0.0010980757538248155,-1.0980757538248156,-4.805473743426514,0.020596655497787216,-0.02059665549778722,-0.020596655497787216,-1.0980757538248156
0.003707459260626678,-1.269113579277541e-06,-0.001126447805686925,-1.126447805686925,-4.822449212369728,0.020533341148237794,-0.020533341148237794,-0.020533341148237794,-1.126447805686925
0.003709459260626678,-1.3078348603607431e-06,-0.0011542994638551374,-1.1542994638551374,-4.838663160678709,0.020468687204575398,-0.020468687204575398,-0.020468687204575398,-1.1542994638551374
0.0037114592606266776,-1.3463702270855108e-06,-0.0011816413651294076,-1.1816413651294075,-4.854113027983057,0.02040262034918694,-0.02040262034918694,-0.02040262034918694,-1.1816413651294075
0.0037134592606266775,-1.384717790426155e-06,-0.001208484059653297,-1.2084840596532969,-4.868796374569622,0.020335068416201807,-0.020335068416201807,-0.020335068416201807,-1.2084840596532969
0.0037154592606266773,-1.4228754974416452e-06,-0.0012348379687836379,-1.234837968783638,-4.882710881767765,0.020265960627689594,-0.020265960627689594,-0.020265960627689594,-1.234837968783638
0.003717459260626677,-1.4608411345386016e-06,-0.0012607133503862889,-1.2607133503862888,-4.895854352315493,0.02019522778849558,-0.020195227788495584,-0.02019522778849558,-1.2607133503862888
0.003719459260626677,-1.4986123311510807e-06,-0.0012861202706209234,-1.2861202706209234,-4.908224710706451,0.020122802444919596,-0.020122802444919596,-0.020122802444919596,-1.2861202706209234
0.003721459260626677,-1.5361865637558755e-06,-0.001311068581366488,-1.311068581366488,-4.9198200035176445,0.02004861901195087,-0.020048619011950874,-0.02004861901195087,-1.311068581366488
0.0037234592606266766,-1.5735611601573264e-06,-0.0013355679025291406,-1.3355679025291405,-4.9306383997179175,0.019972613873270983,-0.019972613873270983,-0.019972613873270983,-1.3355679025291405
0.0037254592606266765,-1.6107333039772603e-06,-0.0013596276085514384,-1.3596276085514383,-4.940678190957101,0.019894725457809237,-0.019894725457809237,-0.019894725457809237,-1.3596276085514383
0.0037274592606266763,-1.647700039304089e-06,-0.0013832568185250906,-1.3832568185250906,-4.949937791835771,0.01981489429617045,-0.01981489429617045,-0.01981489429617045,-1.3832568185250906
0.003729459260626676,-1.6844582754523383e-06,-0.0014064643893733012,-1.4064643893733013,-4.9584157401556155,0.019733063059901745,-0.019733063059901745,-0.019733063059901745,-1.4064643893733013
0.003731459260626676,-1.7210047917974146e-06,-0.0014292589116379224,-1.4292589116379224,-4.9661106971503095,0.01964917658617993,-0.01964917658617993,-0.01964917658617993,-1.4292589116379224
0.003733459260626676,-1.7573362426546197e-06,-0.001451648707463698,-1.451648707463698,-4.973021447696942,0.01956318189018469,-0.01956318189018469,-0.01956318189018469,-1.451648707463698
0.0037354592606266756,-1.7934491621742028e-06,-0.0014736418304227544,-1.4736418304227543,-4.97914690050789,0.01947502816713964,-0.01947502816713964,-0.01947502816713964,-1.4736418304227543
0.0037374592606266755,-1.8293399692296546e-06,-0.0014952460668699024,-1.4952460668699024,-4.984486088303146,0.019384666785740242,-0.019384666785740245,-0.019384666785740242,-1.4952460668699024
0.0037394592606266753,-1.8650049722844281e-06,-0.0015164689385632438,-1.5164689385632437,-4.989038167963063,0.01929205127444344,-0.019292051274443445,-0.01929205127444344,-1.5164689385632437
0.003741459260626675,-1.900440374215965e-06,-0.0015373177063152995,-1.5373177063152994,-4.9928024206614925,0.019197137301923295,-0.019197137301923295,-0.019197137301923295,-1.5373177063152994
0.003743459260626675,-1.935642277089868e-06,-0.0015577993744790284,-1.5577993744790284,-4.995778251979299,0.019099882652779288,-0.019099882652779288,-0.019099882652779284,-1.5577993744790284
0.003745459260626675,-1.9706066868715102e-06,-0.0015779206960963928,-1.5779206960963927,-4.997965191998219,0.01900024719945459,-0.01900024719945459,-0.01900024719945459,-1.5779206960963927
0.0037474592606266746,-2.00532951806747e-06,-0.001597688178563832,-1.597688178563832,-4.999362895375072,0.018898192871173558,-0.018898192871173558,-0.018898192871173558,-1.597688178563832
0.0037494592606266744,-2.039806598290914e-06,-0.001617108089690497,-1.6171080896904968,-4.999971141396292,0.018793683620587753,-0.018793683620587753,-0.018793683620587753,-1.6171080896904968
0.0037514592606266743,-2.0740336727466046e-06,-0.0016361864640439048,-1.636186464043905,-4.999789834012782,0.018686685388715985,-0.018686685388715985,-0.018686685388715985,-1.636186464043905
0.003753459260626674,-2.1080064086303377e-06,-0.0016549291094927617,-1.6549291094927616,-4.998819001855079,0.01857716606867954,-0.01857716606867954,-0.01857716606867954,-1.6549291094927616
0.003755459260626674,-2.1417203994443354e-06,-0.0016733416138739843,-1.6733416138739843,-4.997058798228834,0.018465095468638056,-0.01846509546863806,-0.018465095468638056,-1.6733416138739843
0.0037574592606266738,-2.1751711692217577e-06,-0.0016914293517179325,-1.6914293517179324,-4.994509501090607,0.018350445274292637,-0.018350445274292637,-0.018350445274292637,-1.6914293517179324
0.0037594592606266736,-2.2083541766646296e-06,-0.0017091974909822162,-1.7091974909822163,-4.991171513003966,0.018233189011231943,-0.018233189011231943,-0.018233189011231943,-1.7091974909822163
0.0037614592606266734,-2.241264819192382e-06,-0.0017266509997491185,-1.7266509997491184,-4.987045361075927,0.018113302007371157,-0.018113302007371157,-0.018113302007371157,-1.7266509997491184
0.0037634592606266733,-2.2738984369027527e-06,-0.0017437946528517081,-1.743794652851708,-4.98213169687371,0.017990761355677787,-0.017990761355677787,-0.017990761355677787,-1.743794652851708
0.003765459260626673,-2.306250316444524e-06,-0.0017606330383988917,-1.7606330383988915,-4.976431296321853,0.017865545877349787,-0.017865545877349787,-0.017865545877349787,-1.7606330383988915
0.003767459260626673,-2.3383156948049067e-06,-0.0017771705641769467,-1.7771705641769469,-4.969945059579686,0.017737636085570774,-0.017737636085570774,-0.017737636085570774,-1.7771705641769469
0.0037694592606266728,-2.3700897630123173e-06,-0.0017934114639086571,-1.7934114639086571,-4.962674010899183,0.017607014149947364,-0.017607014149947364,-0.017607014149947364,-1.7934114639086571
0.0037714592606266726,-2.4015676697568573e-06,-0.0018093598033559887,-1.8093598033559886,-4.954619298463211,0.01747366386170679,-0.01747366386170679,-0.01747366386170679,-1.8093598033559886
0.0037734592606266724,-2.432744524928367e-06,-0.0018250194862544323,-1.8250194862544324,-4.945782194204246,0.017337570599721186,-0.017337570599721186,-0.017337570599721186,-1.8250194862544324
0.0037754592606266723,-2.4636154030795306e-06,-0.0018403942600738743,-1.8403942600738743,-4.93616409360349,0.017198721297386754,-0.017198721297386754,-0.017198721297386754,-1.8403942600738743
0.003777459260626672,-2.4941753468054575e-06,-0.0018554877215951314,-1.8554877215951313,-4.925766515470525,0.017057104410418855,-0.017057104410418855,-0.017057104410418855,-1.8554877215951313
0.003779459260626672,-2.524419370057343e-06,-0.0018703033223066426,-1.8703033223066425,-4.914591101703473,0.016912709885537947,-0.016912709885537947,-0.016912709885537947,-1.8703033223066425
0.0037814592606266718,-2.5543424613774574e-06,-0.0018848443736120943,-1.8848443736120943,-4.902639617029712,0.016765529130097878,-0.016765529130097878,-0.016765529130097878,-1.8848443736120943
0.0037834592606266716,-2.5839395870646257e-06,-0.0018991140518524006,-1.8991140518524006,-4.889913948727221,0.016615554982637892,-0.016615554982637892,-0.016615554982637892,-1.8991140518524006
0.0037854592606266714,-2.6132056942765515e-06,-0.001913115403145003,-1.913115403145003,-4.876416106326545,0.0164627816843419,-0.0164627816843419,-0.0164627816843419,-1.913115403145003
0.0037874592606266713,-2.6421357140611535e-06,-0.0019268513480375296,-1.9268513480375296,-4.862148221293471,0.016307204851421897,-0.016307204851421897,-0.016307204851421897,-1.9268513480375296
0.003789459260626671,-2.6707245643269283e-06,-0.0019403246859824802,-1.94032468598248,-4.847112546692445,0.016148821448388695,-0.016148821448388695,-0.016148821448388695,-1.94032468598248
0.003791459260626671,-2.6989671527517063e-06,-0.0019535380996349187,-1.953538099634919,-4.831311456830784,0.01598762976219925,-0.01598762976219925,-0.01598762976219925,-1.953538099634919
0.0037934592606266707,-2.7268583796327425e-06,-0.001966494158977471,-1.9664941589774712,-4.814747446883752,0.015823629377257117,-0.01582362937725712,-0.015823629377257117,-1.9664941589774712
0.0037954592606266706,-2.7543931406769635e-06,-0.0019791953252753735,-1.9791953252753736,-4.797423132500533,0.015656821151250888,-0.015656821151250888,-0.015656821151250888,-1.9791953252753736
0.0037974592606266704,-2.7815663297399226e-06,-0.001991643954869204,-1.991643954869204,-4.7793412493912,0.015487207191788865,-0.015487207191788865,-0.015487207191788865,-1.991643954869204
0.0037994592606266702,-2.808372841507757e-06,-0.002003842302806426,-2.003842302806426,-4.760504652894712,0.015314790833823812,-0.01531479083382381,-0.01531479083382381,-2.003842302806426
0.00380145926062667,-2.834807574130456e-06,-0.0020157925263196547,-2.0157925263196548,-4.740916317528005,0.01513957661782417,-0.015139576617824169,-0.015139576617824169,-2.0157925263196548
0.00380345926062667,-2.8608654318022254e-06,-0.002027496688153786,-2.0274966881537857,-4.720579336516316,0.014961570268680724,-0.014961570268680724,-0.014961570268680724,-2.0274966881537857
0.0038054592606266697,-2.8865413272985595e-06,-0.0020389567597505673,-2.038956759750567,-4.699496921304693,0.0147807786753007,-0.014780778675300699,-0.014780778675300699,-2.038956759750567
0.0038074592606266696,-2.911830184460405e-06,-0.0020501746242904315,-2.050174624290432,-4.677672401050906,0.014597209870891522,-0.014597209870891525,-0.01459720987089152,-2.050174624290432
0.0038094592606266694,-2.93672694064144e-06,-0.0020611520796030387,-2.0611520796030387,-4.6551092220997,0.014410873013870338,-0.01441087301387034,-0.01441087301387034,-2.0611520796030387
0.0038114592606266692,-2.9612265491042767e-06,-0.0020718908409442464,-2.0718908409442465,-4.63181094743858,0.014221778369412965,-0.014221778369412963,-0.014221778369412963,-2.0718908409442465
0.003813459260626669,-2.9853239813805805e-06,-0.0020823925436503697,-2.0823925436503696,-4.607781256135205,0.014029937291582417,-0.014029937291582417,-0.014029937291582417,-2.0823925436503696
0.003815459260626669,-3.009014229588976e-06,-0.0020926587456709324,-2.0926587456709322,-4.58302394275639,0.013835362206030322,-0.013835362206030322,-0.013835362206030322,-2.0926587456709322
0.0038174592606266687,-3.032292308712521e-06,-0.0021026909299846626,-2.1026909299846626,-4.557542916768915,0.013638066593245844,-0.013638066593245846,-0.013638066593245846,-2.1026909299846626
0.0038194592606266686,-3.0551532588410144e-06,-0.0021124905069048448,-2.1124905069048445,-4.53134220192217,0.013438064972318477,-0.013438064972318475,-0.013438064972318475,-2.1124905069048445
0.0038214592606266684,-3.0775921473752775e-06,-0.002122058816276454,-2.1220588162764544,-4.504425935612763,0.013235372885201713,-0.013235372885201713,-0.013235372885201713,-2.1220588162764544
0.0038234592606266682,-3.0996040711963338e-06,-0.0021313971295699547,-2.1313971295699545,-4.476798368231146,0.013030006881451062,-0.013030006881451062,-0.013030006881451062,-2.1313971295699545
0.003825459260626668,-3.1211841587997806e-06,-0.002140506651875322,-2.140506651875322,-4.448463862490499,0.01282198450341765,-0.01282198450341765,-0.01282198450341765,-2.140506651875322
0.003827459260626668,-3.142327572399067e-06,-0.002149388523801226,-2.1493885238012256,-4.419426892737737,0.012611324271869506,-0.012611324271869506,-0.012611324271869506,-2.1493885238012256
0.0038294592606266677,-3.16302950999611e-06,-0.0021580438232818647,-2.158043823281865,-4.389692044246997,0.012398045672028513,-0.012398045672028513,-0.012398045672028513,-2.158043823281865
0.0038314592606266675,-3.1832852074179717e-06,-0.0021664735672940346,-2.1664735672940347,-4.359264012495539,0.012182169140008359,-0.012182169140008359,-0.012182169140008359,-2.1664735672940347
0.0038334592606266674,-3.2030899403263315e-06,-0.0021746787134901985,-2.1746787134901986,-4.328147602422316,0.011963716049622873,-0.011963716049622874,-0.011963716049622874,-2.1746787134901986
0.003835459260626667,-3.2224390262003442e-06,-0.0021826601617505785,-2.1826601617505785,-4.296347727669192,0.011742708699547856,-0.011742708699547855,-0.011742708699547855,-2.1826601617505785
0.003837459260626667,-3.241327826283429e-06,-0.00219041875565304,-2.19041875565304,-4.263869409805027,0.011519170300844372,-0.011519170300844372,-0.011519170300844372,-2.19041875565304
0.003839459260626667,-3.25975174750956e-06,-0.002197955283869819,-2.1979552838698186,-4.2307177775327105,0.011293124964793844,-0.011293124964793844,-0.011293124964793844,-2.1979552838698186
0.0038414592606266667,-3.2777062443999022e-06,-0.002205270481489695,-2.205270481489695,-4.196898065879285,0.011064597691053278,-0.01106459769105328,-0.01106459769105328,-2.205270481489695
0.0038434592606266665,-3.2951868209345266e-06,-0.002212365031269899,-2.212365031269899,-4.162415615369273,0.010833614356107635,-0.010833614356107635,-0.010833614356107635,-2.212365031269899
0.0038454592606266664,-3.312189032396481e-06,-0.0022192395648188345,-2.2192395648188343,-4.12727587118134,0.010600201702013923,-0.010600201702013923,-0.010600201702013923,-2.2192395648188343
0.003847459260626666,-3.328708487195226e-06,-0.002225894663714568,-2.225894663714568,-4.091484382288449,0.010364387325410451,-0.010364387325410451,-0.010364387325410451,-2.225894663714568
0.003849459260626666,-3.34474084866315e-06,-0.0022323308605584702,-2.23233086055847,-4.055046800581602,0.010126199666795179,-0.010126199666795177,-0.010126199666795177,-2.23233086055847
0.003851459260626666,-3.3602818368298157e-06,-0.0022385486399677857,-2.238548639967786,-4.017968879977361,0.009885668000053196,-0.009885668000053194,-0.009885668000053194,-2.238548639967786
0.0038534592606266657,-3.3753272301723128e-06,-0.0022445484395082235,-2.2445484395082236,-3.980256475509188,0.009642822422227582,-0.009642822422227582,-0.00964282242222758,-2.2445484395082236
0.0038554592606266655,-3.389872867348175e-06,-0.0022503306505708013,-2.250330650570801,-3.941915542402935,0.009397693843511854,-0.009397693843511856,-0.009397693843511854,-2.250330650570801
0.0038574592606266654,-3.40391464889921e-06,-0.0022558956191898313,-2.255895619189831,-3.902952135136392,0.009150313977480893,-0.009150313977480895,-0.009150313977480893,-2.255895619189831
0.003859459260626665,-3.4174485389422697e-06,-0.0022612436468099177,-2.2612436468099175,-3.863372406483264,0.008900715331518592,-0.008900715331518594,-0.008900715331518592,-2.2612436468099175
0.003861459260626665,-3.4304705668332693e-06,-0.0022663749909978487,-2.2663749909978486,-3.823182606541531,0.008648931197464902,-0.008648931197464904,-0.008648931197464902,-2.2663749909978486
0.003863459260626665,-3.442976828816041e-06,-0.0022712898661052653,-2.271289866105265,-3.7823890817464747,0.008394995642451164,-0.008394995642451164,-0.008394995642451164,-2.271289866105265
0.0038654592606266647,-3.4549634896485045e-06,-0.0022759884438802967,-2.275988443880297,-3.7409982738685654,0.008138943499934825,-0.008138943499934825,-0.008138943499934825,-2.275988443880297
0.0038674592606266645,-3.4664267842116178e-06,-0.0022804708540314182,-2.2804708540314182,-3.6990167189961847,0.007880810360915369,-0.007880810360915369,-0.007880810360915369,-2.2804708540314182
0.0038694592606266644,-3.4773630190990103e-06,-0.0022847371847436993,-2.2847371847436992,-3.6564510465035127,0.007620632565332297,-0.007620632565332297,-0.007620632565332297,-2.2847371847436992
0.003871459260626664,-3.4877685741900585e-06,-0.002288787483149455,-2.288787483149455,-3.6133079780036725,0.007358447193634541,-0.007358447193634543,-0.007358447193634543,-2.288787483149455
0.003873459260626664,-3.497639904203504e-06,-0.002292621755752997,-2.292621755752997,-3.569594326287311,0.0070942920585239655,-0.0070942920585239655,-0.0070942920585239655,-2.292621755752997
0.003875459260626664,-3.506973540234148e-06,-0.00229623996881125,-2.29623996881125,-3.5253169942467775,0.0068282056968640426,-0.0068282056968640426,-0.0068282056968640426,-2.29623996881125
0.0038774592606266637,-3.51576609127544e-06,-0.0022996420486720032,-2.2996420486720033,-3.4804829737860827,0.006560227361744886,-0.006560227361744886,-0.006560227361744886,-2.2996420486720033
0.0038794592606266635,-3.52401424572105e-06,-0.0023028278820677265,-2.3028278820677266,-3.4350993447167877,0.0062903970147170085,-0.0062903970147170085,-0.006290397014717006,-2.3028278820677266
0.0038814592606266633,-3.531714772855677e-06,-0.002305797316369465,-2.305797316369465,-3.389173273640041,0.006018755318169866,-0.006018755318169866,-0.006018755318169866,-2.305797316369465
0.003883459260626663,-3.5388645243254425e-06,-0.002308550159797542,-2.3085501597975417,-3.3427120128148298,0.005745343627873822,-0.005745343627873822,-0.005745343627873822,-2.3085501597975417
0.003885459260626663,-3.545460435597594e-06,-0.0023110861815932087,-2.311086181593209,-3.295722899012849,0.005470203985664666,-0.005470203985664668,-0.005470203985664668,-2.311086181593209
0.003887459260626663,-3.5514995274017726e-06,-0.0023134051121485996,-2.3134051121485997,-3.2482133523598815,0.005193379112284902,-0.005193379112284902,-0.005193379112284899,-2.3134051121485997
0.0038894592606266627,-3.5569789071592793e-06,-0.0023155066430976916,-2.3155066430976916,-3.2001908751640933,0.0049149124003688965,-0.004914912400368898,-0.004914912400368898,-2.3155066430976916
0.0038914592606266625,-3.5618957703967166e-06,-0.002317390427367095,-2.317390427367095,-3.151663050731327,0.004634847907579065,-0.004634847907579065,-0.004634847907579065,-2.317390427367095
0.0038934592606266623,-3.5662474021472046e-06,-0.002319056079187994,-2.319056079187994,-3.1026375421676127,0.00435323034988677,-0.004353230349886772,-0.004353230349886769,-2.319056079187994
0.003895459260626662,-3.5700311783392832e-06,-0.002320503174069346,-2.320503174069346,-3.0531220911690755,0.004070105094998498,-0.0040701050949985,-0.004070105094998497,-2.320503174069346
0.003897459260626662,-3.5732445671671843e-06,-0.002321731248729895,-2.3217312487298947,-3.0031245167994287,0.0037855181559418565,-0.0037855181559418583,-0.003785518155941856,-2.3217312487298947
0.003899459260626662,-3.575885130458197e-06,-0.0023227398009949443,-2.322739800994944,-2.952652714255255,0.0034995161847795053,-0.0034995161847795053,-0.0034995161847795053,-2.322739800994944
0.0039014592606266617,-3.5779505250186367e-06,-0.0023235282896506572,-2.3235282896506577,-2.9017146536192646,0.0032121464664922605,-0.0032121464664922605,-0.0032121464664922605,-2.3235282896506577
0.0039034592606266615,-3.5794385039747295e-06,-0.0023240961342619187,-2.324096134261919,-2.850318378601739,0.0029234569129990007,-0.0029234569129990007,-0.0029234569129990007,-2.324096134261919
0.0039054592606266613,-3.5803469180955047e-06,-0.002324442714948523,-2.324442714948523,-2.7984720052702783,0.002633496057343086,-0.0026334960573430877,-0.0026334960573430855,-2.324442714948523
0.003907459260626661,-3.5806737171140654e-06,-0.0023245673721256255,-2.3245673721256255,-2.7461837207682693,0.002342313048014688,-0.002342313048014688,-0.002342313048014688,-2.3245673721256255
0.003909459260626661,-3.580416951027182e-06,-0.0023244694062003537,-2.324469406200354,-2.6934617820219646,0.002049957643453393,-0.002049957643453393,-0.002049957643453393,-2.324469406200354
0.003911459260626662,-3.579574771394145e-06,-0.002324148077232109,-2.324148077232109,-2.640314514436679,0.001756480206692057,-0.001756480206692057,-0.001756480206692057,-2.324148077232109
0.003913459260626662,-3.578145432619105e-06,-0.002323602604549977,-2.323602604549977,-2.5867503105820666,0.0014619317001782761,-0.0014619317001782761,-0.0014619317001782761,-2.323602604549977
0.003915459260626662,-3.5761272932287224e-06,-0.002322832166331155,-2.322832166331155,-2.5327776288668673,0.0011663636807539568,-0.0011663636807539568,-0.0011663636807539568,-2.322832166331155
0.0039174592606266625,-3.5735188171388843e-06,-0.0023218358991373106,-2.3218358991373105,-2.4784049922031652,0.0008698282948103042,-0.0008698282948103042,-0.0008698282948103042,-2.3218358991373105
0.003919459260626663,-3.5703185749109193e-06,-0.0023206128974082923,-2.3206128974082922,-2.4236409866606117,0.0005723782736239968,-0.0005723782736239968,-0.0005723782736239968,-2.3206128974082922
0.003921459260626663,-3.5665252450032984e-06,-0.0023191622129146426,-2.3191622129146423,-2.3684942601105425,0.0002740669288661124,-0.0002740669288661124,-0.0002740669288661124,-2.3191622129146423
0.003923459260626663,-3.5621376150132407e-06,-0.002317482854165887,-2.3174828541658874,-2.3129735208603295,-2.505185169754398e-05,2.505185169754398e-05,2.505185169754398e-05,-2.3174828541658874
0.0039254592606266635,-3.55715458291327e-06,-0.0023155737857755558,-2.315573785775556,-2.2570875362783487,-0.0003249236083178175,0.0003249236083178175,0.0003249236083178175,-2.315573785775556
0.003927459260626664,-3.551575158278262e-06,-0.002313433927780179,-2.3134339277801788,-2.200845131409385,-0.0006254933131710771,0.0006254933131710771,0.0006254933131710771,-2.3134339277801788
0.003929459260626664,-3.5453984635081745e-06,-0.00231106215491313,-2.31106215491313,-2.144255187581165,-0.0009267053740664721,0.0009267053740664721,0.0009267053740664721,-2.31106215491313
0.003931459260626664,-3.5386237350455192e-06,-0.0023084572958317557,-2.3084572958317557,-2.0873266410018316,-0.0012285036379440228,0.0012285036379440228,0.0012285036379440228,-2.3084572958317557
0.003933459260626665,-3.5312503245850535e-06,-0.002305618132295546,-2.305618132295546,-2.0300684813488257,-0.0015308313941484481,0.0015308313941484464,0.0015308313941484464,-2.305618132295546
0.003935459260626665,-3.5232777002831434e-06,-0.002302543398296859,-2.3025433982968586,-1.9724897503493306,-0.0018336313774862667,0.0018336313774862667,0.0018336313774862667,-2.3025433982968586
0.003937459260626665,-3.5147054479569558e-06,-0.002299231779138974,-2.299231779138974,-1.914599540352412,-0.0021368457710364552,0.0021368457710364552,0.0021368457710364552,-2.299231779138974
0.003939459260626665,-3.5055332722878346e-06,-0.0022956819104654924,-2.2956819104654924,-1.8564069928933467,-0.0024404162087341436,0.002440416208734142,0.002440416208734143,-2.2956819104654924
0.003941459260626666,-3.495760998013579e-06,-0.002291892377233592,-2.2918923772335917,-1.797921297249934,-0.002744283777686986,0.0027442837776869844,0.002744283777686987,-2.2918923772335917
0.003943459260626666,-3.48538857112584e-06,-0.0022878617126357126,-2.2878617126357126,-1.7391516889915206,-0.003048389020245512,0.003048389020245512,0.003048389020245511,-2.2878617126357126
0.003945459260626666,-3.4744160600603485e-06,-0.0022835883969631716,-2.2835883969631716,-1.6801074485205465,-0.0033526719357923618,0.0033526719357923618,0.0033526719357923618,-2.2835883969631716
0.0039474592606266665,-3.4628436568886588e-06,-0.0022790708564132023,-2.279070856413202,-1.6207978996070103,-0.003657071982256621,0.003657071982256621,0.003657071982256621,-2.279070856413202
0.003949459260626667,-3.4506716785110347e-06,-0.0022743074618373532,-2.2743074618373536,-1.561232407916241,-0.003961528077339516,0.003961528077339516,0.003961528077339515,-2.2743074618373536
0.003951459260626667,-3.4379005678449016e-06,-0.002269296527427063,-2.269296527427063,-1.501420379529881,-0.004265978599428788,0.004265978599428788,0.00426597859942879,-2.269296527427063
0.003953459260626667,-3.4245308950204994e-06,-0.002264036309338814,-2.264036309338814,-1.4413712594605765,-0.004570361388212431,0.004570361388212429,0.004570361388212431,-2.264036309338814
0.0039554592606266675,-3.4105633585734873e-06,-0.002258525004252716,-2.258525004252716,-1.381094530160514,-0.004874613744956678,0.0048746137449566795,0.004874613744956679,-2.258525004252716
0.003957459260626668,-3.395998786644226e-06,-0.002252760747866018,-2.2527607478660183,-1.3205997100239666,-0.005178672432455843,0.005178672432455844,0.005178672432455843,-2.2527607478660183
0.003959459260626668,-3.380838138175887e-06,-0.0022467416133161383,-2.2467416133161384,-1.259896351884346,-0.00548247367462107,0.005482473674621069,0.005482473674621069,-2.2467416133161384
0.003961459260626668,-3.3650825041224067e-06,-0.002240465609535094,-2.240465609535094,-1.1989940415055635,-0.0057859531557196125,0.005785953155719614,0.005785953155719613,-2.240465609535094
0.003963459260626669,-3.348733108658826e-06,-0.0022339306795299265,-2.2339306795299265,-1.1379023960684476,-0.006089046019230439,0.006089046019230437,0.006089046019230439,-2.2339306795299265
0.003965459260626669,-3.3317913103951223e-06,-0.002227134698586923,-2.227134698586923,-1.0766310626520266,-0.006391686866304981,0.00639168686630498,0.00639168686630498,-2.227134698586923
0.003967459260626669,-3.3142586036039743e-06,-0.00222007547240118,-2.22007547240118,-1.0151897167100923,-0.006693809753839376,0.006693809753839375,0.0066938097538393766,-2.22007547240118
0.003969459260626669,-3.2961366194503814e-06,-0.002212750735123995,-2.212750735123995,-0.9535880605434542,-0.006995348192114114,0.006995348192114115,0.006995348192114115,-2.212750735123995
0.00397145926062667,-3.2774271272337667e-06,-0.002205158147329568,-2.2051581473295676,-0.891835821767678,-0.007296235142010499,0.007296235142010499,0.007296235142010499,-2.2051581473295676
0.00397345926062667,-3.2581320356386955e-06,-0.00219729529389669,-2.1972952938966905,-0.8299427517771907,-0.007596403011775,0.007596403011774999,0.007596403011774999,-2.1972952938966905
0.00397545926062667,-3.2382533939982154e-06,-0.0021891596818042172,-2.189159681804217,-0.7679186242051785,-0.007895783653327992,0.007895783653327992,0.007895783653327992,-2.189159681804217
0.0039774592606266704,-3.2177933935669395e-06,-0.002180748737836327,-2.180748737836327,-0.7057732333804094,-0.008194308358088431,0.008194308358088431,0.008194308358088431,-2.180748737836327
0.003979459260626671,-3.1967543688124267e-06,-0.0021720598061982462,-2.1720598061982463,-0.6435163927805241,-0.00849190785232068,0.00849190785232068,0.00849190785232068,-2.1720598061982463
0.003981459260626671,-3.175138798716078e-06,-0.002163090146036079,-2.1630901460360787,-0.5811579334823225,-0.008788512291965313,0.008788512291965311,0.008788512291965313,-2.1630901460360787
0.003983459260626671,-3.152949308092039e-06,-0.0021538369288614466,-2.1538369288614465,-0.5187077026094274,-0.009084051256955663,0.00908405125695566,0.00908405125695566,-2.1538369288614465
0.0039854592606266715,-3.1301886689253666e-06,-0.0021442972358788792,-2.144297235878879,-0.45617556177725754,-0.00937845374500901,0.009378453745009008,0.009378453745009008,-2.144297235878879
0.003987459260626672,-3.1068598017245893e-06,-0.002134468055211388,-2.1344680552113884,-0.3935713855357104,-0.009671648164864878,0.009671648164864877,0.009671648164864878,-2.1344680552113884
0.003989459260626672,-3.0829657768963496e-06,-0.00212434627902506,-2.12434627902506,-0.33090505980998075,-0.009963562328972662,0.009963562328972664,0.009963562328972664,-2.12434627902506
0.003991459260626672,-3.0585098161421047e-06,-0.002113928700550545,-2.1139287005505447,-0.2681864803393162,-0.010254123445617937,0.010254123445617935,0.010254123445617937,-2.1139287005505447
0.003993459260626673,-3.0334952938746246e-06,-0.002103212010998624,-2.103212010998624,-0.20542555111448968,-0.010543258110467413,0.010543258110467413,0.010543258110467413,-2.103212010998624
0.003995459260626673,-3.0079257386592043e-06,-0.0020921927963703695,-2.0921927963703695,-0.14263218281377368,-0.010830892297536645,0.010830892297536643,0.010830892297536643,-2.0921927963703695
0.003997459260626673,-2.981804834681659e-06,-0.0020808675341616907,-2.0808675341616905,-0.07981629123794666,-0.011116951349576356,0.011116951349576354,0.011116951349576354,-2.0808675341616905
0.003999459260626673,-2.95513642324007e-06,-0.0020692325899603625,-2.0692325899603627,-0.01698779574449111,-0.011401359967865954,0.011401359967865954,0.011401359967865954,-2.0692325899603627
0.004001459260626674,-2.927924504266854e-06,-0.0020572842139383292,-2.0572842139383294,0.04584338231885903,-0.011684042201428825,0.011684042201428824,0.011684042201428824,-2.0572842139383294
0.004003459260626674,-2.900173237878568e-06,-0.002045018537238924,-2.045018537238924,0.1086673211806899,-0.011964921435664522,0.011964921435664522,0.011964921435664522,-2.045018537238924
0.004005459260626674,-2.8718869459569532e-06,-0.0020324315682620866,-2.0324315682620866,0.17147410021281256,-0.012243920380416107,0.012243920380416107,0.012243920380416107,-2.0324315682620866
0.004007459260626674,-2.8430701137620063e-06,-0.002019519188850564,-2.019519188850564,0.23425380149673852,-0.012520961057485014,0.012520961057485014,0.012520961057485014,-2.019519188850564
0.004009459260626675,-2.8137273915773595e-06,-0.0020062771503810252,-2.0062771503810253,0.2969965113897987,-0.01279596478761569,0.012795964787615688,0.012795964787615688,-2.0062771503810253
0.004011459260626675,-2.783863596392942e-06,-0.001992701069767559,-1.9927010697675587,0.3596923220908709,-0.013068852176991275,0.013068852176991275,0.013068852176991275,-1.9927010697675587
0.004013459260626675,-2.753483713617597e-06,-0.001978786425381181,-1.9787864253811809,0.4223313332045637,-0.013339543103254137,0.013339543103254137,0.013339543103254137,-1.9787864253811809
0.0040154592606266755,-2.7225928988346424e-06,-0.001964528552900021,-1.9645285529000212,0.48490365330494106,-0.01360795670113868,0.01360795670113868,0.01360795670113868,-1.9645285529000212
0.004017459260626676,-2.6911964795918835e-06,-0.0019499226410975403,-1.9499226410975403,0.5473994014972625,-0.013874011347748905,0.013874011347748905,0.013874011347748905,-1.9499226410975403
0.004019459260626676,-2.6592999572278458e-06,-0.0019349637275832632,-1.9349637275832632,0.6098087089784499,-0.014137624647565074,0.014137624647565072,0.014137624647565072,-1.9349637275832632
0.004021459260626676,-2.6269090087412134e-06,-0.0019196466945160633,-1.9196466945160633,0.6721217205953451,-0.014398713417285602,0.014398713417285602,0.014398713417285602,-1.9196466945160633
0.0040234592606266766,-2.59402948869411e-06,-0.0019039662643060527,-1.9039662643060526,0.7343285964010938,-0.014657193670595259,0.014657193670595259,0.014657193670595259,-1.9039662643060526
0.004025459260626677,-2.5606674311610803e-06,-0.0018879169953350263,-1.8879169953350263,0.7964195132088812,-0.014912980603021708,0.014912980603021708,0.014912980603021708,-1.8879169953350263
0.004027459260626677,-2.526829051708009e-06,-0.0018714932777172742,-1.8714932777172741,0.8583846661431096,-0.015165988577002132,0.015165988577002132,0.015165988577002132,-1.8714932777172741
0.004029459260626677,-2.4925207494166602e-06,-0.001854689329142726,-1.854689329142726,0.9202142701878611,-0.01541613110739215,0.01541613110739215,0.01541613110739215,-1.854689329142726
0.004031459260626678,-2.457749108941628e-06,-0.0018374991908371738,-1.8374991908371738,0.98189856173187,-0.0156633208476058,0.0156633208476058,0.0156633208476058,-1.8374991908371738
0.004033459260626678,-2.422520902602933e-06,-0.0018199167236891505,-1.8199167236891505,1.0434278001104698,-0.015907469576664557,0.015907469576664557,0.015907469576664557,-1.8199167236891505
0.004035459260626678,-2.386843092510469e-06,-0.0018019356045980768,-1.8019356045980768,1.1047922691436156,-0.016148488187453847,0.016148488187453847,0.016148488187453847,-1.8019356045980768
0.004037459260626678,-2.350722832718697e-06,-0.0017835493231088315,-1.7835493231088315,1.1659822786703402,-0.016386286676550954,0.016386286676550954,0.016386286676550954,-1.7835493231088315
0.004039459260626679,-2.3141674714046713e-06,-0.0017647511784061297,-1.7647511784061296,1.2269881660787154,-0.016620774136026917,0.016620774136026917,0.016620774136026917,-1.7647511784061296
0.004041459260626679,-2.27718455306579e-06,-0.0017455342767561395,-1.7455342767561395,1.2878002978320204,-0.016851858747712,0.016851858747712,0.016851858747712,-1.7455342767561395
0.004043459260626679,-2.239781820731314e-06,-0.001725891529495809,-1.725891529495809,1.3484090709896088,-0.017079447780474544,0.017079447780474544,0.017079447780474544,-1.725891529495809
0.0040454592606266795,-2.2019672181785996e-06,-0.0017058156516849454,-1.7058156516849454,1.4088049147236512,-0.01730344759115887,0.01730344759115887,0.01730344759115887,-1.7058156516849454
0.00404745926062668,-2.1637488921441706e-06,-0.001685299161553993,-1.685299161553993,1.4689782918302736,-0.017523763629912592,0.017523763629912592,0.017523763629912592,-1.685299161553993
0.00404945926062668,-2.125135194521159e-06,-0.0016643343809020813,-1.6643343809020812,1.5289197002356627,-0.017740300450765245,0.017740300450765245,0.017740300450765245,-1.6643343809020812
0.00405145926062668,-2.086134684524395e-06,-0.001642913436618138,-1.6429134366181384,1.5886196744966188,-0.017952961728415318,0.017952961728415318,0.017952961728415318,-1.6429134366181384
0.0040534592606266805,-2.0467561308134345e-06,-0.0016210282635292321,-1.6210282635292321,1.648068787295058,-0.018161650282357167,0.018161650282357167,0.018161650282357167,-1.6210282635292321
0.004055459260626681,-2.007008513549007e-06,-0.0015986706088025378,-1.5986706088025378,1.7072576509270134,-0.01836626810960862,0.01836626810960862,0.01836626810960862,-1.5986706088025378
0.004057459260626681,-1.966901026365183e-06,-0.0015758320381645578,-1.5758320381645576,1.766176918784696,-0.018566716427495855,0.018566716427495855,0.018566716427495855,-1.5758320381645576
0.004059459260626681,-1.92644307822708e-06,-0.001552503944232182,-1.5525039442321822,1.8248172868327468,-0.018762895728138496,0.018762895728138496,0.018762895728138496,-1.5525039442321822
0.004061459260626682,-1.8856442951507795e-06,-0.0015286775572958902,-1.5286775572958902,1.8831694950772366,-0.018954705846517372,0.018954705846517372,0.018954705846517372,-1.5286775572958902
0.004063459260626682,-1.844514521743963e-06,-0.0015043439589318,-1.5043439589318,1.941224329028077,-0.01914204604422154,0.01914204604422154,0.01914204604422154,-1.5043439589318
0.004065459260626682,-1.8030638225305666e-06,-0.0014794940988729483,-1.4794940988729484,1.998972621153961,-0.019324815111260607,0.019324815111260607,0.019324815111260607,-1.4794940988729484
0.004067459260626682,-1.7613024830162713e-06,-0.0014541188156226752,-1.4541188156226754,2.0564052523301717,-0.01950291148862693,0.01950291148862693,0.01950291148862693,-1.4541188156226754
0.004069459260626683,-1.7192410104360624e-06,-0.0014282088613444888,-1.4282088613444888,2.113513153278417,-0.019676233414571698,0.019676233414571698,0.019676233414571698,-1.4282088613444888
0.004071459260626683,-1.6768901341305468e-06,-0.0014017549316310113,-1.4017549316310114,2.1702873059991217,-0.019844679097945184,0.019844679097945184,0.019844679097945184,-1.4017549316310114
0.004073459260626683,-1.634260805477952e-06,-0.0013747477008119319,-1.3747477008119318,2.2267187451954564,-0.02000814692226327,0.02000814692226327,0.02000814692226327,-1.3747477008119318
0.0040754592606266835,-1.591364197306751e-06,-0.0013471778635313052,-1.3471778635313054,2.282798559688966,-0.020166535684557063,0.020166535684557063,0.020166535684557063,-1.3471778635313054
0.004077459260626684,-1.5482117027018483e-06,-0.0013190361833906078,-1.3190361833906077,2.3385178938268765,-0.020319744873430468,0.020319744873430468,0.020319744873430468,-1.3190361833906077
0.004079459260626684,-1.5048149331044297e-06,-0.0012903135495184878,-1.2903135495184879,2.3938679488803762,-0.0204676749911048,0.0204676749911048,0.0204676749911048,-1.2903135495184879
0.004081459260626684,-1.4611857155971625e-06,-0.0012610010419918782,-1.2610010419918782,2.4488399844341813,-0.02061022792458922,0.02061022792458922,0.02061022792458922,-1.2610010419918782
0.0040834592606266845,-1.417336089252144e-06,-0.001231090007085633,-1.231090007085633,2.5034253197665595,-0.02074730737140107,0.02074730737140107,0.02074730737140107,-1.231090007085633
0.004085459260626685,-1.3732783004048166e-06,-0.0012005721433675988,-1.2005721433675989,2.5576153352203344,-0.020878819325488518,0.020878819325488518,0.020878819325488518,-1.2005721433675989
0.004087459260626685,-1.3290247967071716e-06,-0.0011694395996794294,-1.1694395996794293,2.6114014735638458,-0.021004672629129306,0.021004672629129306,0.021004672629129306,-1.1694395996794293
0.004089459260626685,-1.2845882197957967e-06,-0.0011376850860342147,-1.1376850860342147,2.6647752413423698,-0.02112477959653658,0.02112477959653658,0.02112477959653658,-1.1376850860342147
0.004091459260626686,-1.2399813964001253e-06,-0.001105301998420209,-1.105301998420209,2.717728210219246,-0.02123905671466364,0.02123905671466364,0.02123905671466364,-1.105301998420209
0.004093459260626686,-1.195217327702383e-06,-0.0010722845584061921,-1.0722845584061922,2.7702520183067794,-0.021347425426183175,0.021347425426183175,0.021347425426183175,-1.0722845584061922
0.004095459260626686,-1.150309176750786e-06,-0.0010386279682891404,-1.0386279682891404,2.8223383714868855,-0.021449812998755702,0.021449812998755702,0.021449812998755702,-1.0386279682891404
0.004097459260626686,-1.105270253718048e-06,-0.00100432858229057,-1.00432858229057,2.8739790447205205,-0.021546153483394948,0.021546153483394948,0.021546153483394948,-1.00432858229057
0.004099459260626687,-1.060113998795459e-06,-0.0009693840939817227,-0.9693840939817226,2.9251658833467866,-0.021636388762936165,0.021636388762936165,0.021636388762936165,-0.9693840939817226
0.004101459260626687,-1.0148539625097475e-06,-0.0009337937396749184,-0.9337937396749183,2.975890804370459,-0.021720469689140987,0.021720469689140987,0.021720469689140987,-0.9337937396749183
0.004103459260626687,-9.69503783260076e-07,-0.0008975585169513954,-0.8975585169513955,3.026145797738515,-0.021798357303832838,0.021798357303832838,0.021798357303832838,-0.8975585169513955
0.0041054592606266874,-9.240771618870282e-07,-0.0008606814167829215,-0.8606814167829215,3.075922927604898,-0.021870024135487887,0.021870024135487887,0.021870024135487887,-0.8606814167829215
0.004107459260626688,-8.785878331100369e-07,-0.0008231676668384415,-0.8231676668384416,3.125214333583797,-0.02193545555790133,0.02193545555790133,0.02193545555790133,-0.8231676668384416
0.004109459260626688,-8.330495337108253e-07,-0.0007850249825503894,-0.7850249825503894,3.174012231990776,-0.021994651191895365,0.021994651191895365,0.021994651191895365,-0.7850249825503894
0.004111459260626688,-7.87475967390501e-07,-0.0007462638213512305,-0.7462638213512305,3.2223089170720334,-0.022047626324573688,0.022047626324573688,0.022047626324573688,-0.7462638213512305
0.0041134592606266885,-7.418807662968441e-07,-0.000706897634212484,-0.706897634212484,3.27009676222108,-0.0220944133135198,0.0220944133135198,0.0220944133135198,-0.706897634212484
0.004115459260626689,-6.962774493059908e-07,-0.0006669431072729007,-0.6669431072729006,3.3173682211831954,-0.0221350629358672,0.0221350629358672,0.0221350629358672,-0.6669431072729006
0.004117459260626689,-6.506793772431612e-07,-0.000626420384996301,-0.626420384996301,3.364115829247046,-0.022169645634685264,0.022169645634685264,0.022169645634685264,-0.626420384996301
0.004119459260626689,-6.050997053501292e-07,-0.0005853532650604292,-0.5853532650604292,3.410332204423378,-0.022198252608243374,0.022198252608243374,0.022198252608243374,-0.5853532650604292
0.0041214592606266896,-5.595513334405935e-07,-0.0005437693541629067,-0.5437693541629067,3.4560100486108327,-0.022220996682076333,0.022220996682076333,0.022220996682076333,-0.5437693541629067
0.00412345926062669,-5.140468543308693e-07,-0.0005017001732909647,-0.5017001732909647,3.5011421487482326,-0.022238012900217763,0.022238012900217763,0.022238012900217763,-0.5017001732909647
0.00412545926062669,-4.6859850128507764e-07,-0.0004591812008958858,-0.45918120089588577,3.545721377953856,-0.022249458771387454,0.022249458771387454,0.022249458771387457,-0.45918120089588577
0.00412745926062669,-4.232180953606723e-07,-0.000416251842993622,-0.41625184299362195,3.589740696650569,-0.022255514109134397,0.0222555141091344,0.0222555141091344,-0.41625184299362195
0.004129459260626691,-3.7791699367520234e-07,-0.0003729553206126983,-0.3729553206126983,3.633193153677699,-0.02225638041272443,0.02225638041272443,0.022256380412724427,-0.3729553206126983
0.004131459260626691,-3.327060397262372e-07,-0.0003293384673078794,-0.3293384673078794,3.676071887388552,-0.022252279748313508,0.022252279748313508,0.02225227974831351,-0.3293384673078794
0.004133459260626691,-2.875955169702472e-07,-0.0002854514326550381,-0.28545143265503814,3.718370126733997,-0.02224345310771686,0.02224345310771686,0.022243453107716863,-0.28545143265503814
0.004135459260626691,-2.425951068939101e-07,-0.00024134729164622647,-0.24134729164622648,3.7600811923317394,-0.022230158244322035,0.022230158244322035,0.022230158244322035,-0.24134729164622648
0.004137459260626692,-1.977138527821565e-07,-0.00019708156450774572,-0.19708156450774572,3.8011984975209345,-0.02221266701127045,0.02221266701127045,0.02221266701127045,-0.19708156450774572
0.004139459260626692,-1.5296013029580305e-07,-0.00015271165635661043,-0.15271165635661044,3.841715549402514,-0.02219126225421736,0.02219126225421736,0.02219126225421736,-0.15271165635661044
0.004141459260626692,-1.0834162581678448e-07,-0.00010829623089614993,-0.10829623089614993,3.8816259498642407,-0.022166234337557725,0.022166234337557725,0.022166234337557728,-0.10829623089614993
0.0041434592606266925,-6.38653233051718e-08,-6.389453659021749e-05,-0.06389453659021749,3.9209233965912595,-0.022137877406563762,0.022137877406563762,0.022137877406563762,-0.06389453659021749
0.004145459260626693,-1.953768871307088e-08,-1.9536943008162223e-05,-0.019536943008162222,3.9596016840611585,-0.022106325705940674,0.022106325705940674,0.02210632570594067,-0.019536943008162222
0.004147459260626693,2.4635893040357833e-08,2.463158111654451e-05,0.02463158111654451,3.997654704523997,-0.022072350685596962,0.022072350685596962,0.02207235068559696,0.02463158111654451
0.004149459260626693,6.865072221398398e-08,6.86412173903852e-05,0.0686412173903852,4.035076448966697,-0.022035751286535066,0.022035751286535066,0.022035751286535066,0.0686412173903852
0.0041514592606266935,1.1250238426421791e-07,0.00011240817920864155,0.11240817920864155,4.071861008062036,-0.021996960160296633,0.021996960160296633,0.021996960160296637,0.11240817920864155
0.004153459260626694,1.561872897093923e-07,0.000155880465733667,0.15588046573366698,4.10800257310168,-0.021956233929822294,0.021956233929822294,0.021956233929822294,0.15588046573366698
0.004155459260626694,1.997024458516744e-07,0.000199009283762166,0.19900928376216598,4.143495436913545,-0.021913811961952107,0.021913811961952107,0.021913811961952107,0.19900928376216598
0.004157459260626694,2.430454133484643e-07,0.0002417494300121912,0.24174943001219118,4.178333994763007,-0.021869914248615646,0.021869914248615646,0.021869914248615646,0.24174943001219118
0.004159459260626695,2.8621425832719115e-07,0.00028405959018228,0.28405959018228,4.212512745237904,-0.021824739750309022,0.02182473975030902,0.021824739750309022,0.28405959018228
0.004161459260626695,3.2920750124259866e-07,0.000325902538276992,0.325902538276992,4.246026291117339,-0.02177846529355748,0.02177846529355748,0.021778465293557484,0.325902538276992
0.004163459260626695,3.7202406376220947e-07,0.00036724523952975344,0.3672452395297534,4.278869340223899,-0.021731245003856366,0.02173124500385637,0.021731245003856366,0.3672452395297534
0.004165459260626695,4.1466321489711223e-07,0.00040805886402946705,0.4080588640294671,4.311036706259428,-0.021683210234610898,0.021683210234610895,0.021683210234610898,0.4080588640294671
0.004167459260626696,4.5712451748347204e-07,0.00044831872100441217,0.44831872100441217,4.342523309623899,-0.02163446993677493,0.021634469936774925,0.02163446993677493,0.44831872100441217
0.004169459260626696,4.994077759772631e-07,0.00048800412557016505,0.48800412557016504,4.373324178217661,-0.0215851114035972,0.0215851114035972,0.0215851114035972,0.48800412557016504
0.004171459260626696,5.415129863644979e-07,0.0005270982106540449,0.5270982106540449,4.403434448226492,-0.02153520131984693,0.02153520131984693,0.02153520131984693,0.5270982106540449
0.0041734592606266965,5.834402888212602e-07,0.0005655876968839575,0.5655876968839575,4.432849364889725,-0.021484787044476487,0.021484787044476483,0.021484787044476487,0.5655876968839575
0.004175459260626697,6.251899235951735e-07,0.0006034626326409641,0.603462632640964,4.461564283251028,-0.0214338980589448,0.0214338980589448,0.0214338980589448,0.603462632640964
0.004177459260626697,6.667621904254871e-07,0.0006407161153984004,0.6407161153984005,4.489574668891889,-0.021382547519408268,0.021382547519408268,0.021382547519408268,0.6407161153984005
0.004179459260626697,7.081574116840841e-07,0.0006773440040870711,0.6773440040870713,4.516876098647754,-0.021330733858670462,0.02133073385867046,0.02133073385867046,0.6773440040870713
0.0041814592606266975,7.49375899300281e-07,0.0007133446306843188,0.7133446306843187,4.5434642613063385,-0.021278442392344554,0.021278442392344554,0.021278442392344554,0.7133446306843187
0.004183459260626698,7.904179254367135e-07,0.0007487185176577746,0.7487185176577746,4.569334958288561,-0.021225646892393257,0.021225646892393257,0.021225646892393257,0.7487185176577746
0.004185459260626698,8.312836968046509e-07,0.0007834681063906169,0.7834681063906168,4.5944841043114515,-0.021172311099560193,0.021172311099560193,0.021172311099560193,0.7834681063906168
0.004187459260626698,8.719733324512782e-07,0.000817597500345649,0.817597500345649,4.618907728033329,-0.021118390153820443,0.021118390153820443,0.021118390153820443,0.817597500345649
0.004189459260626699,9.124868448078626e-07,0.0008511122255202644,0.8511122255202643,4.642601972680866,-0.021063831928670007,0.021063831928670007,0.021063831928670007,0.8511122255202643
0.004191459260626699,9.528241237620363e-07,0.0008840190097270737,0.8840190097270737,4.665563096658173,-0.021008578260728328,0.021008578260728328,0.021008578260728328,0.8840190097270737
0.004193459260626699,9.929849235023834e-07,0.0009163255814017055,0.9163255814017055,4.687787474137589,-0.020952566070754908,0.020952566070754908,0.020952566070754908,0.9163255814017055
0.004195459260626699,1.0329688518795913e-06,0.0009480404879818973,0.9480404879818973,4.709271595632293,-0.02089572837583553,0.02089572837583553,0.02089572837583553,0.9480404879818973
0.0041974592606267,1.0727753620293646e-06,0.0009791729333997604,0.9791729333997603,4.730012068550432,-0.02083799519528151,0.02083799519528151,0.02083799519528151,0.9791729333997603
0.0041994592606267,1.1124037460121608e-06,0.0010097326338661483,1.0097326338661485,4.750005617730903,-0.02077929435480419,0.02077929435480419,0.02077929435480419,1.0097326338661485
0.0042014592606267,1.151853130237135e-06,0.001039729690876456,1.039729690876456,4.769249085960527,-0.020719552194911506,0.020719552194911506,0.020719552194911506,1.039729690876456
0.0042034592606267004,1.191122472451365e-06,0.0010691744802101954,1.0691744802101955,4.787739434472583,-0.0206586941903466,0.020658694190346605,0.0206586941903466,1.0691744802101955
0.004205459260626701,1.230210560093667e-06,0.0010980775556162863,1.0980775556162863,4.80547374342671,-0.020596645487835685,0.020596645487835685,0.020596645487835685,1.0980775556162863
0.004207459260626701,1.2691160098295699e-06,0.0011264495658512069,1.1264495658512068,4.822449212369915,-0.02053333136954838,0.02053333136954838,0.02053333136954838,1.1264495658512068
0.004209459260626701,1.3078372680991063e-06,0.0011543011837533098,1.1543011837533097,4.838663160678897,-0.020468677649586597,0.020468677649586597,0.020468677649586597,1.1543011837533097
0.0042114592606267015,1.3463726125293915e-06,0.0011816430460873588,1.181643046087359,4.854113027983235,-0.020402611010532645,0.020402611010532645,0.020402611010532645,1.181643046087359
0.004213459260626702,1.3847201540776093e-06,0.0012084857029602016,1.2084857029602016,4.868796374569796,-0.02033505928671997,0.02033505928671997,0.02033505928671997,1.2084857029602016
0.004215459260626702,1.4228778397860986e-06,0.0012348395756908096,1.2348395756908097,4.882710881767929,-0.020265951700428442,0.020265951700428442,0.020265951700428442,1.2348395756908097
0.004217459260626702,1.4608434560454206e-06,0.0012607149221065246,1.2607149221065246,4.895854352315656,-0.020195219056717395,0.020195219056717395,0.020195219056717395,1.2607149221065246
0.004219459260626703,1.4986146322738285e-06,0.001286121808328005,1.286121808328005,4.908224710706611,-0.020122793902103364,0.020122793902103364,0.020122793902103364,1.286121808328005
0.004221459260626703,1.5361888449332327e-06,0.0013110700861954526,1.3110700861954525,4.9198200035177875,-0.02004861065179075,0.020048610651790755,0.02004861065179075,1.3110700861954525
0.004223459260626703,1.5735634218128253e-06,0.0013355693755760037,1.3355693755760036,4.930638399718056,-0.01997260568967807,0.01997260568967807,0.01997260568967807,1.3355693755760036
0.004225459260626703,1.6107355465210022e-06,0.0013596290508744683,1.3596290508744682,4.94067819095723,-0.01989471744490423,0.01989471744490423,0.01989471744490423,1.3596290508744682
0.004227459260626704,1.6477022631322294e-06,0.0013832582311447555,1.3832582311447554,4.949937791835895,-0.019814886448284108,0.019814886448284108,0.019814886448284108,1.3832582311447554
0.004229459260626704,1.6844604809476265e-06,0.0014064657732730881,1.406465773273088,4.958415740155727,-0.01973305537157022,0.01973305537157022,0.01973305537157022,1.406465773273088
0.004231459260626704,1.7210069793302746e-06,0.0014292602677655956,1.4292602677655957,4.9661106971504125,-0.01964916905213787,0.01964916905213787,0.01964916905213787,1.4292602677655957
0.004233459260626704,1.757338412583304e-06,0.0014516500367320459,1.4516500367320457,4.973021447697034,-0.019563174505361047,0.019563174505361047,0.019563174505361047,1.4516500367320457
0.004235459260626705,1.7934513148449061e-06,0.0014736431337103964,1.4736431337103966,4.979146900507974,-0.019475020926653208,0.019475020926653208,0.019475020926653208,1.4736431337103966
0.004237459260626705,1.8293421049776787e-06,0.001495247345022796,1.495247345022796,4.984486088303217,-0.019384659684891226,0.019384659684891226,0.019384659684891226,1.495247345022796
0.004239459260626705,1.8650070914339345e-06,0.0015164701923953432,1.5164701923953432,4.989038167963125,-0.0192920443087099,0.0192920443087099,0.0192920443087099,1.5164701923953432
0.0042414592606267055,1.9004424770804403e-06,0.0015373189366096973,1.5373189366096973,4.992802420661544,-0.019197130466954704,0.019197130466954704,0.019197130466954704,1.5373189366096973
0.004243459260626706,1.9356443639732424e-06,0.0015578005819894783,1.5578005819894782,4.995778251979338,-0.01909987594438811,0.01909987594438811,0.01909987594438811,1.5578005819894782
0.004245459260626706,1.9706087580676644e-06,0.0015779218815478782,1.5779218815478782,4.997965191998247,-0.019000240613613162,0.019000240613613162,0.019000240613613162,1.5779218815478782
0.004247459260626706,2.0053315738612493e-06,0.0015976893426540312,1.5976893426540313,4.9993628953750875,-0.018898186404005868,0.018898186404005868,0.018898186404005868,1.5976893426540313
0.0042494592606267065,2.0398086389576382e-06,0.0016171092330903552,1.6171092330903551,4.999971141396296,-0.018793677268366338,0.018793677268366338,0.018793677268366338,1.6171092330903551
0.004251459260626707,2.074035698553352e-06,0.001636187587399224,1.636187587399224,4.999789834012772,-0.018686679147853047,0.018686679147853047,0.018686679147853047,1.636187587399224
0.004253459260626707,2.1080084198362122e-06,0.001654930213425165,1.6549302134251649,4.998819001855057,-0.01857715993572162,0.01857715993572162,0.01857715993572162,1.6549302134251649
0.004255459260626707,2.141722396299858e-06,0.0016733426989813918,1.6733426989813918,4.997058798228799,-0.01846508944026337,0.01846508944026337,0.01846508944026337,1.6733426989813918
0.004257459260626708,2.175173151969732e-06,0.0016914304185758446,1.6914304185758446,4.994509501090557,-0.01835043934730396,0.01835043934730396,0.01835043934730396,1.6914304185758446
0.004259459260626708,2.208356145540941e-06,0.00170919854014491,1.70919854014491,4.991171513003903,-0.01823318318254996,0.01823318318254996,0.01823318318254996,1.70919854014491
0.004261459260626708,2.241266774425665e-06,0.0017266520317502055,1.7266520317502057,4.987045361075849,-0.018113296274031354,0.018113296274031354,0.018113296274031354,1.7266520317502057
0.004263459260626708,2.273900378714528e-06,0.0017437956682049354,1.7437956682049354,4.982131696873616,-0.017990755714826,0.017990755714826,0.017990755714826,1.7437956682049354
0.004265459260626709,2.3062522450499306e-06,0.0017606340375992257,1.7606340375992255,4.976431296321745,-0.017865540326236218,0.017865540326236218,0.017865540326236218,1.7606340375992255
0.004267459260626709,2.3383176104123245e-06,0.0017771715477010444,1.7771715477010446,4.969945059579562,-0.017737630621547318,0.017737630621547318,0.017737630621547318,1.7771715477010446
0.004269459260626709,2.3700916658244397e-06,0.00179341243221607,1.79341243221607,4.9626740108990415,-0.017607008770460952,0.017607008770460952,0.017607008770460952,1.79341243221607
0.0042714592606267095,2.401569559969967e-06,0.001809360756889406,1.8093607568894061,4.954619298463056,-0.017473658564298056,0.017473658564298056,0.017473658564298056,1.8093607568894061
0.00427345926062671,2.4327464027338854e-06,0.0018250204254410712,1.8250204254410711,4.945782194204076,-0.017337565382016695,0.017337565382016695,0.017337565382016695,1.8250204254410711
0.00427545926062671,2.463617268662447e-06,0.001840395185325243,1.8403951853252432,4.9361640936033035,-0.017198716157100336,0.017198716157100336,0.017198716157100336,1.8403951853252432
0.00427745926062671,2.494177200346326e-06,0.0018554886333085943,1.8554886333085943,4.925766515470324,-0.01705709934534294,0.01705709934534294,0.01705709934534294,1.8554886333085943
0.0042794592606267105,2.5244212117309076e-06,0.0018703042208652453,1.8703042208652452,4.914591101703248,-0.01691270489354446,0.01691270489354446,0.01691270489354446,1.8703042208652452
0.004281459260626711,2.55434429135327e-06,0.0018848452593853845,1.8848452593853846,4.902639617029468,-0.016765524209133797,0.016765524209133797,0.016765524209133797,1.8848452593853846
0.004283459260626711,2.5839414055086646e-06,0.001899114925197697,1.899114925197697,4.889913948726962,-0.016615550130718137,0.016615550130718137,0.016615550130718137,1.899114925197697
0.004285459260626711,2.6132075013493014e-06,0.0019131162644069057,1.9131162644069057,4.876416106326266,-0.016462776899552,0.016462776899552,0.016462776899552,1.9131162644069057
0.004287459260626712,2.6421375099188496e-06,0.0019268521975489765,1.9268521975489765,4.862148221293177,-0.016307200131912225,0.016307200131912225,0.016307200131912225,1.9268521975489765
0.004289459260626712,2.670726349121482e-06,0.0019403255240651243,1.9403255240651243,4.847112546692126,-0.016148816792372234,0.016148816792372234,0.016148816792372234,1.9403255240651243
0.004291459260626712,2.6989689266312907e-06,0.0019535389265998068,1.9535389265998067,4.831311456830456,-0.01598762516794805,0.01598762516794805,0.01598762516794805,1.9535389265998067
0.004293459260626712,2.7268601427403484e-06,0.0019664949751247453,1.9664949751247454,4.8147474468833975,-0.015823624843103623,0.015823624843103623,0.015823624843103623,1.9664949751247454
0.004295459260626713,2.754394893152974e-06,0.001979196130895853,1.9791961308958532,4.797423132500163,-0.0156568166755795,0.0156568166755795,0.0156568166755795,1.9791961308958532
0.004297459260626713,2.7815680717206104e-06,0.001991644750244018,1.991644750244018,4.779341249390808,-0.015487202773037723,0.015487202773037723,0.015487202773037723,1.991644750244018
0.004299459260626713,2.8083745731256303e-06,0.0020038430882075168,2.0038430882075167,4.760504652894299,-0.015314786470482122,0.015314786470482122,0.015314786470482122,2.0038430882075167
0.0043014592606267135,2.834809295514242e-06,0.002015793302010092,2.015793302010092,4.740916317527571,-0.015139572308430436,0.015139572308430438,0.015139572308430438,2.015793302010092
0.004303459260626714,2.860867143078301e-06,0.002027497454388718,2.027497454388718,4.720579336515853,-0.014961566011817418,0.014961566011817418,0.014961566011817418,2.027497454388718
0.004305459260626714,2.8865430285884414e-06,0.002038957516776376,2.0389575167763763,4.6994969213042195,-0.01478077446959913,0.014780774469599134,0.014780774469599129,2.0389575167763763
0.004307459260626714,2.9118318758840694e-06,0.002050175372346512,2.050175372346512,4.677672401050409,-0.014597205715021652,0.014597205715021655,0.01459720571502165,2.050175372346512
0.0043094592606267145,2.9367286223141785e-06,0.0020611528189206467,2.0611528189206467,4.655109222099181,-0.014410868906547416,0.014410868906547414,0.014410868906547414,2.0611528189206467
0.004311459260626715,2.9612282211394766e-06,0.002071891571748003,2.0718915717480026,4.631810947438039,-0.014221774309389092,0.01422177430938909,0.01422177430938909,2.0718915717480026
0.004313459260626715,2.98532564388867e-06,0.002082393266158024,2.0823932661580242,4.607781256134646,-0.014029933277647897,0.014029933277647899,0.014029933277647899,2.0823932661580242
0.004315459260626715,3.0090158826770353e-06,0.00209265946009343,2.0926594600934303,4.5830239427558075,-0.013835358237013205,0.013835358237013207,0.013835358237013207,2.0926594600934303
0.004317459260626716,3.032293952485289e-06,0.002102691636526809,2.102691636526809,4.557542916768317,-0.013638062668008377,0.013638062668008377,0.013638062668008377,2.102691636526809
0.004319459260626716,3.0551548934008733e-06,0.002112491205765503,2.1124912057655028,4.5313422019215395,-0.01343806108975576,0.01343806108975576,0.01343806108975576,2.1124912057655028
0.004321459260626716,3.077593772821546e-06,0.002122059507648447,2.122059507648447,4.504425935612116,-0.013235369044242608,0.013235369044242606,0.013235369044242606,2.122059507648447
0.004323459260626716,3.099605687625405e-06,0.002131397813640322,2.131397813640322,4.476798368230473,-0.013030003081056398,0.013030003081056396,0.013030003081056396,2.131397813640322
0.004325459260626717,3.121185766306654e-06,0.0021405073288261606,2.1405073288261605,4.4484638624898025,-0.01282198074257579,0.01282198074257579,0.01282198074257579,2.1405073288261605
0.004327459260626717,3.14232917107618e-06,0.00214938919380936,2.14938919380936,4.419426892737023,-0.012611320549598126,0.012611320549598126,0.012611320549598126,2.14938919380936
0.004329459260626717,3.163031099932851e-06,0.002158044486518822,2.158044486518822,4.3896920442462495,-0.012398041987374597,0.012398041987374597,0.012398041987374597,2.158044486518822
0.004331459260626717,3.183286788701744e-06,0.0021664742239266566,2.166474223926657,4.359264012494774,-0.012182165492045094,0.012182165492045094,0.012182165492045094,2.166474223926657
0.004333459260626718,3.203091513043579e-06,0.00217467936368122,2.1746793636812196,4.328147602421517,-0.011963712437446093,0.011963712437446095,0.011963712437446095,2.1746793636812196
0.004335459260626718,3.222440590434231e-06,0.0021826608056578073,2.1826608056578074,4.296347727668374,-0.01174270512228093,0.011742705122280928,0.011742705122280928,2.1826608056578074
0.004337459260626718,3.241329382114693e-06,0.0021904193934298667,2.190419393429867,4.263869409804183,-0.011519166757635091,0.011519166757635091,0.011519166757635091,2.190419393429867
0.0043394592606267185,3.2597532950182165e-06,0.002197955915666052,2.1979559156660518,4.230717777531849,-0.011293121454809986,0.011293121454809985,0.011293121454809985,2.1979559156660518
0.004341459260626719,3.2777077836634995e-06,0.0022052711074509695,2.2052711074509697,4.196898065878398,-0.011064594213485714,0.011064594213485712,0.011064594213485712,2.2052711074509697
0.004343459260626719,3.295188352028093e-06,0.0022123656515377894,2.212365651537789,4.162415615368367,-0.010833610910169876,0.010833610910169877,0.010833610910169877,2.212365651537789
0.004345459260626719,3.312190555394309e-06,0.002219240179531701,2.2192401795317016,4.127275871180408,-0.010600198286937257,0.010600198286937257,0.010600198286937257,2.2192401795317016
0.0043474592606267196,3.3287100021690543e-06,0.0022258952730069338,2.225895273006934,4.091484382287479,-0.010364383940447475,0.010364383940447475,0.010364383940447475,2.225895273006934
0.00434945926062672,3.3447423556831443e-06,0.002232331464561531,2.232331464561531,4.055046800580616,-0.01012619631121714,0.01012619631121714,0.01012619631121714,2.232331464561531
0.00435145926062672,3.3602833359639193e-06,0.002238549238809257,2.2385492388092567,4.017968879976336,-0.009885664673150442,0.00988566467315044,0.00988566467315044,2.2385492388092567
0.00435345926062672,3.3753287214883962e-06,0.0022445490333133054,2.2445490333133056,3.9802564755081455,-0.009642819123304669,0.009642819123304669,0.009642819123304667,2.2445490333133056
0.004355459260626721,3.3898743509108144e-06,0.002250331239460986,2.2503312394609862,3.9419155424018646,-0.009397690571893769,0.009397690571893769,0.009397690571893769,2.2503312394609862
0.004357459260626721,3.4039161247726027e-06,0.002255896203284166,2.255896203284166,3.9029521351353145,-0.009150310732506384,0.009150310732506384,0.009150310732506382,2.255896203284166
0.004359459260626721,3.417450007188008e-06,0.002261244226224208,2.2612442262242083,3.8633724064821595,-0.008900712112544173,0.008900712112544173,0.008900712112544173,2.2612442262242083
0.004361459260626721,3.43047202751229e-06,0.0022663755658455242,2.2663755658455242,3.823182606540398,-0.008648928003860412,0.008648928003860412,0.00864892800386041,2.2663755658455242
0.004363459260626722,3.4429782819875263e-06,0.0022712904364970248,2.271290436497025,3.7823890817453014,-0.008394992473601535,0.008394992473601537,0.008394992473601537,2.271290436497025
0.004365459260626722,3.45496493536979e-06,0.002275989009924158,2.275989009924158,3.7409982738673757,-0.008138940355240099,0.008138940355240099,0.008138940355240099,2.275989009924158
0.004367459260626722,3.4664282225390264e-06,0.0022804714158331245,2.2804714158331243,3.699016718994966,-0.00788080723978801,0.007880807239788012,0.00788080723978801,2.2804714158331243
0.0043694592606267225,3.4773644500877843e-06,0.002284737742406767,2.284737742406767,3.6564510465022653,-0.007620629467197215,0.007620629467197215,0.007620629467197213,2.284737742406767
0.004371459260626723,3.4877699978939736e-06,0.002288788036775096,2.2887880367750957,3.6133079780024087,-0.007358444117929519,0.007358444117929519,0.007358444117929516,2.2887880367750957
0.004373459260626723,3.4976413206743447e-06,0.002292622305439986,2.2926223054399864,3.5695943262860053,-0.007094289004700105,0.007094289004700105,0.007094289004700105,2.2926223054399864
0.004375459260626723,3.506974949523231e-06,0.0022962405146565892,2.296240514656589,3.5253169942454683,-0.006828202664382664,0.006828202664382665,0.006828202664382663,2.296240514656589
0.0043774592606267235,3.515767493432467e-06,0.0022996425907705364,2.299642590770537,3.4804829737847314,-0.006560224350078858,0.006560224350078858,0.006560224350078858,2.299642590770537
0.004379459260626724,3.524015640794517e-06,0.0023028284205123665,2.3028284205123666,3.4350993447154203,-0.006290394023350299,0.006290394023350299,0.006290394023350299,2.3028284205123666
0.004381459260626724,3.531716160892609e-06,0.002305797851251153,2.3057978512511528,3.3891732736386304,-0.0060187523465971005,0.0060187523465971005,0.006018752346597098,2.3057978512511528
0.004383459260626724,3.5388659053721405e-06,0.002308550691205592,2.3085506912055918,3.3427120128134034,-0.005745340675598953,0.005745340675598953,0.005745340675598953,2.3085506912055918
0.004385459260626725,3.5454618096994485e-06,0.002311086709615298,2.311086709615298,3.295722899011393,-0.005470201052200528,0.0054702010522005295,0.005470201052200527,2.311086709615298
0.004387459260626725,3.551500894602186e-06,0.0023134056368704055,2.3134056368704057,3.2482133523583827,-0.00519337619715543,0.00519337619715543,0.005193376197155428,2.3134056368704057
0.004389459260626725,3.55698026750108e-06,0.0023155071646034945,2.3155071646034946,3.2001908751625785,-0.004914909503106022,0.004914909503106024,0.0049149095031060215,2.3155071646034946
0.004391459260626725,3.5618971239216044e-06,0.002317390945739615,2.317390945739615,3.1516630507297827,-0.004634845027723154,0.004634845027723156,0.004634845027723153,2.317390945739615
0.004393459260626726,3.5662487488960025e-06,0.0023190565945085395,2.3190565945085395,3.1026375421660535,-0.004353227486986189,0.004353227486986189,0.004353227486986189,2.3190565945085395
0.004395459260626726,3.5700325183506235e-06,0.0023205036864173594,2.3205036864173594,3.0531220911674866,-0.004070102248611818,0.004070102248611818,0.004070102248611818,2.3205036864173594
0.004397459260626726,3.5732459004802355e-06,0.0023217317581840473,2.3217317581840473,3.0031245167978238,-0.003785515325632092,0.003785515325632094,0.0037855153256320918,2.3217317581840473
0.0043994592606267265,3.5758864571101035e-06,0.002322740307632201,2.322740307632201,2.952652714253621,-0.0034995133701190007,0.0034995133701190007,0.0034995133701190007,2.322740307632201
0.004401459260626727,3.577951845046211e-06,0.0023235287935469725,2.3235287935469726,2.9017146536176157,-0.003212143667059129,0.003212143667059131,0.0032121436670591286,2.3235287935469726
0.004403459260626727,3.5794398174126536e-06,0.0023240966354915885,2.3240966354915886,2.850318378600032,-0.002923454128380241,0.002923454128380243,0.0029234541283802407,2.3240966354915886
0.004405459260626727,3.580348224978716e-06,0.0023244432135851464,2.3244432135851465,2.798472005268571,-0.002633493287130138,0.0026334932871301397,0.0026334932871301376,2.3244432135851465
0.0044074592606267275,3.580675017475869e-06,0.002324567868241422,2.324567868241422,2.7461837207665187,-0.0023423102918060934,0.0023423102918060934,0.0023423102918060934,2.324567868241422
0.004409459260626728,3.580418244900636e-06,0.002324469899866735,2.324469899866735,2.6934617820201994,-0.0020499549008525797,0.0020499549008525797,0.0020499549008525797,2.324469899866735
0.004411459260626728,3.579576058810268e-06,0.0023241485685190338,2.3241485685190337,2.6403145144349143,-0.0017564774773104475,0.0017564774773104475,0.0017564774773104475,2.3241485685190337
0.004413459260626728,3.5781467136094483e-06,0.002323603093526976,2.3236030935269762,2.5867503105802885,-0.0014619289836295124,0.0014619289836295124,0.0014619289836295124,2.3236030935269762
0.004415459260626729,3.576128567822875e-06,0.0023228326530664142,2.3228326530664143,2.532777628865076,-0.0011663609766592309,0.0011663609766592309,0.0011663609766592309,2.3228326530664143
0.004417459260626729,3.5735200853657553e-06,0.0023218363836982007,2.3218363836982006,2.4784049922013454,-0.0008698256027952489,0.0008698256027952489,0.0008698256027952489,2.3218363836982006
0.004419459260626729,3.5703198367983877e-06,0.0023206133798612714,2.320613379861271,2.4236409866587945,-0.000572375593319574,0.000572375593319574,0.000572375593319574,2.320613379861271
0.004421459260626729,3.5665265005782487e-06,0.002319162693325306,2.3191626933253064,2.368494260108697,-0.00027406425990772476,0.00027406425990772476,0.00027406425990772476,2.3191626933253064
0.00442345926062673,3.5621388643026344e-06,0.0023174833325994167,2.3174833325994166,2.3129735208584874,2.5054509671829095e-05,-2.5054509671829095e-05,-2.5054509671829095e-05,2.3174833325994166
0.00442545926062673,3.5571558259424654e-06,0.002315574262296108,2.3155742622961077,2.257087536276479,0.00032492625566460376,-0.00032492625566460376,-0.00032492625566460376,2.3155742622961077
0.00442745926062673,3.5515763950718805e-06,0.0023134344024512542,2.313434402451254,2.2008451314075193,0.0006254959502429713,-0.0006254959502429713,-0.0006254959502429713,2.313434402451254
0.0044294592606267304,3.545399694090142e-06,0.0023110626277976234,2.3110626277976234,2.1442551875792883,0.0009267080012129725,-0.0009267080012129725,-0.0009267080012129725,2.3110626277976234
0.004431459260626731,3.5386249594386774e-06,0.002308457766991841,2.308457766991841,2.0873266409999274,0.0012285062555106308,-0.0012285062555106308,-0.0012285062555106308,2.308457766991841
0.004433459260626731,3.5312515428116208e-06,0.0023056186017928865,2.3056186017928866,2.0300684813469267,0.0015308340024775546,-0.0015308340024775546,-0.0015308340024775546,2.3056186017928866
0.004435459260626731,3.523278912364541e-06,0.0023025438661925736,2.3025438661925737,1.972489750347405,0.0018336339769176035,-0.0018336339769176035,-0.0018336339769176035,2.3025438661925737
0.0044374592606267315,3.5147066539138468e-06,0.0022992322454936883,2.2992322454936884,1.9145995403504927,0.002136848361906642,-0.0021368483619066403,-0.002136848361906643,2.2992322454936884
0.004439459260626732,3.5055344721397014e-06,0.0022956823753392044,2.2956823753392044,1.8564069928914009,0.002440418791376686,-0.002440418791376686,-0.002440418791376686,2.2956823753392044
0.004441459260626732,3.495762191780019e-06,0.002291892840686207,2.291892840686207,1.7979212972479952,0.0027442863524345107,-0.0027442863524345107,-0.0027442863524345107,2.291892840686207
0.004443459260626732,3.485389758824529e-06,0.0022878621747262897,2.2878621747262895,1.7391516889895728,0.0030483915874262024,-0.0030483915874262024,-0.0030483915874262037,2.2878621747262895
0.0044454592606267326,3.474417241709181e-06,0.002283588857750781,2.2835888577507815,1.6801074485185894,0.0033526744957343996,-0.003352674495734398,-0.0033526744957344005,2.2835888577507815
0.004447459260626733,3.462844832504152e-06,0.0022790713159563415,2.2790713159563416,1.6207978996050278,0.0036570745352850764,-0.0036570745352850764,-0.0036570745352850764,2.2790713159563416
0.004449459260626733,3.450672848109028e-06,0.002274307920194251,2.274307920194251,1.561232407914267,0.003961530623777687,-0.003961530623777687,-0.003961530623777689,2.274307920194251
0.004451459260626733,3.437901731441036e-06,0.0022692969846558942,2.2692969846558944,1.5014203795278993,0.0042659811395999725,-0.0042659811395999725,-0.0042659811395999725,2.2692969846558944
0.004453459260626734,3.4245320526286693e-06,0.002264036765497134,2.264036765497134,1.441371259458587,0.004570363922436373,-0.004570363922436371,-0.004570363922436373,2.264036765497134
0.004455459260626734,3.4105645102077664e-06,0.002258525459398239,2.258525459398239,1.3810945301585174,0.00487461627355401,-0.004874616273554011,-0.00487461627355401,2.258525459398239
0.004457459260626734,3.395999932316899e-06,0.002252761202055882,2.252761202055882,1.3205997100219455,0.005178674955744091,-0.005178674955744089,-0.005178674955744091,2.252761202055882
0.004459459260626734,3.3808392778993812e-06,0.00224674206660769,2.2467420666076903,1.2598963518823352,0.00548247619291864,-0.005482476192918639,-0.005482476192918639,2.2467420666076903
0.004461459260626735,3.3650836379086885e-06,0.002240466061985695,2.2404660619856953,1.1989940415035292,0.005785955669345367,-0.005785955669345366,-0.005785955669345368,2.2404660619856953
0.004463459260626735,3.3487342365176577e-06,0.002233931131196286,2.233931131196286,1.1379023960664243,0.006089048528499232,-0.00608904852849923,-0.006089048528499232,2.233931131196286
0.004465459260626735,3.331792432336856e-06,0.0022271351495262407,2.227135149526241,1.0766310626499802,0.006391689371534781,-0.006391689371534781,-0.006391689371534781,2.227135149526241
0.0044674592606267355,3.3142597196378025e-06,0.0022200759226704853,2.2200759226704854,1.015189716708058,0.00669381225534682,-0.0066938122553468205,-0.00669381225534682,2.2200759226704854
0.004469459260626736,3.2961377295849114e-06,0.0022127511847804086,2.2127511847804087,0.9535880605413972,0.00699535069021673,-0.006995350690216728,-0.006995350690216731,2.2127511847804087
0.004471459260626736,3.2774282314767205e-06,0.002205158596430216,2.205158596430216,0.891835821765651,0.00729623763702536,-0.00729623763702536,-0.00729623763702536,2.205158596430216
0.004473459260626736,3.2581331339965283e-06,0.0021972957424985784,2.197295742498578,0.8299427517751243,0.007596405504019188,-0.007596405504019188,-0.007596405504019188,2.197295742498578
0.0044754592606267365,3.238254486477175e-06,0.002189160129964693,2.1891601299646934,0.767918624203108,0.00789578614311992,-0.00789578614311992,-0.007895786143119919,2.1891601299646934
0.004477459260626737,3.2177944801724815e-06,0.002180749185612884,2.1807491856128842,0.7057732333783524,0.008194310845747399,-0.008194310845747399,-0.008194310845747399,2.1807491856128842
0.004479459260626737,3.1967554495492417e-06,0.0021720602536485635,2.1720602536485636,0.643516392778446,0.00849191033816732,-0.008491910338167319,-0.00849191033816732,2.1720602536485636
0.004481459260626737,3.1751398735881145e-06,0.0021630905932180644,2.1630905932180644,0.5811579334802588,0.008788514776321144,-0.008788514776321144,-0.008788514776321142,2.1630905932180644
0.004483459260626738,3.1529503771025046e-06,0.0021538373758332777,2.1538373758332776,0.5187077026073609,0.009084053740143982,-0.009084053740143982,-0.009084053740143982,2.1538373758332776
0.004485459260626738,3.1301897320764296e-06,0.0021442976826989094,2.1442976826989093,0.4561755617751885,0.009378456227354006,-0.009378456227354004,-0.009378456227354004,2.1442976826989093
0.004487459260626738,3.1068608590177918e-06,0.0021344685019383533,2.134468501938353,0.3935713855336215,0.009671650646692955,-0.009671650646692953,-0.009671650646692953,2.134468501938353
0.004489459260626738,3.082966828332869e-06,0.0021243467257182277,2.124346725718228,0.33090505980790763,0.00996356481061289,-0.00996356481061289,-0.00996356481061289,2.124346725718228
0.004491459260626739,3.058510861721806e-06,0.0021139291472693526,2.1139291472693524,0.2681864803372237,0.010254125927400715,-0.010254125927400715,-0.010254125927400715,2.1139291472693524
0.004493459260626739,3.0334963335966983e-06,0.00210321245780298,2.10321245780298,0.20542555111241373,0.01054326059272537,-0.010543260592725368,-0.01054326059272537,2.10321245780298
0.004495459260626739,3.007926772522156e-06,0.002092193243320688,2.0921932433206876,0.14263218281169682,0.010830894780605504,-0.010830894780605504,-0.010830894780605504,2.0921932433206876
0.0044974592606267395,2.981805862683204e-06,0.002080867981318882,2.0808679813188826,0.07981629123586921,0.01111695383379452,-0.011116953833794518,-0.011116953833794518,2.0808679813188826
0.00449945926062674,2.9551374453770094e-06,0.0020692330373858203,2.0692330373858203,0.016987795742413398,0.011401362453574483,-0.011401362453574482,-0.011401362453574482,2.0692330373858203
0.00450145926062674,2.927925520535493e-06,0.0020572846616941447,2.0572846616941445,-0.04584338232095443,0.011684044688972772,-0.011684044688972772,-0.011684044688972772,2.0572846616941445
0.00450345926062674,2.90017424827403e-06,0.0020450189853876252,2.0450189853876255,-0.1086673211827849,0.011964923925391169,-0.011964923925391169,-0.011964923925391169,2.0450189853876255
0.0045054592606267405,2.871887950473339e-06,0.002032432016866744,2.032432016866744,-0.17147410021490683,0.012243922872675839,-0.012243922872675839,-0.012243922872675839,2.032432016866744
0.004507459260626741,2.8430711123933386e-06,0.002019519637975242,2.0195196379752423,-0.2342538014987962,0.012520963552633548,-0.012520963552633546,-0.012520963552633546,2.0195196379752423
0.004509459260626741,2.813728384316621e-06,0.0020062776000904013,2.0062776000904012,-0.2969965113918905,0.012795967286012733,-0.012795967286012733,-0.012795967286012733,2.0062776000904012
0.004511459260626741,2.783864583231504e-06,0.001992701520126692,1.9927015201266922,-0.35969232209292545,0.013068854678997877,-0.013068854678997877,-0.013068854678997877,1.9927015201266922
0.004513459260626742,2.753484694546508e-06,0.001978786876456126,1.9787868764561263,-0.42233133320663396,0.013339545609237557,-0.013339545609237557,-0.013339545609237557,1.9787868764561263
0.004515459260626742,2.7225938738448223e-06,0.0019645290047579605,1.9645290047579604,-0.48490365330699126,0.013607959211471954,-0.013607959211471954,-0.013607959211471954,1.9645290047579604
0.004517459260626742,2.6911974486719176e-06,0.0019499230938058068,1.9499230938058068,-0.5473994014993453,0.0138740138628064,-0.0138740138628064,-0.0138740138628064,1.9499230938058068
0.004519459260626742,2.659300920366414e-06,0.0019349641812104774,1.9349641812104774,-0.6098087089805297,0.01413762716772782,-0.014137627167727818,-0.014137627167727818,1.9349641812104774
0.004521459260626743,2.626909965925529e-06,0.0019196471491314507,1.9196471491314506,-0.6721217205974216,0.01439871594293818,-0.014398715942938178,-0.014398715942938178,1.9196471491314506
0.004523459260626743,2.5940304399111437e-06,0.0019039667199800367,1.9039667199800367,-0.7343285964031666,0.014657196202128908,-0.014657196202128908,-0.014657196202128908,1.9039667199800367
0.004525459260626743,2.5606683763960514e-06,0.001887917452138546,1.887917452138546,-0.7964195132109148,0.014912983140830338,-0.014912983140830338,-0.014912983140830338,1.887917452138546
0.0045274592606267434,2.5268299909457795e-06,0.001871493735722459,1.871493735722459,-0.8583846661451566,0.015165991121486755,-0.015165991121486755,-0.015165991121486755,1.871493735722459
0.004529459260626744,2.4925216826413767e-06,0.0018546897884227538,1.8546897884227538,-0.9202142701898858,0.01541613365895911,-0.015416133658959108,-0.015416133658959108,1.8546897884227538
0.004531459260626744,2.4577500361358417e-06,0.0018374996514658527,1.8374996514658526,-0.9818985617339248,0.01566332340666543,-0.01566332340666543,-0.01566332340666543,1.8374996514658526
0.004533459260626744,2.4225218237483326e-06,0.0018199171857412736,1.8199171857412735,-1.0434278001125017,0.015907472143632084,-0.015907472143632084,-0.015907472143632084,1.8199171857412735
0.0045354592606267445,2.3868440075881177e-06,0.0018019360681495486,1.8019360681495487,-1.1047922691456593,0.016148490762751155,-0.016148490762751155,-0.016148490762751155,1.8019360681495487
0.004537459260626745,2.3507237417084747e-06,0.0017835497882363856,1.7835497882363858,-1.1659822786723608,0.016386289260604148,-0.016386289260604148,-0.016386289260604148,1.7835497882363858
0.004539459260626745,2.3141683742849678e-06,0.0017647516451871504,1.7647516451871503,-1.226988166080747,0.016620776729266096,-0.016620776729266096,-0.016620776729266096,1.7647516451871503
0.004541459260626745,2.2771854498147377e-06,0.0017455347452692616,1.7455347452692616,-1.2878002978340453,0.016851861350573927,-0.016851861350573927,-0.016851861350573927,1.7455347452692616
0.004543459260626746,2.239782711325721e-06,0.0017258919998203459,1.725891999820346,-1.3484090709916097,0.017079450393399753,-0.017079450393399753,-0.017079450393399753,1.725891999820346
0.004545459260626746,2.2019681025940475e-06,0.0017058161239008802,1.7058161239008802,-1.4088049147256614,0.017303450214591898,-0.017303450214591898,-0.017303450214591898,1.7058161239008802
0.004547459260626746,2.1637497703553643e-06,0.0016852996357420943,1.6852996357420942,-1.4689782918322596,0.017523766264301965,-0.017523766264301965,-0.017523766264301965,1.6852996357420942
0.004549459260626746,2.1251360665016717e-06,0.0016643348571436906,1.664334857143691,-1.5289197002376578,0.017740303096563048,-0.017740303096563048,-0.017740303096563048,1.664334857143691
0.004551459260626747,2.0861355502469967e-06,0.0016429139149952414,1.6429139149952414,-1.588619674498572,0.017952964386076742,-0.017952964386076742,-0.017952964386076742,1.6429139149952414
0.004553459260626747,2.0467569902493518e-06,0.0016210287441239361,1.6210287441239362,-1.6480687872970363,0.018161652952338736,-0.018161652952338736,-0.018161652952338736,1.6210287441239362
0.004555459260626747,2.0070093666688955e-06,0.001598671091697444,1.598671091697444,-1.7072576509289497,0.018366270792368855,-0.018366270792368855,-0.018366270792368855,1.598671091697444
0.004557459260626747,1.966901873137806e-06,0.0015758325234418544,1.5758325234418544,-1.7661769187866563,0.018566719123491726,-0.018566719123491726,-0.018566719123491726,1.5758325234418544
0.004559459260626748,1.926443918620982e-06,0.0015525044319743564,1.5525044319743564,-1.8248172868346977,0.01876289843782808,-0.01876289843782808,-0.01876289843782808,1.5525044319743564
0.004561459260626748,1.8856451291332615e-06,0.0015286780475849172,1.528678047584917,-1.8831694950791777,0.018954708570356082,-0.018954708570356082,-0.018954708570356082,1.528678047584917
0.004563459260626748,1.8445153492808422e-06,0.0015043444518486947,1.5043444518486948,-1.941224329030008,0.01914204878265946,-0.01914204878265946,-0.01914204878265946,1.5043444518486948
0.0045654592606267485,1.8030646435870488e-06,0.0014794945944979273,1.4794945944979272,-1.9989726211558816,0.019324817864743382,-0.019324817864743382,-0.019324817864743382,1.4794945944979272
0.004567459260626749,1.7613032975562766e-06,0.0014541193140343719,1.4541193140343718,-2.0564052523320657,0.01950291425759132,-0.01950291425759132,-0.01950291425759132,1.4541193140343718
0.004569459260626749,1.7192418184226206e-06,0.0014282093626197217,1.4282093626197216,-2.1135131532802838,0.019676236199444475,-0.019676236199444475,-0.019676236199444475,1.4282093626197216
0.004571459260626749,1.676890935525485e-06,0.0014017554358440735,1.4017554358440734,-2.1702873060010095,0.01984468189913935,-0.01984468189913935,-0.01984468189913935,1.4017554358440734
0.0045734592606267496,1.6342616002423018e-06,0.0013747482080342303,1.3747482080342306,-2.2267187451973007,0.020008149740175174,-0.020008149740175174,-0.020008149740175174,1.3747482080342306
0.00457545926062675,1.5913649854006786e-06,0.0013471783738306425,1.3471783738306424,-2.2827985596908302,0.020166538519563737,-0.020166538519563737,-0.020166538519563737,1.3471783738306424
0.00457745926062675,1.5482124840845642e-06,0.0013190366968303406,1.3190366968303406,-2.338517893828713,0.02031974772588363,-0.02031974772588363,-0.02031974772588363,1.3190366968303406
0.00457945926062675,1.5048157077343971e-06,0.0012903140661567787,1.2903140661567787,-2.393867948882216,0.02046767786132775,-0.02046767786132775,-0.02046767786132775,1.2903140661567787
0.004581459260626751,1.4611864834321773e-06,0.0012610015618807573,1.2610015618807573,-2.4488399844359927,0.020610230812870833,-0.020610230812870833,-0.020610230812870833,1.2610015618807573
0.004583459260626751,1.4173368502491647e-06,0.001231090530269769,1.231090530269769,-2.503425319768358,0.020747310277989595,-0.020747310277989595,-0.020747310277989595,1.231090530269769
0.004585459260626751,1.3732790545204065e-06,0.0012005726698833472,1.2005726698833472,-2.5576153352221356,0.020878822250586015,-0.020878822250586015,-0.020878822250586015,1.2005726698833472
0.004587459260626751,1.3290255438975726e-06,0.0011694401295535056,1.1694401295535055,-2.611401473565633,0.0210046755728841,-0.0210046755728841,-0.0210046755728841,1.1694401295535055
0.004589459260626752,1.2845889600167627e-06,0.0011376856192820465,1.1376856192820464,-2.6647752413441426,0.021124782559034383,-0.021124782559034383,-0.021124782559034383,1.1376856192820464
0.004591459260626752,1.2399821296074608e-06,0.0011053025350446233,1.1053025350446233,-2.7177282102209754,0.021239059695919993,-0.021239059695919993,-0.021239059695919993,1.1053025350446233
0.004593459260626752,1.195218053851995e-06,0.0010722850983956196,1.0722850983956196,-2.7702520183085237,0.02134742842613413,-0.02134742842613413,-0.02134742842613413,1.0722850983956196
0.0045954592606267525,1.1503098957986161e-06,0.0010386285116155624,1.0386285116155625,-2.8223383714885864,0.02144981601724527,-0.02144981601724527,-0.02144981601724527,1.0386285116155625
0.004597459260626753,1.1052709656206755e-06,0.0010043291289077998,1.0043291289077998,-2.873979044722221,0.02154615652016678,-0.02154615652016678,-0.02154615652016678,1.0043291289077998
0.004599459260626753,1.0601147035101922e-06,0.000969384643823183,0.969384643823183,-2.9251658833484573,0.021636391817620226,-0.021636391817620226,-0.021636391817620226,0.969384643823183
0.004601459260626753,1.0148546599948457e-06,0.000933794292651378,0.933794292651378,-2.975890804372143,0.021720472761241783,-0.021720472761241783,-0.021720472761241783,0.933794292651378
0.0046034592606267535,9.695044734752675e-07,0.0008975590729488343,0.8975590729488343,-3.026145797740183,0.021798360392716765,-0.021798360392716765,-0.021798360392716765,0.8975590729488343
0.004605459260626754,9.240778447935401e-07,0.0008606819756599529,0.8606819756599529,-3.07592292760655,0.02187002724036946,-0.02187002724036946,-0.02187002724036946,0.8606819756599529
0.004607459260626754,8.785885086712795e-07,0.0008231682284242226,0.8231682284242225,-3.125214333585433,0.02193545867783142,-0.02193545867783142,-0.02193545867783142,0.8231682284242225
0.004609459260626754,8.330502018926497e-07,0.0007850255466422427,0.7850255466422427,-3.1740122319923945,0.021994654325747987,-0.021994654325747987,-0.021994654325747987,0.7850255466422427
0.004611459260626755,7.874766281614882e-07,0.0007462643877123854,0.7462643877123853,-3.222308917073635,0.022047629471033448,-0.022047629471033448,-0.022047629471033448,0.7462643877123853
0.004613459260626755,7.418814196291512e-07,0.0007068982025704847,0.7068982025704846,-3.270096762222639,0.02209441647107291,-0.02209441647107291,-0.02209441647107291,0.7068982025704846
0.004615459260626755,6.962780951753717e-07,0.0006669436773176231,0.6669436773176232,-3.317368221184763,0.022135066102791034,-0.022135066102791034,-0.022135066102791034,0.6669436773176232
0.004617459260626755,6.506800156298338e-07,0.0006264209563790839,0.6264209563790839,-3.3641158292485835,0.022169648809042597,-0.022169648809042597,-0.022169648809042597,0.6264209563790839
0.004619459260626756,6.051003362391187e-07,0.0005853538373932965,0.5853538373932965,-3.4103322044249107,0.02219825578787893,-0.02219825578787893,-0.02219825578787893,0.5853538373932965
0.004621459260626756,5.595519568222123e-07,0.0005437699270185501,0.5437699270185501,-3.456010048612321,0.022220999864615953,-0.022220999864615953,-0.02222099986461595,0.5437699270185501
0.004623459260626756,5.140474702013166e-07,0.0005017007462036052,0.5017007462036052,-3.5011421487497287,0.022238016083074078,-0.022238016083074075,-0.022238016083074078,0.5017007462036052
0.0046254592606267565,4.685991096469122e-07,0.00045918177336291024,0.4591817733629102,-3.5457213779553336,0.022249461951768024,-0.022249461951768024,-0.022249461951768024,0.4591817733629102
0.004627459260626757,4.232186962232353e-07,0.0004162524144781443,0.4162524144781443,-3.5897406966520156,0.022255517284056447,-0.022255517284056447,-0.02225551728405644,0.4162524144781443
0.004629459260626757,3.779175870551154e-07,0.00037295589054722587,0.3729558905472259,-3.633193153679139,0.022256383579035362,-0.022256383579035366,-0.022256383579035366,0.3729558905472259
0.004631459260626757,3.3270662564772303e-07,0.00032933903509887454,0.3293390350988745,-3.67607188738996,0.02225228290271575,-0.022252282902715748,-0.02225228290271575,0.3293390350988745
0.0046334592606267575,2.8759609546541435e-07,0.000285451997688476,0.28545199768847596,-3.7183701267353975,0.022243456246799298,-0.022243456246799298,-0.022243456246799298,0.28545199768847596
0.004635459260626758,2.4259567800304345e-07,0.00024134785329411507,0.24134785329411512,-3.7600811923330975,0.022230161364595626,-0.02223016136459563,-0.022230161364595623,0.24134785329411512
0.004637459260626758,1.9771441655380975e-07,0.00019708212213527787,0.19708212213527787,-3.8011984975222957,0.022212670109208743,-0.022212670109208743,-0.022212670109208743,0.19708212213527787
0.004639459260626758,1.529606867868381e-07,0.0001527122093298985,0.15271220932989849,-3.8417155494038324,0.022191265326298504,-0.022191265326298504,-0.022191265326298507,0.15271220932989849
0.004641459260626759,1.083421750923089e-07,0.00010829677859026577,0.10829677859026576,-3.8816259498655614,0.02216623738031015,-0.02216623738031015,-0.022166237380310153,0.10829677859026576
0.004643459260626759,6.386586543840015e-08,6.389507839729847e-05,0.06389507839729847,-3.9209233965925594,0.02213788041661032,-0.02213788041661032,-0.02213788041661032,0.06389507839729847
0.004645459260626759,1.9538223787129885e-08,1.9537478020956734e-05,0.019537478020956733,-3.959601684062438,0.022106328678241083,-0.022106328678241083,-0.022106328678241083,0.019537478020956733
0.004647459260626759,-2.4635364937048947e-08,-2.4631052796726838e-05,-0.024631052796726838,-3.9976547045252557,0.022072353620714052,-0.022072353620714052,-0.02207235362071405,-0.024631052796726838
0.00464945926062676,-6.86502009881668e-08,-6.864069660298089e-05,-0.06864069660298089,-4.035076448967934,0.022035754179805297,-0.0220357541798053,-0.022035754179805297,-0.06864069660298089
0.00465145926062676,-1.1250186981406855e-07,-0.00011240766642203459,-0.11240766642203459,-4.071861008063241,0.021996963009117812,-0.021996963009117812,-0.021996963009117815,-0.11240766642203459
0.00465345926062676,-1.5618678192725813e-07,-0.00015587996136689597,-0.15587996136689597,-4.108002573102854,0.021956236731866433,-0.021956236731866433,-0.021956236731866436,-0.15587996136689597
0.0046554592606267604,-1.9970194462475666e-07,-0.00019900878818231683,-0.19900878818231682,-4.1434954369147174,0.021913814715180006,-0.021913814715180002,-0.021913814715180006,-0.19900878818231682
0.004657459260626761,-2.430449185595049e-07,-0.00024174894353242715,-0.24174894353242715,-4.178333994764139,0.021869916951287288,-0.021869916951287288,-0.021869916951287288,-0.24174894353242715
0.004659459260626761,-2.862137698551926e-07,-0.00028405911306111166,-0.28405911306111165,-4.212512745239032,0.021824742400988445,-0.021824742400988445,-0.021824742400988445,-0.28405911306111165
0.004661459260626761,-3.2920701896351613e-07,-0.00032590207071865775,-0.32590207071865773,-4.246026291118436,0.02177846789110988,-0.021778467891109876,-0.02177846789110988,-0.32590207071865773
0.0046634592606267615,-3.72023587549646e-07,-0.0003672447816856344,-0.36724478168563435,-4.278869340224983,0.021731247547440827,-0.021731247547440824,-0.021731247547440824,-0.36724478168563435
0.004665459260626762,-4.146627446230722e-07,-0.00040805841600044697,-0.408058416000447,-4.311036706260481,0.021683212723666856,-0.021683212723666856,-0.021683212723666856,-0.408058416000447
0.004667459260626762,-4.5712405301890735e-07,-0.00044831828284376573,-0.44831828284376574,-4.342523309624929,0.021634472371006463,-0.021634472371006463,-0.021634472371006463,-0.44831828284376574
0.004669459260626762,-4.994073171927403e-07,-0.000488003697287132,-0.488003697287132,-4.3733241782186765,0.021585113782953025,-0.021585113782953025,-0.021585113782953025,-0.488003697287132
0.0046714592606267626,-5.415125331306819e-07,-0.0005270977922176323,-0.5270977922176323,-4.403434448227484,0.02153520364449918,-0.02153520364449918,-0.02153520364449918,-0.5270977922176323
0.004673459260626763,-5.834398410095355e-07,-0.0005655872882271291,-0.5655872882271291,-4.432849364890694,0.02148478931479758,-0.02148478931479758,-0.02148478931479758,-0.5655872882271291
0.004675459260626763,-6.251894810779379e-07,-0.0006034622336646427,-0.6034622336646427,-4.461564283251958,0.021433900275485085,-0.021433900275485085,-0.021433900275485085,-0.6034622336646427
0.004677459260626763,-6.667617530766659e-07,-0.00064071572597569,-0.6407157259756899,-4.4895746688928115,0.021382549682872898,-0.021382549682872898,-0.021382549682872898,-0.6407157259756899
0.004679459260626764,-7.081569793793495e-07,-0.0006773436240671202,-0.6773436240671202,-4.516876098648638,0.02133073596989732,-0.02133073596989732,-0.02133073596989732,-0.6773436240671202
0.004681459260626764,-7.493754719175974e-07,-0.000713344259896326,-0.713344259896326,-4.543464261307205,0.021278444452282663,-0.021278444452282663,-0.021278444452282663,-0.713344259896326
0.004683459260626764,-7.904175028561563e-07,-0.000748718155914137,-0.7487181559141369,-4.569334958289398,0.02122564890208478,-0.02122564890208478,-0.02122564890208478,-0.7487181559141369
0.004685459260626764,-8.312832789089613e-07,-0.0007834677534904953,-0.7834677534904952,-4.594484104312278,0.021172313060121017,-0.021172313060121017,-0.021172313060121017,-0.7834677534904952
0.004687459260626765,-8.719729191259173e-07,-0.0008175971560778174,-0.8175971560778175,-4.618907728034131,0.021118392066423963,-0.021118392066423963,-0.021118392066423963,-0.8175971560778175
0.004689459260626765,-9.124864359411151e-07,-0.0008511118896657389,-0.8511118896657388,-4.642601972681644,0.021063833794532805,-0.021063833794532805,-0.021063833794532805,-0.8511118896657388
0.004691459260626765,-9.528237192450224e-07,-0.0008840186820613929,-0.8840186820613929,-4.665563096658926,0.021008580081097405,-0.021008580081097405,-0.021008580081097405,-0.8840186820613929
0.0046934592606267655,-9.929845232293163e-07,-0.0009163252616971515,-0.9163252616971516,-4.687787474138317,0.020952567846895365,-0.020952567846895365,-0.020952567846895365,-0.9163252616971516
0.004695459260626766,-1.0329684557474673e-06,-0.0009480401760089956,-0.9480401760089956,-4.709271595632997,0.020895730109022233,-0.020895730109022237,-0.020895730109022233,-0.9480401760089956
0.004697459260626766,-1.072774969938376e-06,-0.00097917262892914,-0.97917262892914,-4.7300120685511,0.020837996886788668,-0.020837996886788668,-0.020837996886788668,-0.97917262892914
0.004699459260626766,-1.1124033578654398e-06,-0.0010097323366696363,-1.0097323366696362,-4.750005617731557,0.02077929600589956,-0.02077929600589956,-0.02077929600589956,-1.0097323366696362
0.0047014592606267665,-1.151852745940787e-06,-0.0010397294007282155,-1.0397294007282154,-4.7692490859611505,0.02071955380684964,-0.020719553806849644,-0.02071955380684964,-1.0397294007282154
0.004703459260626767,-1.1911220919144128e-06,-0.0010691741968876136,-1.0691741968876136,-4.787739434473187,0.0206586957643643,-0.0206586957643643,-0.0206586957643643,-1.0691741968876136
0.004705459260626767,-1.2302101832280762e-06,-0.0010980772789007656,-1.0980772789007656,-4.805473743427279,0.020596647025147297,-0.020596647025147297,-0.020596647025147297,-1.0980772789007656
0.004707459260626767,-1.269115636550141e-06,-0.0011264492955287162,-1.1264492955287162,-4.8224492123704685,0.02053333287134307,-0.02053333287134307,-0.02053333287134307,-1.1264492955287162
0.004709459260626768,-1.3078368983234118e-06,-0.0011543009196148465,-1.1543009196148466,-4.838663160679425,0.020468679117025435,-0.020468679117025435,-0.020468679117025435,-1.1543009196148466
0.004711459260626768,-1.3463722461776796e-06,-0.001181642787929283,-1.1816427879292828,-4.8541130279837335,0.020402612444746948,-0.020402612444746948,-0.020402612444746948,-1.1816427879292828
0.004713459260626768,-1.3847197910726557e-06,-0.0012084854505844385,-1.2084854505844387,-4.868796374570273,0.02033506068881019,-0.02033506068881019,-0.02033506068881019,-1.2084854505844387
0.004715459260626768,-1.4228774800534116e-06,-0.0012348393289052294,-1.2348393289052293,-4.88271088176838,0.02026595307146195,-0.02026595307146195,-0.02026595307146195,-1.2348393289052293
0.004717459260626769,-1.4608430995130434e-06,-0.0012607146807249556,-1.2607146807249556,-4.895854352316081,0.020195220397728475,-0.020195220397728475,-0.020195220397728475,-1.2607146807249556
0.004719459260626769,-1.4986142788719364e-06,-0.0012861215721700638,-1.2861215721700638,-4.908224710707002,0.020122795214094102,-0.020122795214094102,-0.020122795214094102,-1.2861215721700638
0.004721459260626769,-1.536188494594497e-06,-0.0013110698550868535,-1.3110698550868536,-4.919820003518161,0.020048611935729488,-0.020048611935729488,-0.020048611935729488,-1.3110698550868536
0.0047234592606267695,-1.5735630744723326e-06,-0.0013355691493485101,-1.33556914934851,-4.930638399718398,0.01997260694649938,-0.019972606946499383,-0.01997260694649938,-1.33556914934851
0.00472545926062677,-1.6107352021156288e-06,-0.0013596288293654588,-1.3596288293654588,-4.940678190957551,0.019894718675511625,-0.019894718675511625,-0.019894718675511625,-1.3596288293654588
0.00472745926062677,-1.6477019216011278e-06,-0.0013832580141975059,-1.383258014197506,-4.949937791836185,0.01981488765354822,-0.01981488765354822,-0.01981488765354822,-1.383258014197506
0.00472945926062677,-1.6844601422320355e-06,-0.00140646556073657,-1.40646556073657,-4.958415740155997,0.019733056552330153,-0.019733056552330153,-0.019733056552330153,-1.40646556073657
0.0047314592606267705,-1.7210066433733452e-06,-0.001429260059494279,-1.429260059494279,-4.966110697150656,0.019649170209202094,-0.019649170209202094,-0.019649170209202094,-1.429260059494279
0.004733459260626771,-1.7573380793299806e-06,-0.0014516498325857228,-1.4516498325857228,-4.973021447697251,0.01956317563950849,-0.01956317563950849,-0.01956317563950849,-1.4516498325857228
0.004735459260626771,-1.7934509842418947e-06,-0.0014736429335540544,-1.4736429335540544,-4.979146900508163,0.019475022038633938,-0.019475022038633938,-0.019475022038633938,-1.4736429335540544
0.004737459260626771,-1.8293417769737888e-06,-0.0014952471487267012,-1.4952471487267012,-4.984486088303381,0.019384660775426,-0.019384660775426,-0.019384660775426,-1.4952471487267012
0.004739459260626772,-1.8650067659790962e-06,-0.0015164699998343148,-1.5164699998343147,-4.989038167963264,0.01929204537849416,-0.01929204537849416,-0.01929204537849416,-1.5164699998343147
0.004741459260626772,-1.9004421541267046e-06,-0.0015373187476635888,-1.5373187476635888,-4.992802420661654,0.01919713151665592,-0.01919713151665592,-0.01919713151665592,-1.5373187476635888
0.004743459260626772,-1.935644043473829e-06,-0.0015578003965424666,-1.5578003965424667,-4.9957782519794245,0.019099876974649765,-0.019099876974649765,-0.019099876974649765,-1.5578003965424667
0.004745459260626772,-1.970608439977623e-06,-0.0015779216994887299,-1.57792169948873,-4.997965191998307,0.019000241625053205,-0.019000241625053205,-0.019000241625053205,-1.57792169948873
0.004747459260626773,-2.0053312581364818e-06,-0.0015976891638753933,-1.5976891638753932,-4.999362895375121,0.01889818739722071,-0.01889818739722071,-0.01889818739722071,-1.5976891638753932
0.004749459260626773,-2.0398083255563536e-06,-0.0016171090574894683,-1.6171090574894684,-4.999971141396303,0.01879367824392686,-0.01879367824392686,-0.01879367824392686,-1.6171090574894684
0.004751459260626773,-2.0740353874340837e-06,-0.0016361874148766492,-1.636187414876649,-4.999789834012754,0.018686680106311693,-0.018686680106311693,-0.018686680106311693,-1.636187414876649
0.0047534592606267734,-2.1080081109592012e-06,-0.0016549300438854573,-1.6549300438854573,-4.998819001855011,0.018577160877608634,-0.018577160877608634,-0.018577160877608634,-1.6549300438854573
0.004755459260626774,-2.141722089626666e-06,-0.0016733425323327458,-1.6733425323327458,-4.997058798228728,0.018465090366088788,-0.018465090366088788,-0.018465090366088788,-1.6733425323327458
0.004757459260626774,-2.175172847463317e-06,-0.00169143025473001,-1.69143025473001,-4.99450950109046,0.018350440257558054,-0.018350440257558054,-0.018350440257558054,-1.69143025473001
0.004759459260626774,-2.2083558431647694e-06,-0.001709198379016595,-1.7091983790165948,-4.991171513003779,0.018233184077706577,-0.018233184077706577,-0.018233184077706577,-1.7091983790165948
0.0047614592606267745,-2.2412664741448013e-06,-0.0017266518732575562,-1.7266518732575564,-4.987045361075698,0.018113297154545235,-0.018113297154545238,-0.018113297154545235,-1.7266518732575564
0.004763459260626775,-2.273900080494887e-06,-0.001743795512269016,-1.743795512269016,-4.982131696873441,0.017990756581135692,-0.017990756581135692,-0.017990756581135692,-1.743795512269016
0.004765459260626775,-2.306251948858536e-06,-0.0017606338841440552,-1.7606338841440552,-4.976431296321543,0.017865541178763822,-0.017865541178763822,-0.017865541178763822,-1.7606338841440552
0.004767459260626775,-2.338317316217071e-06,-0.0017771713966533644,-1.7771713966533644,-4.969945059579336,0.017737631460699843,-0.017737631460699843,-0.017737631460699843,-1.7771713966533644
0.004769459260626776,-2.3700913735943252e-06,-0.0017934122835053703,-1.7934122835053703,-4.962674010898786,0.017607009596630085,-0.017607009596630085,-0.017607009596630085,-1.7934122835053703
0.004771459260626776,-2.40156926967487e-06,-0.00180936061044771,-1.80936061044771,-4.954619298462779,0.017473659377861495,-0.017473659377861495,-0.017473659377861495,-1.80936061044771
0.004773459260626776,-2.4327461143444394e-06,-0.0018250202812027823,-1.8250202812027823,-4.945782194203769,0.017337566183338815,-0.017337566183338815,-0.017337566183338815,-1.8250202812027823
0.004775459260626776,-2.4636169821500286e-06,-0.0018403950432270557,-1.8403950432270557,-4.93616409360297,0.017198716946532855,-0.017198716946532855,-0.017198716946532855,-1.8403950432270557
0.004777459260626777,-2.494176915683115e-06,-0.0018554884932894381,-1.855488493289438,-4.925766515469964,0.017057100123225144,-0.017057100123225144,-0.017057100123225144,-1.855488493289438
0.004779459260626777,-2.524420928890537e-06,-0.0018703040828665259,-1.870304082866526,-4.914591101702862,0.016912705660201865,-0.016912705660201865,-0.016912705660201865,-1.870304082866526
0.004781459260626777,-2.554344010309072e-06,-0.0018848451233500372,-1.8848451233500372,-4.902639617029064,0.016765524964883483,-0.016765524964883483,-0.016765524964883483,-1.8848451233500372
0.004783459260626777,-2.5839411262355178e-06,-0.0018991147910710291,-1.899114791071029,-4.889913948726524,0.01661555087586386,-0.01661555087586386,-0.01661555087586386,-1.899114791071029
0.004785459260626778,-2.6132072238224362e-06,-0.0019131161321359338,-1.9131161321359338,-4.876416106325808,0.01646277763438819,-0.016462777634388193,-0.01646277763438819,-1.9131161321359338
0.004787459260626778,-2.642137234114356e-06,-0.00192685206708261,-1.92685206708261,-4.8621482212926885,0.01630720085672266,-0.01630720085672266,-0.01630720085672266,-1.92685206708261
0.004789459260626778,-2.6707260750160584e-06,-0.0019403253953539775,-1.9403253953539776,-4.847112546691622,0.016148817507431357,-0.016148817507431357,-0.016148817507431357,-1.9403253953539776
0.0047914592606267785,-2.6989686542019025e-06,-0.0019535387995959783,-1.9535387995959788,-4.831311456829916,0.01598762587352187,-0.01598762587352187,-0.01598762587352187,-1.9535387995959788
0.004793459260626779,-2.7268598719658504e-06,-0.0019664948497825244,-1.9664948497825243,-4.814747446882833,0.01582362553944616,-0.015823625539446162,-0.01582362553944616,-1.9664948497825243
0.004795459260626779,-2.7543946240112632e-06,-0.0019791960071703176,-1.9791960071703176,-4.797423132499578,0.015656817362940334,-0.015656817362940334,-0.015656817362940334,-1.9791960071703176
0.004797459260626779,-2.7815678041904103e-06,-0.0019916446280918336,-1.9916446280918336,-4.779341249390193,0.01548720345165755,-0.01548720345165755,-0.01548720345165755,-1.9916446280918336
0.0047994592606267795,-2.8083743071872016e-06,-0.0020038429675872022,-2.003842967587202,-4.760504652893658,0.015314787140591425,-0.015314787140591424,-0.015314787140591424,-2.003842967587202
0.00480145926062678,-2.8348090311473674e-06,-0.0020157931828810385,-2.0157931828810387,-4.740916317526905,0.015139572970254813,-0.015139572970254811,-0.015139572970254811,-2.0157931828810387
0.00480345926062678,-2.8608668802636332e-06,-0.002027497336711771,-2.027497336711771,-4.720579336515175,0.014961566665574466,-0.014961566665574466,-0.014961566665574466,-2.027497336711771
0.00480545926062678,-2.8865427673075187e-06,-0.0020389574005137867,-2.0389574005137865,-4.699496921303511,0.01478077511549847,-0.014780775115498468,-0.014780775115498468,-2.0389574005137865
0.004807459260626781,-2.9118316161184856e-06,-0.002050175257461522,-2.0501752574615226,-4.677672401049683,0.014597206353267556,-0.014597206353267556,-0.014597206353267556,-2.0501752574615226
0.004809459260626781,-2.936728364046061e-06,-0.0020611527053776666,-2.0611527053776664,-4.6551092220984165,0.0144108695373375,-0.0144108695373375,-0.0144108695373375,-2.0611527053776664
0.004811459260626781,-2.961227964351569e-06,-0.002071891459512605,-2.071891459512605,-4.631810947437263,0.014221774932914768,-0.014221774932914766,-0.014221774932914766,-2.071891459512605
0.004813459260626781,-2.985325388563654e-06,-0.00208239315519661,-2.08239315519661,-4.6077812561338325,0.014029933894095683,-0.01402993389409568,-0.01402993389409568,-2.08239315519661
0.004815459260626782,-3.009015628798912e-06,-0.0020926593503737987,-2.0926593503737987,-4.58302394275497,0.013835358846562062,-0.013835358846562062,-0.013835358846562062,-2.0926593503737987
0.004817459260626782,-3.032293700037695e-06,-0.0021026915280173844,-2.1026915280173846,-4.557542916767455,0.013638063270833722,-0.013638063270833722,-0.013638063270833722,-2.1026915280173846
0.004819459260626782,-3.0551546423683e-06,-0.0021124910984358387,-2.1124910984358385,-4.531342201920661,0.013438061686026792,-0.013438061686026792,-0.013438061686026792,-2.1124910984358385
0.0048214592606267825,-3.0775935231886053e-06,-0.0021220594014688707,-2.1220594014688707,-4.504425935611206,0.013235369634124083,-0.013235369634124083,-0.013235369634124083,-2.1220594014688707
0.004823459260626783,-3.0996054393773823e-06,-0.0021313977085821467,-2.1313977085821465,-4.476798368229541,0.013030003664707746,-0.013030003664707746,-0.013030003664707746,-2.1313977085821465
0.004825459260626783,-3.1211855194289667e-06,-0.0021405072248614223,-2.1405072248614223,-4.448463862488862,0.012821981320152444,-0.012821981320152442,-0.012821981320152442,-2.1405072248614223
0.004827459260626783,-3.142328925554317e-06,-0.00214938909091077,-2.14938909091077,-4.419426892736043,0.012611321121251517,-0.012611321121251517,-0.012611321121251517,-2.14938909091077
0.0048294592606267835,-3.163030855753242e-06,-0.0021580443846601046,-2.158044384660105,-4.389692044245255,0.01239804255325083,-0.012398042553250832,-0.012398042553250832,-2.158044384660105
0.004831459260626784,-3.1832865458512244e-06,-0.0021664741230822972,-2.1664741230822973,-4.359264012493748,0.012182166052285835,-0.012182166052285837,-0.012182166052285837,-2.1664741230822973
0.004833459260626784,-3.203091271508678e-06,-0.0021746792638261433,-2.1746792638261434,-4.3281476024204855,0.01196371299219079,-0.01196371299219079,-0.01196371299219079,-2.1746792638261434
0.004835459260626784,-3.2224403502019567e-06,-0.002182660706767688,-2.182660706767688,-4.296347727667312,0.011742705671664579,-0.011742705671664577,-0.011742705671664577,-2.182660706767688
0.004837459260626785,-3.241329143172971e-06,-0.0021904192954812817,-2.1904192954812816,-4.263869409803088,0.011519167301787814,-0.011519167301787814,-0.011519167301787814,-2.1904192954812816
0.004839459260626785,-3.259753057354752e-06,-0.0021979558186359903,-2.1979558186359904,-4.2307177775307325,0.011293121993859678,-0.011293121993859678,-0.011293121993859678,-2.1979558186359904
0.004841459260626785,-3.2777075472661457e-06,-0.0022052710113169686,-2.2052710113169685,-4.196898065877258,0.011064594747557166,-0.011064594747557166,-0.011064594747557166,-2.2052710113169685
0.004843459260626785,-3.295188116885526e-06,-0.002212365556278187,-2.212365556278187,-4.162415615367206,0.010833611439383441,-0.01083361143938344,-0.01083361143938344,-2.212365556278187
0.004845459260626786,-3.312190321494689e-06,-0.0022192400851250753,-2.219240085125075,-4.127275871179225,0.010600198811411941,-0.010600198811411943,-0.010600198811411943,-2.219240085125075
0.004847459260626786,-3.3287097695018973e-06,-0.00222589517943284,-2.2258951794328405,-4.091484382286295,0.01036438446029697,-0.010364384460296971,-0.010364384460296971,-2.2258951794328405
0.004849459260626786,-3.3447421242376138e-06,-0.0022323313717997955,-2.2323313717997957,-4.0550468005794,0.010126196826553358,-0.010126196826553358,-0.010126196826553358,-2.2323313717997957
0.0048514592606267865,-3.3602831057297094e-06,-0.0022385491468403175,-2.2385491468403176,-4.017968879975109,0.009885665184082178,-0.009885665184082182,-0.009885665184082177,-2.2385491468403176
0.004853459260626787,-3.3753284924547145e-06,-0.002244548942117785,-2.244548942117785,-3.9802564755068772,0.009642819629939403,-0.009642819629939403,-0.009642819629939401,-2.244548942117785
0.004855459260626787,-3.3898741230677345e-06,-0.002250331149020223,-2.2503311490202234,-3.9419155424005976,0.009397691074335413,-0.009397691074335413,-0.009397691074335413,-2.2503311490202234
0.004857459260626787,-3.4039158981104967e-06,-0.0022558961135799712,-2.255896113579971,-3.9029521351340053,0.009150311230855745,-0.009150311230855745,-0.009150311230855745,-2.255896113579971
0.0048594592606267875,-3.4174497816975763e-06,-0.0022612441372388582,-2.261244137238858,-3.863372406480829,0.00890071260689984,-0.008900712606899841,-0.00890071260689984,-2.261244137238858
0.004861459260626788,-3.430471803183552e-06,-0.002266375477561352,-2.2663754775613523,-3.8231826065390475,0.008648928494320529,-0.008648928494320529,-0.008648928494320529,-2.2663754775613523
0.004863459260626788,-3.4429780588117326e-06,-0.002271290348897166,-2.271290348897166,-3.782389081743931,0.008394992960259806,-0.008394992960259806,-0.008394992960259806,-2.271290348897166
0.004865459260626788,-3.454964713338477e-06,-0.0022759889229921563,-2.2759889229921564,-3.740998273865997,0.008138940838188002,-0.008138940838188002,-0.008138940838188002,-2.2759889229921564
0.004867459260626789,-3.4664280016429105e-06,-0.002280471329552491,-2.280471329552491,-3.6990167189935566,0.007880807719117032,-0.007880807719117033,-0.007880807719117032,-2.280471329552491
0.004869459260626789,-3.477364230318821e-06,-0.002284737656761777,-2.284737656761777,-3.656451046500848,0.007620629942994837,-0.007620629942994839,-0.007620629942994839,-2.284737656761777
0.004871459260626789,-3.4877697792437317e-06,-0.002288787951750138,-2.288787951750138,-3.6133079780009596,0.0073584445902823425,-0.0073584445902823425,-0.0073584445902823425,-2.288787951750138
0.004873459260626789,-3.4976411031349246e-06,-0.002292622221019912,-2.292622221019912,-3.5695943262845624,0.007094289473692504,-0.0070942894736925055,-0.007094289473692503,-2.292622221019912
0.00487545926062679,-3.5069747330866957e-06,-0.0022962404308264784,-2.2962404308264786,-3.5253169942439824,0.0068282031300972434,-0.0068282031300972434,-0.0068282031300972434,-2.2962404308264786
0.00487745926062679,-3.5157672780913614e-06,-0.002299642507515893,-2.2996425075158933,-3.480482973783252,0.006560224812596436,-0.006560224812596438,-0.006560224812596438,-2.2996425075158933
0.00487945926062679,-3.5240154265413992e-06,-0.0023028283378189233,-2.3028283378189234,-3.4350993447139104,0.006290394482749928,-0.006290394482749928,-0.006290394482749928,-2.3028283378189234
0.00488145926062679,-3.531715947719994e-06,-0.0023057977691048415,-2.3057977691048412,-3.38917327363709,0.0060187528029569375,-0.006018752802956939,-0.006018752802956937,-2.3057977691048412
0.004883459260626791,-3.5388656932732842e-06,-0.002308550609592836,-2.3085506095928365,-3.3427120128118455,0.005745341128994495,-0.005745341128994497,-0.005745341128994494,-2.3085506095928365
0.004885459260626791,-3.545461598666847e-06,-0.002311086628522429,-2.3110866285224287,-3.2957228990098173,0.005470201502707715,-0.005470201502707717,-0.005470201502707714,-2.3110866285224287
0.004887459260626791,-3.551500684629787e-06,-0.0023134055562845004,-2.3134055562845,-3.248213352356817,0.005193376644846204,-0.005193376644846204,-0.005193376644846204,-2.3134055562845
0.0048894592606267915,-3.556980058581771e-06,-0.0023155070845114036,-2.3155070845114034,-3.200190875160982,0.004914909948053213,-0.004914909948053214,-0.004914909948053214,-2.3155070845114034
0.004891459260626792,-3.561896916049038e-06,-0.0023173908661286565,-2.3173908661286564,-3.1516630507281835,0.004634845469997373,-0.004634845469997373,-0.004634845469997373,-2.3173908661286564
0.004893459260626792,-3.5662485420644736e-06,-0.002319056515366442,-2.319056515366442,-3.1026375421644103,0.004353227926655379,-0.004353227926655379,-0.004353227926655379,-2.319056515366442
0.004895459260626792,-3.5700323125534306e-06,-0.002320503607731629,-2.320503607731629,-3.0531220911658554,0.004070102685745701,-0.004070102685745702,-0.004070102685745702,-2.320503607731629
0.0048974592606267926,-3.573245695712083e-06,-0.002321731679942877,-2.321731679942877,-3.0031245167961487,0.0037855157602959526,-0.0037855157602959544,-0.0037855157602959544,-2.321731679942877
0.004899459260626793,-3.5758862533644985e-06,-0.002322740229823469,-2.322740229823469,-2.95265271425193,0.0034995138023803385,-0.0034995138023803385,-0.0034995138023803385,-2.322740229823469
0.004901459260626793,-3.5779516423183235e-06,-0.002323528716159329,-2.3235287161593288,-2.9017146536159095,0.003212144096981005,-0.0032121440969810067,-0.0032121440969810045,-2.3235287161593288
0.004903459260626793,-3.579439615696512e-06,-0.002324096558513376,-2.324096558513376,-2.8503183785983244,0.002923454556027494,-0.002923454556027494,-0.0029234545560274917,-2.324096558513376
0.004905459260626794,-3.5803480242698033e-06,-0.0023244431370053856,-2.3244431370053857,-2.798472005266835,0.002633493712563606,-0.002633493712563606,-0.002633493712563606,-2.3244431370053857
0.004907459260626794,-3.580674817768637e-06,-0.0023245677920488567,-2.3245677920488568,-2.7461837207647672,0.0023423107150883915,-0.0023423107150883915,-0.0023423107150883915,-2.3245677920488568
0.004909459260626794,-3.5804180461895013e-06,-0.002324469824050205,-2.3244698240502046,-2.6934617820184634,0.002049955322045882,-0.002049955322045882,-0.002049955322045882,-2.3244698240502046
0.004911459260626794,-3.5795758610906067e-06,-0.002324148493067848,-2.324148493067848,-2.6403145144331353,0.0017564778964738181,-0.0017564778964738181,-0.0017564778964738181,-2.324148493067848
0.004913459260626795,-3.5781465168766565e-06,-0.002323603018430548,-2.323603018430548,-2.586750310578511,0.0014619294008220152,-0.0014619294008220152,-0.0014619294008220152,-2.323603018430548
0.004915459260626795,-3.576128372072748e-06,-0.002322832578314402,-2.3228325783144017,-2.5327776288632693,0.0011663613919381532,-0.0011663613919381532,-0.0011663613919381532,-2.3228325783144017
0.004917459260626795,-3.5735198905932285e-06,-0.002321836309280018,-2.3218363092800187,-2.478404992199556,0.000869826016219653,-0.0008698260162196547,-0.0008698260162196523,-2.3218363092800187
0.0049194592606267955,-3.5703196429992048e-06,-0.002320613305766722,-2.320613305766722,-2.4236409866569772,0.0005723760049458626,-0.0005723760049458626,-0.0005723760049458626,-2.320613305766722
0.004921459260626796,-3.566526307748703e-06,-0.0023191626195444783,-2.3191626195444783,-2.3684942601068517,0.0002740646697909632,-0.0002740646697909632,-0.0002740646697909632,-2.3191626195444783
0.004923459260626796,-3.5621386724384664e-06,-0.002317483259122253,-2.317483259122253,-2.3129735208566298,-2.5054101475685542e-05,2.5054101475685542e-05,2.5054101475685542e-05,-2.317483259122253
0.004925459260626796,-3.5571556350394172e-06,-0.002315574189112617,-2.315574189112617,-2.257087536274609,-0.00032492584910004396,0.00032492584910004396,0.00032492584910004396,-2.315574189112617
0.0049274592606267965,-3.5515762051263832e-06,-0.0023134343295517644,-2.3134343295517645,-2.2008451314056376,-0.0006254955452562605,0.0006254955452562605,0.0006254955452562605,-2.3134343295517645
0.004929459260626797,-3.545399505098905e-06,-0.0023110625551726227,-2.3110625551726227,-2.144255187577395,-0.000926707597751264,0.000926707597751264,0.000926707597751264,-2.3110625551726227
0.004931459260626797,-3.538624771397746e-06,-0.00230845769463161,-2.3084576946316098,-2.0873266409980555,-0.0012285058535197457,0.0012285058535197457,0.0012285058535197457,-2.3084576946316098
0.004933459260626797,-3.531251355717764e-06,-0.0023056185296880245,-2.3056185296880245,-2.0300684813450283,-0.0015308336019055346,0.0015308336019055346,0.0015308336019055346,-2.3056185296880245
0.004935459260626798,-3.523278726214228e-06,-0.002302543794333601,-2.3025437943336007,-1.972489750345512,-0.0018336335777116037,0.001833633577711602,0.0018336335777116033,-2.3025437943336007
0.004937459260626798,-3.5147064687042907e-06,-0.002299232173871443,-2.299232173871443,-1.9145995403485572,-0.0021368479640160327,0.002136847964016031,0.0021368479640160322,-2.299232173871443
0.004939459260626798,-3.5055342878679302e-06,-0.00229568230394448,-2.29568230394448,-1.8564069928894882,-0.0024404183947499547,0.0024404183947499547,0.0024404183947499547,-2.29568230394448
0.004941459260626798,-3.495762008442872e-06,-0.0022918927695097457,-2.2918927695097455,-1.79792129724604,-0.002744285957020585,0.002744285957020587,0.0027442859570205856,-2.2918927695097455
0.004943459260626799,-3.485389576419062e-06,-0.0022878621037589315,-2.2878621037589313,-1.7391516889876082,-0.003048391193174016,0.003048391193174016,0.0030483911931740173,-2.2878621037589313
0.004945459260626799,-3.4744170602323375e-06,-0.002283588786983334,-2.283588786983334,-1.6801074485166156,-0.0033526741025928786,0.0033526741025928786,0.00335267410259288,-2.283588786983334
0.004947459260626799,-3.462844651954505e-06,-0.002279071245380253,-2.279071245380253,-1.6207978996030457,-0.0036570741432067084,0.0036570741432067067,0.003657074143206708,-2.279071245380253
0.0049494592606267995,-3.4506726684835442e-06,-0.0022743078498003453,-2.274307849800345,-1.5612324079122932,-0.003961530232711398,0.003961530232711397,0.003961530232711399,-2.274307849800345
0.0049514592606268,-3.437901552736773e-06,-0.002269296914435025,-2.2692969144350252,-1.5014203795259007,-0.004265980749495137,0.004265980749495135,0.004265980749495137,-2.2692969144350252
0.0049534592606268,-3.424531874844109e-06,-0.0022640366954407025,-2.2640366954407023,-1.4413712594565975,-0.004570363533245027,0.004570363533245025,0.004570363533245027,-2.2640366954407023
0.0049554592606268,-3.4105643333408402e-06,-0.0022585253894974186,-2.2585253894974184,-1.3810945301565032,-0.004874615885227307,0.004874615885227307,0.004874615885227307,-2.2585253894974184
0.0049574592606268005,-3.395999756365603e-06,-0.0022527611323018507,-2.252761132301851,-1.3205997100199587,-0.005178674568232735,0.005178674568232733,0.005178674568232735,-2.252761132301851
0.004959459260626801,-3.3808391028618726e-06,-0.002246741996991668,-2.246741996991668,-1.2598963518803072,-0.005482475806174227,0.005482475806174225,0.005482475806174227,-2.246741996991668
0.004961459260626801,-3.3650834637829397e-06,-0.002240465992498797,-2.2404659924987973,-1.1989940415015292,-0.005785955283318157,0.005785955283318156,0.005785955283318156,-2.2404659924987973
0.004963459260626801,-3.3487340633022343e-06,-0.0022339310618298283,-2.2339310618298285,-1.1379023960644012,-0.006089048143141262,0.006089048143141262,0.006089048143141262,-2.2339310618298285
0.004965459260626802,-3.331792260029748e-06,-0.0022271350802712713,-2.227135080271271,-1.0766310626479338,-0.006391688986796319,0.006391688986796318,0.006391688986796318,-2.227135080271271
0.004967459260626802,-3.3142595482383576e-06,-0.0022200758535185477,-2.220075853518548,-1.015189716706006,-0.006693811871180788,0.006693811871180788,0.006693811871180788,-2.220075853518548
0.004969459260626802,-3.2961375590913543e-06,-0.00221275111572255,-2.21275111572255,-0.9535880605393401,-0.00699535030657339,0.006995350306573389,0.006995350306573389,-2.21275111572255
0.004971459260626802,-3.277428061887823e-06,-0.002205158527457645,-2.2051585274576446,-0.8918358217635891,-0.007296237253855865,0.007296237253855864,0.007296237253855864,-2.2051585274576446
0.004973459260626803,-3.258132965311445e-06,-0.0021972956736025983,-2.1972956736025986,-0.8299427517730753,-0.007596405121275129,0.007596405121275129,0.007596405121275129,-2.1972956736025986
0.004975459260626803,-3.2382543186947886e-06,-0.0021891600611364335,-2.1891600611364335,-0.7679186242010725,-0.007895785760752005,0.007895785760752005,0.007895785760752005,-2.1891600611364335
0.004977459260626803,-3.2177943132923076e-06,-0.002180749116843658,-2.180749116843658,-0.705773233376278,-0.008194310463707666,0.008194310463707666,0.008194310463707666,-2.180749116843658
0.0049794592606268034,-3.196755283570499e-06,-0.002172060184929489,-2.1720601849294887,-0.6435163927764032,-0.008491909956406031,0.00849190995640603,0.008491909956406031,-2.1720601849294887
0.004981459260626804,-3.1751397085096885e-06,-0.0021630905245400385,-2.1630905245400385,-0.5811579334781776,-0.008788514394788118,0.008788514394788116,0.008788514394788116,-2.1630905245400385
0.004983459260626804,-3.1529502129245707e-06,-0.0021538373071876404,-2.1538373071876404,-0.5187077026052943,-0.009084053358790811,0.009084053358790811,0.009084053358790811,-2.1538373071876404
0.004985459260626804,-3.130189568798205e-06,-0.002144297614076513,-2.144297614076513,-0.4561755617731017,-0.009378455846130064,0.009378455846130063,0.009378455846130063,-2.144297614076513
0.0049874592606268045,-3.106860696638908e-06,-0.0021344684333301214,-2.134468433330121,-0.39357138553155024,-0.009671650265547616,0.009671650265547616,0.009671650265547616,-2.134468433330121
0.004989459260626805,-3.082966666853612e-06,-0.0021243466571152516,-2.124346657115252,-0.3309050598058167,-0.009963564429496865,0.009963564429496863,0.009963564429496863,-2.124346657115252
0.004991459260626805,-3.0585107011420807e-06,-0.002113929078662458,-2.113929078662458,-0.26818648033513126,-0.010254125546262927,0.010254125546262927,0.010254125546262927,-2.113929078662458
0.004993459260626805,-3.0334961739163175e-06,-0.002103212389182833,-2.1032123891828327,-0.20542555111033778,-0.010543260211513862,0.01054326021151386,0.01054326021151386,-2.1032123891828327
0.0049954592606268056,-3.007926613741842e-06,-0.0020921931746782194,-2.0921931746782194,-0.1426321828096022,-0.010830894399270097,0.010830894399270097,0.010830894399270097,-2.0921931746782194
0.004997459260626806,-2.9818057048028377e-06,-0.0020808679126445373,-2.0808679126445373,-0.07981629123379173,-0.01111695345228192,0.011116953452281919,0.011116953452281919,-2.0808679126445373
0.004999459260626806,-2.9551372883975486e-06,-0.00206923296867037,-2.0692329686703697,-0.01698779574031792,-0.01140136207183362,0.01140136207183362,0.01140136207183362,-2.0692329686703697
0.005,-2.947833422779395e-06,-0.0020659989311269614,-2.0659989311269618,-6.123233995736766e-15,-0.011477771839594197,0.011477771839594197,0.011477771839594197,-2.0659989311269618
